MACHINE_ID,DURATION,TARGET_DURATION,SHOT_TIME,VOLUME,VENDOR_NAME,SENSOR_CODE,PRODUCT_NAME,TYPE,STATUS,SENSOR_ID,TOOL_ID,VENDOR_ID,PRODUCT_ID,UPLOAD_TIME,PROCESSING_DATE
MX-9201,36.1,35.0,2026-06-15 06:00:00,1,ACME PRECISION,CNT-99100,Turbo Housing Shell,Injection Molding,active,99100,5200,900,10,2026-06-15 07:00:00,2026-06-15
MX-9201,35.9,35.0,2026-06-15 06:20:00,1,ACME PRECISION,CNT-99100,Turbo Housing Shell,Injection Molding,active,99100,5200,900,10,2026-06-15 07:20:00,2026-06-15
MX-9201,36.2,35.0,2026-06-15 06:40:00,1,ACME PRECISION,CNT-99100,Turbo Housing Shell,Injection Molding,active,99100,5200,900,10,2026-06-15 07:40:00,2026-06-15
MX-9201,40.1,35.0,2026-06-15 07:00:00,1,ACME PRECISION,CNT-99100,Turbo Housing Shell,Injection Molding,active,99100,5200,900,10,2026-06-15 08:00:00,2026-06-15
MX-9201,36.1,35.0,2026-06-15 07:20:00,1,ACME PRECISION,CNT-99100,Turbo Housing Shell,Injection Molding,active,99100,5200,900,10,2026-06-15 08:20:00,2026-06-15
MX-9201,29.6,35.0,2026-06-15 07:40:00,1,ACME PRECISION,CNT-99100,Turbo Housing Shell,Injection Molding,active,99100,5200,900,10,2026-06-15 08:40:00,2026-06-15
MX-9201,38.3,35.0,2026-06-15 08:00:00,1,ACME PRECISION,CNT-99100,Turbo Housing Shell,Injection Molding,active,99100,5200,900,10,2026-06-15 09:00:00,2026-06-15
MX-9201,35.5,35.0,2026-06-15 08:20:00,1,ACME PRECISION,CNT-99100,Turbo Housing Shell,Injection Molding,active,99100,5200,900,10,2026-06-15 09:20:00,2026-06-15
MX-9201,35.7,35.0,2026-06-15 08:40:00,1,ACME PRECISION,CNT-99100,Turbo Housing Shell,Injection Molding,active,99100,5200,900,10,2026-06-15 09:40:00,2026-06-15
MX-9201,37.3,35.0,2026-06-15 09:00:00,1,ACME PRECISION,CNT-99100,Turbo Housing Shell,Injection Molding,active,99100,5200,900,10,2026-06-15 10:00:00,2026-06-15
MX-9201,37.9,35.0,2026-06-15 09:20:00,1,ACME PRECISION,CNT-99100,Turbo Housing Shell,Injection Molding,active,99100,5200,900,10,2026-06-15 10:20:00,2026-06-15
MX-9201,42.3,35.0,2026-06-15 09:40:00,1,ACME PRECISION,CNT-99100,Turbo Housing Shell,Injection Molding,active,99100,5200,900,10,2026-06-15 10:40:00,2026-06-15
MX-9201,39.9,35.0,2026-06-15 10:00:00,1,ACME PRECISION,CNT-99100,Turbo Housing Shell,Injection Molding,active,99100,5200,900,10,2026-06-15 11:00:00,2026-06-15
MX-9201,37.3,35.0,2026-06-15 10:20:00,1,ACME PRECISION,CNT-99100,Turbo Housing Shell,Injection Molding,active,99100,5200,900,10,2026-06-15 11:20:00,2026-06-15
MX-9201,33.2,35.0,2026-06-15 10:40:00,1,ACME PRECISION,CNT-99100,Turbo Housing Shell,Injection Molding,active,99100,5200,900,10,2026-06-15 11:40:00,2026-06-15
MX-9201,31.9,35.0,2026-06-15 11:00:00,1,ACME PRECISION,CNT-99100,Turbo Housing Shell,Injection Molding,active,99100,5200,900,10,2026-06-15 12:00:00,2026-06-15
MX-9201,37.9,35.0,2026-06-15 11:20:00,1,ACME PRECISION,CNT-99100,Turbo Housing Shell,Injection Molding,active,99100,5200,900,10,2026-06-15 12:20:00,2026-06-15
MX-9201,43.0,35.0,2026-06-15 11:40:00,1,ACME PRECISION,CNT-99100,Turbo Housing Shell,Injection Molding,active,99100,5200,900,10,2026-06-15 12:40:00,2026-06-15
MX-9201,36.9,35.0,2026-06-15 12:00:00,1,ACME PRECISION,CNT-99100,Turbo Housing Shell,Injection Molding,active,99100,5200,900,10,2026-06-15 13:00:00,2026-06-15
MX-9201,36.2,35.0,2026-06-15 12:20:00,1,ACME PRECISION,CNT-99100,Turbo Housing Shell,Injection Molding,active,99100,5200,900,10,2026-06-15 13:20:00,2026-06-15
MX-9201,39.3,35.0,2026-06-15 12:40:00,1,ACME PRECISION,CNT-99100,Turbo Housing Shell,Injection Molding,active,99100,5200,900,10,2026-06-15 13:40:00,2026-06-15
MX-9201,29.8,35.0,2026-06-15 13:00:00,1,ACME PRECISION,CNT-99100,Turbo Housing Shell,Injection Molding,active,99100,5200,900,10,2026-06-15 14:00:00,2026-06-15
MX-9201,35.3,35.0,2026-06-15 13:20:00,1,ACME PRECISION,CNT-99100,Turbo Housing Shell,Injection Molding,active,99100,5200,900,10,2026-06-15 14:20:00,2026-06-15
MX-9201,39.1,35.0,2026-06-15 13:40:00,1,ACME PRECISION,CNT-99100,Turbo Housing Shell,Injection Molding,active,99100,5200,900,10,2026-06-15 14:40:00,2026-06-15
MX-9201,40.9,35.0,2026-06-15 14:00:00,1,ACME PRECISION,CNT-99100,Turbo Housing Shell,Injection Molding,active,99100,5200,900,10,2026-06-15 15:00:00,2026-06-15
MX-9201,35.6,35.0,2026-06-15 14:20:00,1,ACME PRECISION,CNT-99100,Turbo Housing Shell,Injection Molding,active,99100,5200,900,10,2026-06-15 15:20:00,2026-06-15
MX-9201,38.5,35.0,2026-06-15 14:40:00,1,ACME PRECISION,CNT-99100,Turbo Housing Shell,Injection Molding,active,99100,5200,900,10,2026-06-15 15:40:00,2026-06-15
MX-9201,37.9,35.0,2026-06-15 15:00:00,1,ACME PRECISION,CNT-99100,Turbo Housing Shell,Injection Molding,active,99100,5200,900,10,2026-06-15 16:00:00,2026-06-15
MX-9201,40.5,35.0,2026-06-15 15:20:00,1,ACME PRECISION,CNT-99100,Turbo Housing Shell,Injection Molding,active,99100,5200,900,10,2026-06-15 16:20:00,2026-06-15
MX-9201,31.4,35.0,2026-06-15 15:40:00,1,ACME PRECISION,CNT-99100,Turbo Housing Shell,Injection Molding,active,99100,5200,900,10,2026-06-15 16:40:00,2026-06-15
MX-9201,39.5,35.0,2026-06-15 16:00:00,1,ACME PRECISION,CNT-99100,Turbo Housing Shell,Injection Molding,active,99100,5200,900,10,2026-06-15 17:00:00,2026-06-15
MX-9201,29.5,35.0,2026-06-15 16:20:00,1,ACME PRECISION,CNT-99100,Turbo Housing Shell,Injection Molding,active,99100,5200,900,10,2026-06-15 17:20:00,2026-06-15
MX-9201,24.2,35.0,2026-06-15 16:40:00,1,ACME PRECISION,CNT-99100,Turbo Housing Shell,Injection Molding,active,99100,5200,900,10,2026-06-15 17:40:00,2026-06-15
MX-9201,33.9,35.0,2026-06-15 17:00:00,1,ACME PRECISION,CNT-99100,Turbo Housing Shell,Injection Molding,active,99100,5200,900,10,2026-06-15 18:00:00,2026-06-15
MX-9201,32.4,35.0,2026-06-15 17:20:00,1,ACME PRECISION,CNT-99100,Turbo Housing Shell,Injection Molding,active,99100,5200,900,10,2026-06-15 18:20:00,2026-06-15
MX-9201,40.9,35.0,2026-06-15 17:40:00,1,ACME PRECISION,CNT-99100,Turbo Housing Shell,Injection Molding,active,99100,5200,900,10,2026-06-15 18:40:00,2026-06-15
MX-9201,39.9,35.0,2026-06-15 18:00:00,1,ACME PRECISION,CNT-99100,Turbo Housing Shell,Injection Molding,active,99100,5200,900,10,2026-06-15 19:00:00,2026-06-15
MX-9201,30.9,35.0,2026-06-15 18:20:00,1,ACME PRECISION,CNT-99100,Turbo Housing Shell,Injection Molding,active,99100,5200,900,10,2026-06-15 19:20:00,2026-06-15
MX-9201,40.8,35.0,2026-06-15 18:40:00,1,ACME PRECISION,CNT-99100,Turbo Housing Shell,Injection Molding,active,99100,5200,900,10,2026-06-15 19:40:00,2026-06-15
MX-9201,32.0,35.0,2026-06-15 19:00:00,1,ACME PRECISION,CNT-99100,Turbo Housing Shell,Injection Molding,active,99100,5200,900,10,2026-06-15 20:00:00,2026-06-15
MX-9201,36.3,35.0,2026-06-15 19:20:00,1,ACME PRECISION,CNT-99100,Turbo Housing Shell,Injection Molding,active,99100,5200,900,10,2026-06-15 20:20:00,2026-06-15
MX-9201,35.3,35.0,2026-06-15 19:40:00,1,ACME PRECISION,CNT-99100,Turbo Housing Shell,Injection Molding,active,99100,5200,900,10,2026-06-15 20:40:00,2026-06-15
MX-9201,37.3,35.0,2026-06-15 20:00:00,1,ACME PRECISION,CNT-99100,Turbo Housing Shell,Injection Molding,active,99100,5200,900,10,2026-06-15 21:00:00,2026-06-15
MX-9201,40.7,35.0,2026-06-15 20:20:00,1,ACME PRECISION,CNT-99100,Turbo Housing Shell,Injection Molding,active,99100,5200,900,10,2026-06-15 21:20:00,2026-06-15
MX-9201,39.8,35.0,2026-06-15 20:40:00,1,ACME PRECISION,CNT-99100,Turbo Housing Shell,Injection Molding,active,99100,5200,900,10,2026-06-15 21:40:00,2026-06-15
MX-9201,38.4,35.0,2026-06-15 21:00:00,1,ACME PRECISION,CNT-99100,Turbo Housing Shell,Injection Molding,active,99100,5200,900,10,2026-06-15 22:00:00,2026-06-15
MX-9201,39.9,35.0,2026-06-15 21:20:00,1,ACME PRECISION,CNT-99100,Turbo Housing Shell,Injection Molding,active,99100,5200,900,10,2026-06-15 22:20:00,2026-06-15
MX-9201,39.0,35.0,2026-06-15 21:40:00,1,ACME PRECISION,CNT-99100,Turbo Housing Shell,Injection Molding,active,99100,5200,900,10,2026-06-15 22:40:00,2026-06-15
MX-9201,33.8,35.0,2026-06-15 22:00:00,1,ACME PRECISION,CNT-99100,Turbo Housing Shell,Injection Molding,active,99100,5200,900,10,2026-06-15 23:00:00,2026-06-15
MX-9201,33.3,35.0,2026-06-15 22:20:00,1,ACME PRECISION,CNT-99100,Turbo Housing Shell,Injection Molding,active,99100,5200,900,10,2026-06-15 23:20:00,2026-06-15
MX-9201,34.5,35.0,2026-06-15 22:40:00,1,ACME PRECISION,CNT-99100,Turbo Housing Shell,Injection Molding,active,99100,5200,900,10,2026-06-15 23:40:00,2026-06-15
MX-9201,39.1,35.0,2026-06-15 23:00:00,1,ACME PRECISION,CNT-99100,Turbo Housing Shell,Injection Molding,active,99100,5200,900,10,2026-06-16 00:00:00,2026-06-15
MX-9201,35.6,35.0,2026-06-15 23:20:00,1,ACME PRECISION,CNT-99100,Turbo Housing Shell,Injection Molding,active,99100,5200,900,10,2026-06-16 00:20:00,2026-06-15
MX-9201,47.9,35.0,2026-06-15 23:40:00,1,ACME PRECISION,CNT-99100,Turbo Housing Shell,Injection Molding,active,99100,5200,900,10,2026-06-16 00:40:00,2026-06-15
MX-9201,32.8,35.0,2026-06-16 00:00:00,1,ACME PRECISION,CNT-99100,Turbo Housing Shell,Injection Molding,active,99100,5200,900,10,2026-06-16 01:00:00,2026-06-16
MX-9201,31.5,35.0,2026-06-16 00:20:00,1,ACME PRECISION,CNT-99100,Turbo Housing Shell,Injection Molding,active,99100,5200,900,10,2026-06-16 01:20:00,2026-06-16
MX-9201,40.4,35.0,2026-06-16 00:40:00,1,ACME PRECISION,CNT-99100,Turbo Housing Shell,Injection Molding,active,99100,5200,900,10,2026-06-16 01:40:00,2026-06-16
MX-9201,43.5,35.0,2026-06-16 01:00:00,1,ACME PRECISION,CNT-99100,Turbo Housing Shell,Injection Molding,active,99100,5200,900,10,2026-06-16 02:00:00,2026-06-16
MX-9201,39.2,35.0,2026-06-16 01:20:00,1,ACME PRECISION,CNT-99100,Turbo Housing Shell,Injection Molding,active,99100,5200,900,10,2026-06-16 02:20:00,2026-06-16
MX-9201,40.7,35.0,2026-06-16 01:40:00,1,ACME PRECISION,CNT-99100,Turbo Housing Shell,Injection Molding,active,99100,5200,900,10,2026-06-16 02:40:00,2026-06-16
MX-9201,43.6,35.0,2026-06-16 02:00:00,1,ACME PRECISION,CNT-99100,Turbo Housing Shell,Injection Molding,active,99100,5200,900,10,2026-06-16 03:00:00,2026-06-16
MX-9201,36.3,35.0,2026-06-16 02:20:00,1,ACME PRECISION,CNT-99100,Turbo Housing Shell,Injection Molding,active,99100,5200,900,10,2026-06-16 03:20:00,2026-06-16
MX-9201,30.0,35.0,2026-06-16 02:40:00,1,ACME PRECISION,CNT-99100,Turbo Housing Shell,Injection Molding,active,99100,5200,900,10,2026-06-16 03:40:00,2026-06-16
MX-9201,34.2,35.0,2026-06-16 03:00:00,1,ACME PRECISION,CNT-99100,Turbo Housing Shell,Injection Molding,active,99100,5200,900,10,2026-06-16 04:00:00,2026-06-16
MX-9201,41.3,35.0,2026-06-16 03:20:00,1,ACME PRECISION,CNT-99100,Turbo Housing Shell,Injection Molding,active,99100,5200,900,10,2026-06-16 04:20:00,2026-06-16
MX-9201,29.9,35.0,2026-06-16 03:40:00,1,ACME PRECISION,CNT-99100,Turbo Housing Shell,Injection Molding,active,99100,5200,900,10,2026-06-16 04:40:00,2026-06-16
MX-9201,36.9,35.0,2026-06-16 04:00:00,1,ACME PRECISION,CNT-99100,Turbo Housing Shell,Injection Molding,active,99100,5200,900,10,2026-06-16 05:00:00,2026-06-16
MX-9201,38.0,35.0,2026-06-16 04:20:00,1,ACME PRECISION,CNT-99100,Turbo Housing Shell,Injection Molding,active,99100,5200,900,10,2026-06-16 05:20:00,2026-06-16
MX-9201,35.2,35.0,2026-06-16 04:40:00,1,ACME PRECISION,CNT-99100,Turbo Housing Shell,Injection Molding,active,99100,5200,900,10,2026-06-16 05:40:00,2026-06-16
MX-9201,40.2,35.0,2026-06-16 05:00:00,1,ACME PRECISION,CNT-99100,Turbo Housing Shell,Injection Molding,active,99100,5200,900,10,2026-06-16 06:00:00,2026-06-16
MX-9201,39.5,35.0,2026-06-16 05:20:00,1,ACME PRECISION,CNT-99100,Turbo Housing Shell,Injection Molding,active,99100,5200,900,10,2026-06-16 06:20:00,2026-06-16
MX-9201,47.8,35.0,2026-06-16 05:40:00,1,ACME PRECISION,CNT-99100,Turbo Housing Shell,Injection Molding,active,99100,5200,900,10,2026-06-16 06:40:00,2026-06-16
MX-9201,39.7,35.0,2026-06-16 06:00:00,1,ACME PRECISION,CNT-99100,Turbo Housing Shell,Injection Molding,active,99100,5200,900,10,2026-06-16 07:00:00,2026-06-16
MX-9201,33.8,35.0,2026-06-16 06:20:00,1,ACME PRECISION,CNT-99100,Turbo Housing Shell,Injection Molding,active,99100,5200,900,10,2026-06-16 07:20:00,2026-06-16
MX-9201,34.1,35.0,2026-06-16 06:40:00,1,ACME PRECISION,CNT-99100,Turbo Housing Shell,Injection Molding,active,99100,5200,900,10,2026-06-16 07:40:00,2026-06-16
MX-9201,32.8,35.0,2026-06-16 07:00:00,1,ACME PRECISION,CNT-99100,Turbo Housing Shell,Injection Molding,active,99100,5200,900,10,2026-06-16 08:00:00,2026-06-16
MX-9201,41.3,35.0,2026-06-16 07:20:00,1,ACME PRECISION,CNT-99100,Turbo Housing Shell,Injection Molding,active,99100,5200,900,10,2026-06-16 08:20:00,2026-06-16
MX-9201,34.0,35.0,2026-06-16 07:40:00,1,ACME PRECISION,CNT-99100,Turbo Housing Shell,Injection Molding,active,99100,5200,900,10,2026-06-16 08:40:00,2026-06-16
MX-9201,36.4,35.0,2026-06-16 08:00:00,1,ACME PRECISION,CNT-99100,Turbo Housing Shell,Injection Molding,active,99100,5200,900,10,2026-06-16 09:00:00,2026-06-16
MX-9201,40.3,35.0,2026-06-16 08:20:00,1,ACME PRECISION,CNT-99100,Turbo Housing Shell,Injection Molding,active,99100,5200,900,10,2026-06-16 09:20:00,2026-06-16
MX-9201,33.3,35.0,2026-06-16 08:40:00,1,ACME PRECISION,CNT-99100,Turbo Housing Shell,Injection Molding,active,99100,5200,900,10,2026-06-16 09:40:00,2026-06-16
MX-9201,35.3,35.0,2026-06-16 09:00:00,1,ACME PRECISION,CNT-99100,Turbo Housing Shell,Injection Molding,active,99100,5200,900,10,2026-06-16 10:00:00,2026-06-16
MX-9201,28.0,35.0,2026-06-16 09:20:00,1,ACME PRECISION,CNT-99100,Turbo Housing Shell,Injection Molding,active,99100,5200,900,10,2026-06-16 10:20:00,2026-06-16
MX-9201,31.6,35.0,2026-06-16 09:40:00,1,ACME PRECISION,CNT-99100,Turbo Housing Shell,Injection Molding,active,99100,5200,900,10,2026-06-16 10:40:00,2026-06-16
MX-9201,34.0,35.0,2026-06-16 10:00:00,1,ACME PRECISION,CNT-99100,Turbo Housing Shell,Injection Molding,active,99100,5200,900,10,2026-06-16 11:00:00,2026-06-16
MX-9201,38.7,35.0,2026-06-16 10:20:00,1,ACME PRECISION,CNT-99100,Turbo Housing Shell,Injection Molding,active,99100,5200,900,10,2026-06-16 11:20:00,2026-06-16
MX-9201,42.5,35.0,2026-06-16 10:40:00,1,ACME PRECISION,CNT-99100,Turbo Housing Shell,Injection Molding,active,99100,5200,900,10,2026-06-16 11:40:00,2026-06-16
MX-9201,36.7,35.0,2026-06-16 11:00:00,1,ACME PRECISION,CNT-99100,Turbo Housing Shell,Injection Molding,active,99100,5200,900,10,2026-06-16 12:00:00,2026-06-16
MX-9201,38.0,35.0,2026-06-16 11:20:00,1,ACME PRECISION,CNT-99100,Turbo Housing Shell,Injection Molding,active,99100,5200,900,10,2026-06-16 12:20:00,2026-06-16
MX-9201,37.6,35.0,2026-06-16 11:40:00,1,ACME PRECISION,CNT-99100,Turbo Housing Shell,Injection Molding,active,99100,5200,900,10,2026-06-16 12:40:00,2026-06-16
MX-9201,41.9,35.0,2026-06-16 12:00:00,1,ACME PRECISION,CNT-99100,Turbo Housing Shell,Injection Molding,active,99100,5200,900,10,2026-06-16 13:00:00,2026-06-16
MX-9201,41.0,35.0,2026-06-16 12:20:00,1,ACME PRECISION,CNT-99100,Turbo Housing Shell,Injection Molding,active,99100,5200,900,10,2026-06-16 13:20:00,2026-06-16
MX-9201,38.1,35.0,2026-06-16 12:40:00,1,ACME PRECISION,CNT-99100,Turbo Housing Shell,Injection Molding,active,99100,5200,900,10,2026-06-16 13:40:00,2026-06-16
MX-9201,31.9,35.0,2026-06-16 13:00:00,1,ACME PRECISION,CNT-99100,Turbo Housing Shell,Injection Molding,active,99100,5200,900,10,2026-06-16 14:00:00,2026-06-16
MX-9201,41.1,35.0,2026-06-16 13:20:00,1,ACME PRECISION,CNT-99100,Turbo Housing Shell,Injection Molding,active,99100,5200,900,10,2026-06-16 14:20:00,2026-06-16
MX-9201,38.6,35.0,2026-06-16 13:40:00,1,ACME PRECISION,CNT-99100,Turbo Housing Shell,Injection Molding,active,99100,5200,900,10,2026-06-16 14:40:00,2026-06-16
MX-9201,42.6,35.0,2026-06-16 14:00:00,1,ACME PRECISION,CNT-99100,Turbo Housing Shell,Injection Molding,active,99100,5200,900,10,2026-06-16 15:00:00,2026-06-16
MX-9201,36.6,35.0,2026-06-16 14:20:00,1,ACME PRECISION,CNT-99100,Turbo Housing Shell,Injection Molding,active,99100,5200,900,10,2026-06-16 15:20:00,2026-06-16
MX-9201,46.1,35.0,2026-06-16 14:40:00,1,ACME PRECISION,CNT-99100,Turbo Housing Shell,Injection Molding,active,99100,5200,900,10,2026-06-16 15:40:00,2026-06-16
MX-9201,35.0,35.0,2026-06-16 15:00:00,1,ACME PRECISION,CNT-99100,Turbo Housing Shell,Injection Molding,active,99100,5200,900,10,2026-06-16 16:00:00,2026-06-16
MX-9201,44.4,35.0,2026-06-16 15:20:00,1,ACME PRECISION,CNT-99100,Turbo Housing Shell,Injection Molding,active,99100,5200,900,10,2026-06-16 16:20:00,2026-06-16
MX-9201,37.3,35.0,2026-06-16 15:40:00,1,ACME PRECISION,CNT-99100,Turbo Housing Shell,Injection Molding,active,99100,5200,900,10,2026-06-16 16:40:00,2026-06-16
MX-9201,34.3,35.0,2026-06-16 16:00:00,1,ACME PRECISION,CNT-99100,Turbo Housing Shell,Injection Molding,active,99100,5200,900,10,2026-06-16 17:00:00,2026-06-16
MX-9201,31.4,35.0,2026-06-16 16:20:00,1,ACME PRECISION,CNT-99100,Turbo Housing Shell,Injection Molding,active,99100,5200,900,10,2026-06-16 17:20:00,2026-06-16
MX-9201,36.0,35.0,2026-06-16 16:40:00,1,ACME PRECISION,CNT-99100,Turbo Housing Shell,Injection Molding,active,99100,5200,900,10,2026-06-16 17:40:00,2026-06-16
MX-9201,43.5,35.0,2026-06-16 17:00:00,1,ACME PRECISION,CNT-99100,Turbo Housing Shell,Injection Molding,active,99100,5200,900,10,2026-06-16 18:00:00,2026-06-16
MX-9201,40.7,35.0,2026-06-16 17:20:00,1,ACME PRECISION,CNT-99100,Turbo Housing Shell,Injection Molding,active,99100,5200,900,10,2026-06-16 18:20:00,2026-06-16
MX-9201,40.0,35.0,2026-06-16 17:40:00,1,ACME PRECISION,CNT-99100,Turbo Housing Shell,Injection Molding,active,99100,5200,900,10,2026-06-16 18:40:00,2026-06-16
MX-9201,25.4,35.0,2026-06-16 18:00:00,1,ACME PRECISION,CNT-99100,Turbo Housing Shell,Injection Molding,active,99100,5200,900,10,2026-06-16 19:00:00,2026-06-16
MX-9201,40.1,35.0,2026-06-16 18:20:00,1,ACME PRECISION,CNT-99100,Turbo Housing Shell,Injection Molding,active,99100,5200,900,10,2026-06-16 19:20:00,2026-06-16
MX-9201,39.4,35.0,2026-06-16 18:40:00,1,ACME PRECISION,CNT-99100,Turbo Housing Shell,Injection Molding,active,99100,5200,900,10,2026-06-16 19:40:00,2026-06-16
MX-9201,34.1,35.0,2026-06-16 19:00:00,1,ACME PRECISION,CNT-99100,Turbo Housing Shell,Injection Molding,active,99100,5200,900,10,2026-06-16 20:00:00,2026-06-16
MX-9201,33.8,35.0,2026-06-16 19:20:00,1,ACME PRECISION,CNT-99100,Turbo Housing Shell,Injection Molding,active,99100,5200,900,10,2026-06-16 20:20:00,2026-06-16
MX-9201,36.7,35.0,2026-06-16 19:40:00,1,ACME PRECISION,CNT-99100,Turbo Housing Shell,Injection Molding,active,99100,5200,900,10,2026-06-16 20:40:00,2026-06-16
MX-9201,45.0,35.0,2026-06-16 20:00:00,1,ACME PRECISION,CNT-99100,Turbo Housing Shell,Injection Molding,active,99100,5200,900,10,2026-06-16 21:00:00,2026-06-16
MX-9201,31.7,35.0,2026-06-16 20:20:00,1,ACME PRECISION,CNT-99100,Turbo Housing Shell,Injection Molding,active,99100,5200,900,10,2026-06-16 21:20:00,2026-06-16
MX-9201,34.7,35.0,2026-06-16 20:40:00,1,ACME PRECISION,CNT-99100,Turbo Housing Shell,Injection Molding,active,99100,5200,900,10,2026-06-16 21:40:00,2026-06-16
MX-9201,43.3,35.0,2026-06-16 21:00:00,1,ACME PRECISION,CNT-99100,Turbo Housing Shell,Injection Molding,active,99100,5200,900,10,2026-06-16 22:00:00,2026-06-16
MX-9201,34.6,35.0,2026-06-16 21:20:00,1,ACME PRECISION,CNT-99100,Turbo Housing Shell,Injection Molding,active,99100,5200,900,10,2026-06-16 22:20:00,2026-06-16
MX-9201,35.0,35.0,2026-06-16 21:40:00,1,ACME PRECISION,CNT-99100,Turbo Housing Shell,Injection Molding,active,99100,5200,900,10,2026-06-16 22:40:00,2026-06-16
MX-9201,37.2,35.0,2026-06-16 22:00:00,1,ACME PRECISION,CNT-99100,Turbo Housing Shell,Injection Molding,active,99100,5200,900,10,2026-06-16 23:00:00,2026-06-16
MX-9201,30.8,35.0,2026-06-16 22:20:00,1,ACME PRECISION,CNT-99100,Turbo Housing Shell,Injection Molding,active,99100,5200,900,10,2026-06-16 23:20:00,2026-06-16
MX-9201,37.8,35.0,2026-06-16 22:40:00,1,ACME PRECISION,CNT-99100,Turbo Housing Shell,Injection Molding,active,99100,5200,900,10,2026-06-16 23:40:00,2026-06-16
MX-9201,31.0,35.0,2026-06-16 23:00:00,1,ACME PRECISION,CNT-99100,Turbo Housing Shell,Injection Molding,active,99100,5200,900,10,2026-06-17 00:00:00,2026-06-16
MX-9201,41.0,35.0,2026-06-16 23:20:00,1,ACME PRECISION,CNT-99100,Turbo Housing Shell,Injection Molding,active,99100,5200,900,10,2026-06-17 00:20:00,2026-06-16
MX-9201,36.8,35.0,2026-06-16 23:40:00,1,ACME PRECISION,CNT-99100,Turbo Housing Shell,Injection Molding,active,99100,5200,900,10,2026-06-17 00:40:00,2026-06-16
MX-9201,47.7,35.0,2026-06-17 00:00:00,1,ACME PRECISION,CNT-99100,Turbo Housing Shell,Injection Molding,active,99100,5200,900,10,2026-06-17 01:00:00,2026-06-17
MX-9201,38.1,35.0,2026-06-17 00:20:00,1,ACME PRECISION,CNT-99100,Turbo Housing Shell,Injection Molding,active,99100,5200,900,10,2026-06-17 01:20:00,2026-06-17
MX-9201,43.3,35.0,2026-06-17 00:40:00,1,ACME PRECISION,CNT-99100,Turbo Housing Shell,Injection Molding,active,99100,5200,900,10,2026-06-17 01:40:00,2026-06-17
MX-9201,30.5,35.0,2026-06-17 01:00:00,1,ACME PRECISION,CNT-99100,Turbo Housing Shell,Injection Molding,active,99100,5200,900,10,2026-06-17 02:00:00,2026-06-17
MX-9201,36.2,35.0,2026-06-17 01:20:00,1,ACME PRECISION,CNT-99100,Turbo Housing Shell,Injection Molding,active,99100,5200,900,10,2026-06-17 02:20:00,2026-06-17
MX-9201,38.3,35.0,2026-06-17 01:40:00,1,ACME PRECISION,CNT-99100,Turbo Housing Shell,Injection Molding,active,99100,5200,900,10,2026-06-17 02:40:00,2026-06-17
MX-9201,45.1,35.0,2026-06-17 02:00:00,1,ACME PRECISION,CNT-99100,Turbo Housing Shell,Injection Molding,active,99100,5200,900,10,2026-06-17 03:00:00,2026-06-17
MX-9201,28.7,35.0,2026-06-17 02:20:00,1,ACME PRECISION,CNT-99100,Turbo Housing Shell,Injection Molding,active,99100,5200,900,10,2026-06-17 03:20:00,2026-06-17
MX-9201,41.5,35.0,2026-06-17 02:40:00,1,ACME PRECISION,CNT-99100,Turbo Housing Shell,Injection Molding,active,99100,5200,900,10,2026-06-17 03:40:00,2026-06-17
MX-9201,39.6,35.0,2026-06-17 03:00:00,1,ACME PRECISION,CNT-99100,Turbo Housing Shell,Injection Molding,active,99100,5200,900,10,2026-06-17 04:00:00,2026-06-17
MX-9201,44.1,35.0,2026-06-17 03:20:00,1,ACME PRECISION,CNT-99100,Turbo Housing Shell,Injection Molding,active,99100,5200,900,10,2026-06-17 04:20:00,2026-06-17
MX-9201,40.2,35.0,2026-06-17 03:40:00,1,ACME PRECISION,CNT-99100,Turbo Housing Shell,Injection Molding,active,99100,5200,900,10,2026-06-17 04:40:00,2026-06-17
MX-9201,37.0,35.0,2026-06-17 04:00:00,1,ACME PRECISION,CNT-99100,Turbo Housing Shell,Injection Molding,active,99100,5200,900,10,2026-06-17 05:00:00,2026-06-17
MX-9201,34.3,35.0,2026-06-17 04:20:00,1,ACME PRECISION,CNT-99100,Turbo Housing Shell,Injection Molding,active,99100,5200,900,10,2026-06-17 05:20:00,2026-06-17
MX-9201,30.8,35.0,2026-06-17 04:40:00,1,ACME PRECISION,CNT-99100,Turbo Housing Shell,Injection Molding,active,99100,5200,900,10,2026-06-17 05:40:00,2026-06-17
MX-9201,37.7,35.0,2026-06-17 05:00:00,1,ACME PRECISION,CNT-99100,Turbo Housing Shell,Injection Molding,active,99100,5200,900,10,2026-06-17 06:00:00,2026-06-17
MX-9201,35.8,35.0,2026-06-17 05:20:00,1,ACME PRECISION,CNT-99100,Turbo Housing Shell,Injection Molding,active,99100,5200,900,10,2026-06-17 06:20:00,2026-06-17
MX-9201,46.4,35.0,2026-06-17 05:40:00,1,ACME PRECISION,CNT-99100,Turbo Housing Shell,Injection Molding,active,99100,5200,900,10,2026-06-17 06:40:00,2026-06-17
MX-9201,33.8,35.0,2026-06-17 06:00:00,1,ACME PRECISION,CNT-99100,Turbo Housing Shell,Injection Molding,active,99100,5200,900,10,2026-06-17 07:00:00,2026-06-17
MX-9201,38.3,35.0,2026-06-17 06:20:00,1,ACME PRECISION,CNT-99100,Turbo Housing Shell,Injection Molding,active,99100,5200,900,10,2026-06-17 07:20:00,2026-06-17
MX-9201,29.3,35.0,2026-06-17 06:40:00,1,ACME PRECISION,CNT-99100,Turbo Housing Shell,Injection Molding,active,99100,5200,900,10,2026-06-17 07:40:00,2026-06-17
MX-9201,34.9,35.0,2026-06-17 07:00:00,1,ACME PRECISION,CNT-99100,Turbo Housing Shell,Injection Molding,active,99100,5200,900,10,2026-06-17 08:00:00,2026-06-17
MX-9201,38.0,35.0,2026-06-17 07:20:00,1,ACME PRECISION,CNT-99100,Turbo Housing Shell,Injection Molding,active,99100,5200,900,10,2026-06-17 08:20:00,2026-06-17
MX-9201,40.7,35.0,2026-06-17 07:40:00,1,ACME PRECISION,CNT-99100,Turbo Housing Shell,Injection Molding,active,99100,5200,900,10,2026-06-17 08:40:00,2026-06-17
MX-9201,43.7,35.0,2026-06-17 08:00:00,1,ACME PRECISION,CNT-99100,Turbo Housing Shell,Injection Molding,active,99100,5200,900,10,2026-06-17 09:00:00,2026-06-17
MX-9201,36.5,35.0,2026-06-17 08:20:00,1,ACME PRECISION,CNT-99100,Turbo Housing Shell,Injection Molding,active,99100,5200,900,10,2026-06-17 09:20:00,2026-06-17
MX-9201,31.4,35.0,2026-06-17 08:40:00,1,ACME PRECISION,CNT-99100,Turbo Housing Shell,Injection Molding,active,99100,5200,900,10,2026-06-17 09:40:00,2026-06-17
MX-9201,38.9,35.0,2026-06-17 09:00:00,1,ACME PRECISION,CNT-99100,Turbo Housing Shell,Injection Molding,active,99100,5200,900,10,2026-06-17 10:00:00,2026-06-17
MX-9201,39.2,35.0,2026-06-17 09:20:00,1,ACME PRECISION,CNT-99100,Turbo Housing Shell,Injection Molding,active,99100,5200,900,10,2026-06-17 10:20:00,2026-06-17
MX-9201,39.1,35.0,2026-06-17 09:40:00,1,ACME PRECISION,CNT-99100,Turbo Housing Shell,Injection Molding,active,99100,5200,900,10,2026-06-17 10:40:00,2026-06-17
MX-9201,33.4,35.0,2026-06-17 10:00:00,1,ACME PRECISION,CNT-99100,Turbo Housing Shell,Injection Molding,active,99100,5200,900,10,2026-06-17 11:00:00,2026-06-17
MX-9201,42.2,35.0,2026-06-17 10:20:00,1,ACME PRECISION,CNT-99100,Turbo Housing Shell,Injection Molding,active,99100,5200,900,10,2026-06-17 11:20:00,2026-06-17
MX-9201,37.2,35.0,2026-06-17 10:40:00,1,ACME PRECISION,CNT-99100,Turbo Housing Shell,Injection Molding,active,99100,5200,900,10,2026-06-17 11:40:00,2026-06-17
MX-9201,40.1,35.0,2026-06-17 11:00:00,1,ACME PRECISION,CNT-99100,Turbo Housing Shell,Injection Molding,active,99100,5200,900,10,2026-06-17 12:00:00,2026-06-17
MX-9201,42.8,35.0,2026-06-17 11:20:00,1,ACME PRECISION,CNT-99100,Turbo Housing Shell,Injection Molding,active,99100,5200,900,10,2026-06-17 12:20:00,2026-06-17
MX-9201,39.7,35.0,2026-06-17 11:40:00,1,ACME PRECISION,CNT-99100,Turbo Housing Shell,Injection Molding,active,99100,5200,900,10,2026-06-17 12:40:00,2026-06-17
MX-9201,38.1,35.0,2026-06-17 12:00:00,1,ACME PRECISION,CNT-99100,Turbo Housing Shell,Injection Molding,active,99100,5200,900,10,2026-06-17 13:00:00,2026-06-17
MX-9201,47.0,35.0,2026-06-17 12:20:00,1,ACME PRECISION,CNT-99100,Turbo Housing Shell,Injection Molding,active,99100,5200,900,10,2026-06-17 13:20:00,2026-06-17
MX-9201,37.9,35.0,2026-06-17 12:40:00,1,ACME PRECISION,CNT-99100,Turbo Housing Shell,Injection Molding,active,99100,5200,900,10,2026-06-17 13:40:00,2026-06-17
MX-9201,35.3,35.0,2026-06-17 13:00:00,1,ACME PRECISION,CNT-99100,Turbo Housing Shell,Injection Molding,active,99100,5200,900,10,2026-06-17 14:00:00,2026-06-17
MX-9201,37.3,35.0,2026-06-17 13:20:00,1,ACME PRECISION,CNT-99100,Turbo Housing Shell,Injection Molding,active,99100,5200,900,10,2026-06-17 14:20:00,2026-06-17
MX-9201,43.8,35.0,2026-06-17 13:40:00,1,ACME PRECISION,CNT-99100,Turbo Housing Shell,Injection Molding,active,99100,5200,900,10,2026-06-17 14:40:00,2026-06-17
MX-9201,37.3,35.0,2026-06-17 14:00:00,1,ACME PRECISION,CNT-99100,Turbo Housing Shell,Injection Molding,active,99100,5200,900,10,2026-06-17 15:00:00,2026-06-17
MX-9201,39.2,35.0,2026-06-17 14:20:00,1,ACME PRECISION,CNT-99100,Turbo Housing Shell,Injection Molding,active,99100,5200,900,10,2026-06-17 15:20:00,2026-06-17
MX-9201,42.5,35.0,2026-06-17 14:40:00,1,ACME PRECISION,CNT-99100,Turbo Housing Shell,Injection Molding,active,99100,5200,900,10,2026-06-17 15:40:00,2026-06-17
MX-9201,34.3,35.0,2026-06-17 15:00:00,1,ACME PRECISION,CNT-99100,Turbo Housing Shell,Injection Molding,active,99100,5200,900,10,2026-06-17 16:00:00,2026-06-17
MX-9201,28.5,35.0,2026-06-17 15:20:00,1,ACME PRECISION,CNT-99100,Turbo Housing Shell,Injection Molding,active,99100,5200,900,10,2026-06-17 16:20:00,2026-06-17
MX-9201,38.2,35.0,2026-06-17 15:40:00,1,ACME PRECISION,CNT-99100,Turbo Housing Shell,Injection Molding,active,99100,5200,900,10,2026-06-17 16:40:00,2026-06-17
MX-9201,37.8,35.0,2026-06-17 16:00:00,1,ACME PRECISION,CNT-99100,Turbo Housing Shell,Injection Molding,active,99100,5200,900,10,2026-06-17 17:00:00,2026-06-17
MX-9201,33.8,35.0,2026-06-17 16:20:00,1,ACME PRECISION,CNT-99100,Turbo Housing Shell,Injection Molding,active,99100,5200,900,10,2026-06-17 17:20:00,2026-06-17
MX-9201,40.9,35.0,2026-06-17 16:40:00,1,ACME PRECISION,CNT-99100,Turbo Housing Shell,Injection Molding,active,99100,5200,900,10,2026-06-17 17:40:00,2026-06-17
MX-9201,39.7,35.0,2026-06-17 17:00:00,1,ACME PRECISION,CNT-99100,Turbo Housing Shell,Injection Molding,active,99100,5200,900,10,2026-06-17 18:00:00,2026-06-17
MX-9201,32.0,35.0,2026-06-17 17:20:00,1,ACME PRECISION,CNT-99100,Turbo Housing Shell,Injection Molding,active,99100,5200,900,10,2026-06-17 18:20:00,2026-06-17
MX-9201,39.2,35.0,2026-06-17 17:40:00,1,ACME PRECISION,CNT-99100,Turbo Housing Shell,Injection Molding,active,99100,5200,900,10,2026-06-17 18:40:00,2026-06-17
MX-9201,35.8,35.0,2026-06-17 18:00:00,1,ACME PRECISION,CNT-99100,Turbo Housing Shell,Injection Molding,active,99100,5200,900,10,2026-06-17 19:00:00,2026-06-17
MX-9201,29.7,35.0,2026-06-17 18:20:00,1,ACME PRECISION,CNT-99100,Turbo Housing Shell,Injection Molding,active,99100,5200,900,10,2026-06-17 19:20:00,2026-06-17
MX-9201,38.9,35.0,2026-06-17 18:40:00,1,ACME PRECISION,CNT-99100,Turbo Housing Shell,Injection Molding,active,99100,5200,900,10,2026-06-17 19:40:00,2026-06-17
MX-9201,36.5,35.0,2026-06-17 19:00:00,1,ACME PRECISION,CNT-99100,Turbo Housing Shell,Injection Molding,active,99100,5200,900,10,2026-06-17 20:00:00,2026-06-17
MX-9201,33.2,35.0,2026-06-17 19:20:00,1,ACME PRECISION,CNT-99100,Turbo Housing Shell,Injection Molding,active,99100,5200,900,10,2026-06-17 20:20:00,2026-06-17
MX-9201,39.2,35.0,2026-06-17 19:40:00,1,ACME PRECISION,CNT-99100,Turbo Housing Shell,Injection Molding,active,99100,5200,900,10,2026-06-17 20:40:00,2026-06-17
MX-9201,39.1,35.0,2026-06-17 20:00:00,1,ACME PRECISION,CNT-99100,Turbo Housing Shell,Injection Molding,active,99100,5200,900,10,2026-06-17 21:00:00,2026-06-17
MX-9201,34.0,35.0,2026-06-17 20:20:00,1,ACME PRECISION,CNT-99100,Turbo Housing Shell,Injection Molding,active,99100,5200,900,10,2026-06-17 21:20:00,2026-06-17
MX-9201,38.7,35.0,2026-06-17 20:40:00,1,ACME PRECISION,CNT-99100,Turbo Housing Shell,Injection Molding,active,99100,5200,900,10,2026-06-17 21:40:00,2026-06-17
MX-9201,41.6,35.0,2026-06-17 21:00:00,1,ACME PRECISION,CNT-99100,Turbo Housing Shell,Injection Molding,active,99100,5200,900,10,2026-06-17 22:00:00,2026-06-17
MX-9201,33.3,35.0,2026-06-17 21:20:00,1,ACME PRECISION,CNT-99100,Turbo Housing Shell,Injection Molding,active,99100,5200,900,10,2026-06-17 22:20:00,2026-06-17
MX-9201,38.6,35.0,2026-06-17 21:40:00,1,ACME PRECISION,CNT-99100,Turbo Housing Shell,Injection Molding,active,99100,5200,900,10,2026-06-17 22:40:00,2026-06-17
MX-9201,36.8,35.0,2026-06-17 22:00:00,1,ACME PRECISION,CNT-99100,Turbo Housing Shell,Injection Molding,active,99100,5200,900,10,2026-06-17 23:00:00,2026-06-17
MX-9201,47.6,35.0,2026-06-17 22:20:00,1,ACME PRECISION,CNT-99100,Turbo Housing Shell,Injection Molding,active,99100,5200,900,10,2026-06-17 23:20:00,2026-06-17
MX-9201,27.9,35.0,2026-06-17 22:40:00,1,ACME PRECISION,CNT-99100,Turbo Housing Shell,Injection Molding,active,99100,5200,900,10,2026-06-17 23:40:00,2026-06-17
MX-9201,40.1,35.0,2026-06-17 23:00:00,1,ACME PRECISION,CNT-99100,Turbo Housing Shell,Injection Molding,active,99100,5200,900,10,2026-06-18 00:00:00,2026-06-17
MX-9201,35.3,35.0,2026-06-17 23:20:00,1,ACME PRECISION,CNT-99100,Turbo Housing Shell,Injection Molding,active,99100,5200,900,10,2026-06-18 00:20:00,2026-06-17
MX-9201,36.3,35.0,2026-06-17 23:40:00,1,ACME PRECISION,CNT-99100,Turbo Housing Shell,Injection Molding,active,99100,5200,900,10,2026-06-18 00:40:00,2026-06-17
MX-9201,45.8,35.0,2026-06-18 00:00:00,1,ACME PRECISION,CNT-99100,Turbo Housing Shell,Injection Molding,active,99100,5200,900,10,2026-06-18 01:00:00,2026-06-18
MX-9201,36.7,35.0,2026-06-18 00:20:00,1,ACME PRECISION,CNT-99100,Turbo Housing Shell,Injection Molding,active,99100,5200,900,10,2026-06-18 01:20:00,2026-06-18
MX-9201,47.5,35.0,2026-06-18 00:40:00,1,ACME PRECISION,CNT-99100,Turbo Housing Shell,Injection Molding,active,99100,5200,900,10,2026-06-18 01:40:00,2026-06-18
MX-9201,34.6,35.0,2026-06-18 01:00:00,1,ACME PRECISION,CNT-99100,Turbo Housing Shell,Injection Molding,active,99100,5200,900,10,2026-06-18 02:00:00,2026-06-18
MX-9201,38.4,35.0,2026-06-18 01:20:00,1,ACME PRECISION,CNT-99100,Turbo Housing Shell,Injection Molding,active,99100,5200,900,10,2026-06-18 02:20:00,2026-06-18
MX-9201,34.4,35.0,2026-06-18 01:40:00,1,ACME PRECISION,CNT-99100,Turbo Housing Shell,Injection Molding,active,99100,5200,900,10,2026-06-18 02:40:00,2026-06-18
MX-9201,33.5,35.0,2026-06-18 02:00:00,1,ACME PRECISION,CNT-99100,Turbo Housing Shell,Injection Molding,active,99100,5200,900,10,2026-06-18 03:00:00,2026-06-18
MX-9201,37.0,35.0,2026-06-18 02:20:00,1,ACME PRECISION,CNT-99100,Turbo Housing Shell,Injection Molding,active,99100,5200,900,10,2026-06-18 03:20:00,2026-06-18
MX-9201,35.4,35.0,2026-06-18 02:40:00,1,ACME PRECISION,CNT-99100,Turbo Housing Shell,Injection Molding,active,99100,5200,900,10,2026-06-18 03:40:00,2026-06-18
MX-9201,37.7,35.0,2026-06-18 03:00:00,1,ACME PRECISION,CNT-99100,Turbo Housing Shell,Injection Molding,active,99100,5200,900,10,2026-06-18 04:00:00,2026-06-18
MX-9201,26.7,35.0,2026-06-18 03:20:00,1,ACME PRECISION,CNT-99100,Turbo Housing Shell,Injection Molding,active,99100,5200,900,10,2026-06-18 04:20:00,2026-06-18
MX-9201,46.3,35.0,2026-06-18 03:40:00,1,ACME PRECISION,CNT-99100,Turbo Housing Shell,Injection Molding,active,99100,5200,900,10,2026-06-18 04:40:00,2026-06-18
MX-9201,36.0,35.0,2026-06-18 04:00:00,1,ACME PRECISION,CNT-99100,Turbo Housing Shell,Injection Molding,active,99100,5200,900,10,2026-06-18 05:00:00,2026-06-18
MX-9201,45.1,35.0,2026-06-18 04:20:00,1,ACME PRECISION,CNT-99100,Turbo Housing Shell,Injection Molding,active,99100,5200,900,10,2026-06-18 05:20:00,2026-06-18
MX-9201,31.9,35.0,2026-06-18 04:40:00,1,ACME PRECISION,CNT-99100,Turbo Housing Shell,Injection Molding,active,99100,5200,900,10,2026-06-18 05:40:00,2026-06-18
MX-9201,38.1,35.0,2026-06-18 05:00:00,1,ACME PRECISION,CNT-99100,Turbo Housing Shell,Injection Molding,active,99100,5200,900,10,2026-06-18 06:00:00,2026-06-18
MX-9201,51.9,35.0,2026-06-18 05:20:00,1,ACME PRECISION,CNT-99100,Turbo Housing Shell,Injection Molding,active,99100,5200,900,10,2026-06-18 06:20:00,2026-06-18
MX-9201,32.6,35.0,2026-06-18 05:40:00,1,ACME PRECISION,CNT-99100,Turbo Housing Shell,Injection Molding,active,99100,5200,900,10,2026-06-18 06:40:00,2026-06-18
MX-9201,29.6,35.0,2026-06-18 06:00:00,1,ACME PRECISION,CNT-99100,Turbo Housing Shell,Injection Molding,active,99100,5200,900,10,2026-06-18 07:00:00,2026-06-18
MX-9201,34.1,35.0,2026-06-18 06:20:00,1,ACME PRECISION,CNT-99100,Turbo Housing Shell,Injection Molding,active,99100,5200,900,10,2026-06-18 07:20:00,2026-06-18
MX-9201,39.0,35.0,2026-06-18 06:40:00,1,ACME PRECISION,CNT-99100,Turbo Housing Shell,Injection Molding,active,99100,5200,900,10,2026-06-18 07:40:00,2026-06-18
MX-9201,40.1,35.0,2026-06-18 07:00:00,1,ACME PRECISION,CNT-99100,Turbo Housing Shell,Injection Molding,active,99100,5200,900,10,2026-06-18 08:00:00,2026-06-18
MX-9201,42.9,35.0,2026-06-18 07:20:00,1,ACME PRECISION,CNT-99100,Turbo Housing Shell,Injection Molding,active,99100,5200,900,10,2026-06-18 08:20:00,2026-06-18
MX-9201,35.5,35.0,2026-06-18 07:40:00,1,ACME PRECISION,CNT-99100,Turbo Housing Shell,Injection Molding,active,99100,5200,900,10,2026-06-18 08:40:00,2026-06-18
MX-9201,29.1,35.0,2026-06-18 08:00:00,1,ACME PRECISION,CNT-99100,Turbo Housing Shell,Injection Molding,active,99100,5200,900,10,2026-06-18 09:00:00,2026-06-18
MX-9201,34.7,35.0,2026-06-18 08:20:00,1,ACME PRECISION,CNT-99100,Turbo Housing Shell,Injection Molding,active,99100,5200,900,10,2026-06-18 09:20:00,2026-06-18
MX-9201,42.7,35.0,2026-06-18 08:40:00,1,ACME PRECISION,CNT-99100,Turbo Housing Shell,Injection Molding,active,99100,5200,900,10,2026-06-18 09:40:00,2026-06-18
MX-9201,39.0,35.0,2026-06-18 09:00:00,1,ACME PRECISION,CNT-99100,Turbo Housing Shell,Injection Molding,active,99100,5200,900,10,2026-06-18 10:00:00,2026-06-18
MX-9201,27.4,35.0,2026-06-18 09:20:00,1,ACME PRECISION,CNT-99100,Turbo Housing Shell,Injection Molding,active,99100,5200,900,10,2026-06-18 10:20:00,2026-06-18
MX-9201,36.6,35.0,2026-06-18 09:40:00,1,ACME PRECISION,CNT-99100,Turbo Housing Shell,Injection Molding,active,99100,5200,900,10,2026-06-18 10:40:00,2026-06-18
MX-9201,43.4,35.0,2026-06-18 10:00:00,1,ACME PRECISION,CNT-99100,Turbo Housing Shell,Injection Molding,active,99100,5200,900,10,2026-06-18 11:00:00,2026-06-18
MX-9201,46.9,35.0,2026-06-18 10:20:00,1,ACME PRECISION,CNT-99100,Turbo Housing Shell,Injection Molding,active,99100,5200,900,10,2026-06-18 11:20:00,2026-06-18
MX-9201,39.4,35.0,2026-06-18 10:40:00,1,ACME PRECISION,CNT-99100,Turbo Housing Shell,Injection Molding,active,99100,5200,900,10,2026-06-18 11:40:00,2026-06-18
MX-9201,38.2,35.0,2026-06-18 11:00:00,1,ACME PRECISION,CNT-99100,Turbo Housing Shell,Injection Molding,active,99100,5200,900,10,2026-06-18 12:00:00,2026-06-18
MX-9201,30.8,35.0,2026-06-18 11:20:00,1,ACME PRECISION,CNT-99100,Turbo Housing Shell,Injection Molding,active,99100,5200,900,10,2026-06-18 12:20:00,2026-06-18
MX-9201,32.7,35.0,2026-06-18 11:40:00,1,ACME PRECISION,CNT-99100,Turbo Housing Shell,Injection Molding,active,99100,5200,900,10,2026-06-18 12:40:00,2026-06-18
MX-9201,37.0,35.0,2026-06-18 12:00:00,1,ACME PRECISION,CNT-99100,Turbo Housing Shell,Injection Molding,active,99100,5200,900,10,2026-06-18 13:00:00,2026-06-18
MX-9201,39.2,35.0,2026-06-18 12:20:00,1,ACME PRECISION,CNT-99100,Turbo Housing Shell,Injection Molding,active,99100,5200,900,10,2026-06-18 13:20:00,2026-06-18
MX-9201,39.5,35.0,2026-06-18 12:40:00,1,ACME PRECISION,CNT-99100,Turbo Housing Shell,Injection Molding,active,99100,5200,900,10,2026-06-18 13:40:00,2026-06-18
MX-9201,34.5,35.0,2026-06-18 13:00:00,1,ACME PRECISION,CNT-99100,Turbo Housing Shell,Injection Molding,active,99100,5200,900,10,2026-06-18 14:00:00,2026-06-18
MX-9201,31.2,35.0,2026-06-18 13:20:00,1,ACME PRECISION,CNT-99100,Turbo Housing Shell,Injection Molding,active,99100,5200,900,10,2026-06-18 14:20:00,2026-06-18
MX-9201,33.0,35.0,2026-06-18 13:40:00,1,ACME PRECISION,CNT-99100,Turbo Housing Shell,Injection Molding,active,99100,5200,900,10,2026-06-18 14:40:00,2026-06-18
MX-9201,31.2,35.0,2026-06-18 14:00:00,1,ACME PRECISION,CNT-99100,Turbo Housing Shell,Injection Molding,active,99100,5200,900,10,2026-06-18 15:00:00,2026-06-18
MX-9201,39.8,35.0,2026-06-18 14:20:00,1,ACME PRECISION,CNT-99100,Turbo Housing Shell,Injection Molding,active,99100,5200,900,10,2026-06-18 15:20:00,2026-06-18
MX-9201,25.7,35.0,2026-06-18 14:40:00,1,ACME PRECISION,CNT-99100,Turbo Housing Shell,Injection Molding,active,99100,5200,900,10,2026-06-18 15:40:00,2026-06-18
MX-9201,35.2,35.0,2026-06-18 15:00:00,1,ACME PRECISION,CNT-99100,Turbo Housing Shell,Injection Molding,active,99100,5200,900,10,2026-06-18 16:00:00,2026-06-18
MX-9201,38.9,35.0,2026-06-18 15:20:00,1,ACME PRECISION,CNT-99100,Turbo Housing Shell,Injection Molding,active,99100,5200,900,10,2026-06-18 16:20:00,2026-06-18
MX-9201,44.0,35.0,2026-06-18 15:40:00,1,ACME PRECISION,CNT-99100,Turbo Housing Shell,Injection Molding,active,99100,5200,900,10,2026-06-18 16:40:00,2026-06-18
MX-9201,37.1,35.0,2026-06-18 16:00:00,1,ACME PRECISION,CNT-99100,Turbo Housing Shell,Injection Molding,active,99100,5200,900,10,2026-06-18 17:00:00,2026-06-18
MX-9201,41.5,35.0,2026-06-18 16:20:00,1,ACME PRECISION,CNT-99100,Turbo Housing Shell,Injection Molding,active,99100,5200,900,10,2026-06-18 17:20:00,2026-06-18
MX-9201,34.8,35.0,2026-06-18 16:40:00,1,ACME PRECISION,CNT-99100,Turbo Housing Shell,Injection Molding,active,99100,5200,900,10,2026-06-18 17:40:00,2026-06-18
MX-9201,33.2,35.0,2026-06-18 17:00:00,1,ACME PRECISION,CNT-99100,Turbo Housing Shell,Injection Molding,active,99100,5200,900,10,2026-06-18 18:00:00,2026-06-18
MX-9201,33.5,35.0,2026-06-18 17:20:00,1,ACME PRECISION,CNT-99100,Turbo Housing Shell,Injection Molding,active,99100,5200,900,10,2026-06-18 18:20:00,2026-06-18
MX-9201,44.0,35.0,2026-06-18 17:40:00,1,ACME PRECISION,CNT-99100,Turbo Housing Shell,Injection Molding,active,99100,5200,900,10,2026-06-18 18:40:00,2026-06-18
MX-9201,41.5,35.0,2026-06-18 18:00:00,1,ACME PRECISION,CNT-99100,Turbo Housing Shell,Injection Molding,active,99100,5200,900,10,2026-06-18 19:00:00,2026-06-18
MX-9201,39.1,35.0,2026-06-18 18:20:00,1,ACME PRECISION,CNT-99100,Turbo Housing Shell,Injection Molding,active,99100,5200,900,10,2026-06-18 19:20:00,2026-06-18
MX-9201,52.7,35.0,2026-06-18 18:40:00,1,ACME PRECISION,CNT-99100,Turbo Housing Shell,Injection Molding,active,99100,5200,900,10,2026-06-18 19:40:00,2026-06-18
MX-9201,36.6,35.0,2026-06-18 19:00:00,1,ACME PRECISION,CNT-99100,Turbo Housing Shell,Injection Molding,active,99100,5200,900,10,2026-06-18 20:00:00,2026-06-18
MX-9201,39.7,35.0,2026-06-18 19:20:00,1,ACME PRECISION,CNT-99100,Turbo Housing Shell,Injection Molding,active,99100,5200,900,10,2026-06-18 20:20:00,2026-06-18
MX-9201,38.2,35.0,2026-06-18 19:40:00,1,ACME PRECISION,CNT-99100,Turbo Housing Shell,Injection Molding,active,99100,5200,900,10,2026-06-18 20:40:00,2026-06-18
MX-9201,35.7,35.0,2026-06-18 20:00:00,1,ACME PRECISION,CNT-99100,Turbo Housing Shell,Injection Molding,active,99100,5200,900,10,2026-06-18 21:00:00,2026-06-18
MX-9201,47.8,35.0,2026-06-18 20:20:00,1,ACME PRECISION,CNT-99100,Turbo Housing Shell,Injection Molding,active,99100,5200,900,10,2026-06-18 21:20:00,2026-06-18
MX-9201,43.9,35.0,2026-06-18 20:40:00,1,ACME PRECISION,CNT-99100,Turbo Housing Shell,Injection Molding,active,99100,5200,900,10,2026-06-18 21:40:00,2026-06-18
MX-9201,30.1,35.0,2026-06-18 21:00:00,1,ACME PRECISION,CNT-99100,Turbo Housing Shell,Injection Molding,active,99100,5200,900,10,2026-06-18 22:00:00,2026-06-18
MX-9201,34.8,35.0,2026-06-18 21:20:00,1,ACME PRECISION,CNT-99100,Turbo Housing Shell,Injection Molding,active,99100,5200,900,10,2026-06-18 22:20:00,2026-06-18
MX-9201,38.8,35.0,2026-06-18 21:40:00,1,ACME PRECISION,CNT-99100,Turbo Housing Shell,Injection Molding,active,99100,5200,900,10,2026-06-18 22:40:00,2026-06-18
MX-9201,40.5,35.0,2026-06-18 22:00:00,1,ACME PRECISION,CNT-99100,Turbo Housing Shell,Injection Molding,active,99100,5200,900,10,2026-06-18 23:00:00,2026-06-18
MX-9201,30.3,35.0,2026-06-18 22:20:00,1,ACME PRECISION,CNT-99100,Turbo Housing Shell,Injection Molding,active,99100,5200,900,10,2026-06-18 23:20:00,2026-06-18
MX-9201,26.0,35.0,2026-06-18 22:40:00,1,ACME PRECISION,CNT-99100,Turbo Housing Shell,Injection Molding,active,99100,5200,900,10,2026-06-18 23:40:00,2026-06-18
MX-9201,27.6,35.0,2026-06-18 23:00:00,1,ACME PRECISION,CNT-99100,Turbo Housing Shell,Injection Molding,active,99100,5200,900,10,2026-06-19 00:00:00,2026-06-18
MX-9201,36.4,35.0,2026-06-18 23:20:00,1,ACME PRECISION,CNT-99100,Turbo Housing Shell,Injection Molding,active,99100,5200,900,10,2026-06-19 00:20:00,2026-06-18
MX-9201,36.3,35.0,2026-06-18 23:40:00,1,ACME PRECISION,CNT-99100,Turbo Housing Shell,Injection Molding,active,99100,5200,900,10,2026-06-19 00:40:00,2026-06-18
MX-9201,38.4,35.0,2026-06-19 00:00:00,1,ACME PRECISION,CNT-99100,Turbo Housing Shell,Injection Molding,active,99100,5200,900,10,2026-06-19 01:00:00,2026-06-19
MX-9201,33.1,35.0,2026-06-19 00:20:00,1,ACME PRECISION,CNT-99100,Turbo Housing Shell,Injection Molding,active,99100,5200,900,10,2026-06-19 01:20:00,2026-06-19
MX-9201,30.9,35.0,2026-06-19 00:40:00,1,ACME PRECISION,CNT-99100,Turbo Housing Shell,Injection Molding,active,99100,5200,900,10,2026-06-19 01:40:00,2026-06-19
MX-9201,27.1,35.0,2026-06-19 01:00:00,1,ACME PRECISION,CNT-99100,Turbo Housing Shell,Injection Molding,active,99100,5200,900,10,2026-06-19 02:00:00,2026-06-19
MX-9201,38.3,35.0,2026-06-19 01:20:00,1,ACME PRECISION,CNT-99100,Turbo Housing Shell,Injection Molding,active,99100,5200,900,10,2026-06-19 02:20:00,2026-06-19
MX-9201,38.5,35.0,2026-06-19 01:40:00,1,ACME PRECISION,CNT-99100,Turbo Housing Shell,Injection Molding,active,99100,5200,900,10,2026-06-19 02:40:00,2026-06-19
MX-9201,41.5,35.0,2026-06-19 02:00:00,1,ACME PRECISION,CNT-99100,Turbo Housing Shell,Injection Molding,active,99100,5200,900,10,2026-06-19 03:00:00,2026-06-19
MX-9201,40.5,35.0,2026-06-19 02:20:00,1,ACME PRECISION,CNT-99100,Turbo Housing Shell,Injection Molding,active,99100,5200,900,10,2026-06-19 03:20:00,2026-06-19
MX-9201,35.8,35.0,2026-06-19 02:40:00,1,ACME PRECISION,CNT-99100,Turbo Housing Shell,Injection Molding,active,99100,5200,900,10,2026-06-19 03:40:00,2026-06-19
MX-9201,43.2,35.0,2026-06-19 03:00:00,1,ACME PRECISION,CNT-99100,Turbo Housing Shell,Injection Molding,active,99100,5200,900,10,2026-06-19 04:00:00,2026-06-19
MX-9201,36.1,35.0,2026-06-19 03:20:00,1,ACME PRECISION,CNT-99100,Turbo Housing Shell,Injection Molding,active,99100,5200,900,10,2026-06-19 04:20:00,2026-06-19
MX-9201,33.6,35.0,2026-06-19 03:40:00,1,ACME PRECISION,CNT-99100,Turbo Housing Shell,Injection Molding,active,99100,5200,900,10,2026-06-19 04:40:00,2026-06-19
MX-9201,34.3,35.0,2026-06-19 04:00:00,1,ACME PRECISION,CNT-99100,Turbo Housing Shell,Injection Molding,active,99100,5200,900,10,2026-06-19 05:00:00,2026-06-19
MX-9201,34.0,35.0,2026-06-19 04:20:00,1,ACME PRECISION,CNT-99100,Turbo Housing Shell,Injection Molding,active,99100,5200,900,10,2026-06-19 05:20:00,2026-06-19
MX-9201,26.4,35.0,2026-06-19 04:40:00,1,ACME PRECISION,CNT-99100,Turbo Housing Shell,Injection Molding,active,99100,5200,900,10,2026-06-19 05:40:00,2026-06-19
MX-9201,37.5,35.0,2026-06-19 05:00:00,1,ACME PRECISION,CNT-99100,Turbo Housing Shell,Injection Molding,active,99100,5200,900,10,2026-06-19 06:00:00,2026-06-19
MX-9201,37.9,35.0,2026-06-19 05:20:00,1,ACME PRECISION,CNT-99100,Turbo Housing Shell,Injection Molding,active,99100,5200,900,10,2026-06-19 06:20:00,2026-06-19
MX-9201,35.0,35.0,2026-06-19 05:40:00,1,ACME PRECISION,CNT-99100,Turbo Housing Shell,Injection Molding,active,99100,5200,900,10,2026-06-19 06:40:00,2026-06-19
MX-9201,33.3,35.0,2026-06-19 06:00:00,1,ACME PRECISION,CNT-99100,Turbo Housing Shell,Injection Molding,active,99100,5200,900,10,2026-06-19 07:00:00,2026-06-19
MX-9201,38.5,35.0,2026-06-19 06:20:00,1,ACME PRECISION,CNT-99100,Turbo Housing Shell,Injection Molding,active,99100,5200,900,10,2026-06-19 07:20:00,2026-06-19
MX-9201,45.0,35.0,2026-06-19 06:40:00,1,ACME PRECISION,CNT-99100,Turbo Housing Shell,Injection Molding,active,99100,5200,900,10,2026-06-19 07:40:00,2026-06-19
MX-9201,36.9,35.0,2026-06-19 07:00:00,1,ACME PRECISION,CNT-99100,Turbo Housing Shell,Injection Molding,active,99100,5200,900,10,2026-06-19 08:00:00,2026-06-19
MX-9201,34.3,35.0,2026-06-19 07:20:00,1,ACME PRECISION,CNT-99100,Turbo Housing Shell,Injection Molding,active,99100,5200,900,10,2026-06-19 08:20:00,2026-06-19
MX-9201,33.9,35.0,2026-06-19 07:40:00,1,ACME PRECISION,CNT-99100,Turbo Housing Shell,Injection Molding,active,99100,5200,900,10,2026-06-19 08:40:00,2026-06-19
MX-9201,36.4,35.0,2026-06-19 08:00:00,1,ACME PRECISION,CNT-99100,Turbo Housing Shell,Injection Molding,active,99100,5200,900,10,2026-06-19 09:00:00,2026-06-19
MX-9201,30.7,35.0,2026-06-19 08:20:00,1,ACME PRECISION,CNT-99100,Turbo Housing Shell,Injection Molding,active,99100,5200,900,10,2026-06-19 09:20:00,2026-06-19
MX-9201,36.2,35.0,2026-06-19 08:40:00,1,ACME PRECISION,CNT-99100,Turbo Housing Shell,Injection Molding,active,99100,5200,900,10,2026-06-19 09:40:00,2026-06-19
MX-9201,37.0,35.0,2026-06-19 09:00:00,1,ACME PRECISION,CNT-99100,Turbo Housing Shell,Injection Molding,active,99100,5200,900,10,2026-06-19 10:00:00,2026-06-19
MX-9201,45.6,35.0,2026-06-19 09:20:00,1,ACME PRECISION,CNT-99100,Turbo Housing Shell,Injection Molding,active,99100,5200,900,10,2026-06-19 10:20:00,2026-06-19
MX-9201,41.3,35.0,2026-06-19 09:40:00,1,ACME PRECISION,CNT-99100,Turbo Housing Shell,Injection Molding,active,99100,5200,900,10,2026-06-19 10:40:00,2026-06-19
MX-9201,41.7,35.0,2026-06-19 10:00:00,1,ACME PRECISION,CNT-99100,Turbo Housing Shell,Injection Molding,active,99100,5200,900,10,2026-06-19 11:00:00,2026-06-19
MX-9201,33.3,35.0,2026-06-19 10:20:00,1,ACME PRECISION,CNT-99100,Turbo Housing Shell,Injection Molding,active,99100,5200,900,10,2026-06-19 11:20:00,2026-06-19
MX-9201,40.0,35.0,2026-06-19 10:40:00,1,ACME PRECISION,CNT-99100,Turbo Housing Shell,Injection Molding,active,99100,5200,900,10,2026-06-19 11:40:00,2026-06-19
MX-9201,31.3,35.0,2026-06-19 11:00:00,1,ACME PRECISION,CNT-99100,Turbo Housing Shell,Injection Molding,active,99100,5200,900,10,2026-06-19 12:00:00,2026-06-19
MX-9201,38.2,35.0,2026-06-19 11:20:00,1,ACME PRECISION,CNT-99100,Turbo Housing Shell,Injection Molding,active,99100,5200,900,10,2026-06-19 12:20:00,2026-06-19
MX-9201,38.8,35.0,2026-06-19 11:40:00,1,ACME PRECISION,CNT-99100,Turbo Housing Shell,Injection Molding,active,99100,5200,900,10,2026-06-19 12:40:00,2026-06-19
MX-9201,33.1,35.0,2026-06-19 12:00:00,1,ACME PRECISION,CNT-99100,Turbo Housing Shell,Injection Molding,active,99100,5200,900,10,2026-06-19 13:00:00,2026-06-19
MX-9201,46.3,35.0,2026-06-19 12:20:00,1,ACME PRECISION,CNT-99100,Turbo Housing Shell,Injection Molding,active,99100,5200,900,10,2026-06-19 13:20:00,2026-06-19
MX-9201,39.5,35.0,2026-06-19 12:40:00,1,ACME PRECISION,CNT-99100,Turbo Housing Shell,Injection Molding,active,99100,5200,900,10,2026-06-19 13:40:00,2026-06-19
MX-9201,27.7,35.0,2026-06-19 13:00:00,1,ACME PRECISION,CNT-99100,Turbo Housing Shell,Injection Molding,active,99100,5200,900,10,2026-06-19 14:00:00,2026-06-19
MX-9201,39.4,35.0,2026-06-19 13:20:00,1,ACME PRECISION,CNT-99100,Turbo Housing Shell,Injection Molding,active,99100,5200,900,10,2026-06-19 14:20:00,2026-06-19
MX-9201,34.8,35.0,2026-06-19 13:40:00,1,ACME PRECISION,CNT-99100,Turbo Housing Shell,Injection Molding,active,99100,5200,900,10,2026-06-19 14:40:00,2026-06-19
MX-9201,36.8,35.0,2026-06-19 14:00:00,1,ACME PRECISION,CNT-99100,Turbo Housing Shell,Injection Molding,active,99100,5200,900,10,2026-06-19 15:00:00,2026-06-19
MX-9201,39.0,35.0,2026-06-19 14:20:00,1,ACME PRECISION,CNT-99100,Turbo Housing Shell,Injection Molding,active,99100,5200,900,10,2026-06-19 15:20:00,2026-06-19
MX-9201,38.6,35.0,2026-06-19 14:40:00,1,ACME PRECISION,CNT-99100,Turbo Housing Shell,Injection Molding,active,99100,5200,900,10,2026-06-19 15:40:00,2026-06-19
MX-9201,27.0,35.0,2026-06-19 15:00:00,1,ACME PRECISION,CNT-99100,Turbo Housing Shell,Injection Molding,active,99100,5200,900,10,2026-06-19 16:00:00,2026-06-19
MX-9201,31.2,35.0,2026-06-19 15:20:00,1,ACME PRECISION,CNT-99100,Turbo Housing Shell,Injection Molding,active,99100,5200,900,10,2026-06-19 16:20:00,2026-06-19
MX-9201,40.4,35.0,2026-06-19 15:40:00,1,ACME PRECISION,CNT-99100,Turbo Housing Shell,Injection Molding,active,99100,5200,900,10,2026-06-19 16:40:00,2026-06-19
MX-9201,43.0,35.0,2026-06-19 16:00:00,1,ACME PRECISION,CNT-99100,Turbo Housing Shell,Injection Molding,active,99100,5200,900,10,2026-06-19 17:00:00,2026-06-19
MX-9201,45.8,35.0,2026-06-19 16:20:00,1,ACME PRECISION,CNT-99100,Turbo Housing Shell,Injection Molding,active,99100,5200,900,10,2026-06-19 17:20:00,2026-06-19
MX-9201,45.4,35.0,2026-06-19 16:40:00,1,ACME PRECISION,CNT-99100,Turbo Housing Shell,Injection Molding,active,99100,5200,900,10,2026-06-19 17:40:00,2026-06-19
MX-9201,26.9,35.0,2026-06-19 17:00:00,1,ACME PRECISION,CNT-99100,Turbo Housing Shell,Injection Molding,active,99100,5200,900,10,2026-06-19 18:00:00,2026-06-19
MX-9201,40.4,35.0,2026-06-19 17:20:00,1,ACME PRECISION,CNT-99100,Turbo Housing Shell,Injection Molding,active,99100,5200,900,10,2026-06-19 18:20:00,2026-06-19
MX-9201,27.6,35.0,2026-06-19 17:40:00,1,ACME PRECISION,CNT-99100,Turbo Housing Shell,Injection Molding,active,99100,5200,900,10,2026-06-19 18:40:00,2026-06-19
MX-9201,44.5,35.0,2026-06-19 18:00:00,1,ACME PRECISION,CNT-99100,Turbo Housing Shell,Injection Molding,active,99100,5200,900,10,2026-06-19 19:00:00,2026-06-19
MX-9201,38.0,35.0,2026-06-19 18:20:00,1,ACME PRECISION,CNT-99100,Turbo Housing Shell,Injection Molding,active,99100,5200,900,10,2026-06-19 19:20:00,2026-06-19
MX-9201,31.3,35.0,2026-06-19 18:40:00,1,ACME PRECISION,CNT-99100,Turbo Housing Shell,Injection Molding,active,99100,5200,900,10,2026-06-19 19:40:00,2026-06-19
MX-9201,46.4,35.0,2026-06-19 19:00:00,1,ACME PRECISION,CNT-99100,Turbo Housing Shell,Injection Molding,active,99100,5200,900,10,2026-06-19 20:00:00,2026-06-19
MX-9201,39.8,35.0,2026-06-19 19:20:00,1,ACME PRECISION,CNT-99100,Turbo Housing Shell,Injection Molding,active,99100,5200,900,10,2026-06-19 20:20:00,2026-06-19
MX-9201,27.7,35.0,2026-06-19 19:40:00,1,ACME PRECISION,CNT-99100,Turbo Housing Shell,Injection Molding,active,99100,5200,900,10,2026-06-19 20:40:00,2026-06-19
MX-9201,38.2,35.0,2026-06-19 20:00:00,1,ACME PRECISION,CNT-99100,Turbo Housing Shell,Injection Molding,active,99100,5200,900,10,2026-06-19 21:00:00,2026-06-19
MX-9201,33.3,35.0,2026-06-19 20:20:00,1,ACME PRECISION,CNT-99100,Turbo Housing Shell,Injection Molding,active,99100,5200,900,10,2026-06-19 21:20:00,2026-06-19
MX-9201,37.3,35.0,2026-06-19 20:40:00,1,ACME PRECISION,CNT-99100,Turbo Housing Shell,Injection Molding,active,99100,5200,900,10,2026-06-19 21:40:00,2026-06-19
MX-9201,34.5,35.0,2026-06-19 21:00:00,1,ACME PRECISION,CNT-99100,Turbo Housing Shell,Injection Molding,active,99100,5200,900,10,2026-06-19 22:00:00,2026-06-19
MX-9201,43.3,35.0,2026-06-19 21:20:00,1,ACME PRECISION,CNT-99100,Turbo Housing Shell,Injection Molding,active,99100,5200,900,10,2026-06-19 22:20:00,2026-06-19
MX-9201,30.0,35.0,2026-06-19 21:40:00,1,ACME PRECISION,CNT-99100,Turbo Housing Shell,Injection Molding,active,99100,5200,900,10,2026-06-19 22:40:00,2026-06-19
MX-9201,38.3,35.0,2026-06-19 22:00:00,1,ACME PRECISION,CNT-99100,Turbo Housing Shell,Injection Molding,active,99100,5200,900,10,2026-06-19 23:00:00,2026-06-19
MX-9201,45.4,35.0,2026-06-19 22:20:00,1,ACME PRECISION,CNT-99100,Turbo Housing Shell,Injection Molding,active,99100,5200,900,10,2026-06-19 23:20:00,2026-06-19
MX-9201,32.8,35.0,2026-06-19 22:40:00,1,ACME PRECISION,CNT-99100,Turbo Housing Shell,Injection Molding,active,99100,5200,900,10,2026-06-19 23:40:00,2026-06-19
MX-9201,37.8,35.0,2026-06-19 23:00:00,1,ACME PRECISION,CNT-99100,Turbo Housing Shell,Injection Molding,active,99100,5200,900,10,2026-06-20 00:00:00,2026-06-19
MX-9201,37.7,35.0,2026-06-19 23:20:00,1,ACME PRECISION,CNT-99100,Turbo Housing Shell,Injection Molding,active,99100,5200,900,10,2026-06-20 00:20:00,2026-06-19
MX-9201,33.5,35.0,2026-06-19 23:40:00,1,ACME PRECISION,CNT-99100,Turbo Housing Shell,Injection Molding,active,99100,5200,900,10,2026-06-20 00:40:00,2026-06-19
MX-9201,39.8,35.0,2026-06-20 00:00:00,1,ACME PRECISION,CNT-99100,Turbo Housing Shell,Injection Molding,active,99100,5200,900,10,2026-06-20 01:00:00,2026-06-20
MX-9201,37.2,35.0,2026-06-20 00:20:00,1,ACME PRECISION,CNT-99100,Turbo Housing Shell,Injection Molding,active,99100,5200,900,10,2026-06-20 01:20:00,2026-06-20
MX-9201,32.2,35.0,2026-06-20 00:40:00,1,ACME PRECISION,CNT-99100,Turbo Housing Shell,Injection Molding,active,99100,5200,900,10,2026-06-20 01:40:00,2026-06-20
MX-9201,45.2,35.0,2026-06-20 01:00:00,1,ACME PRECISION,CNT-99100,Turbo Housing Shell,Injection Molding,active,99100,5200,900,10,2026-06-20 02:00:00,2026-06-20
MX-9201,40.5,35.0,2026-06-20 01:20:00,1,ACME PRECISION,CNT-99100,Turbo Housing Shell,Injection Molding,active,99100,5200,900,10,2026-06-20 02:20:00,2026-06-20
MX-9201,36.0,35.0,2026-06-20 01:40:00,1,ACME PRECISION,CNT-99100,Turbo Housing Shell,Injection Molding,active,99100,5200,900,10,2026-06-20 02:40:00,2026-06-20
MX-9201,33.7,35.0,2026-06-20 02:00:00,1,ACME PRECISION,CNT-99100,Turbo Housing Shell,Injection Molding,active,99100,5200,900,10,2026-06-20 03:00:00,2026-06-20
MX-9201,33.0,35.0,2026-06-20 02:20:00,1,ACME PRECISION,CNT-99100,Turbo Housing Shell,Injection Molding,active,99100,5200,900,10,2026-06-20 03:20:00,2026-06-20
MX-9201,42.6,35.0,2026-06-20 02:40:00,1,ACME PRECISION,CNT-99100,Turbo Housing Shell,Injection Molding,active,99100,5200,900,10,2026-06-20 03:40:00,2026-06-20
MX-9201,36.1,35.0,2026-06-20 03:00:00,1,ACME PRECISION,CNT-99100,Turbo Housing Shell,Injection Molding,active,99100,5200,900,10,2026-06-20 04:00:00,2026-06-20
MX-9201,38.9,35.0,2026-06-20 03:20:00,1,ACME PRECISION,CNT-99100,Turbo Housing Shell,Injection Molding,active,99100,5200,900,10,2026-06-20 04:20:00,2026-06-20
MX-9201,35.9,35.0,2026-06-20 03:40:00,1,ACME PRECISION,CNT-99100,Turbo Housing Shell,Injection Molding,active,99100,5200,900,10,2026-06-20 04:40:00,2026-06-20
MX-9201,39.7,35.0,2026-06-20 04:00:00,1,ACME PRECISION,CNT-99100,Turbo Housing Shell,Injection Molding,active,99100,5200,900,10,2026-06-20 05:00:00,2026-06-20
MX-9201,36.2,35.0,2026-06-20 04:20:00,1,ACME PRECISION,CNT-99100,Turbo Housing Shell,Injection Molding,active,99100,5200,900,10,2026-06-20 05:20:00,2026-06-20
MX-9201,40.4,35.0,2026-06-20 04:40:00,1,ACME PRECISION,CNT-99100,Turbo Housing Shell,Injection Molding,active,99100,5200,900,10,2026-06-20 05:40:00,2026-06-20
MX-9201,35.9,35.0,2026-06-20 05:00:00,1,ACME PRECISION,CNT-99100,Turbo Housing Shell,Injection Molding,active,99100,5200,900,10,2026-06-20 06:00:00,2026-06-20
MX-9201,40.7,35.0,2026-06-20 05:20:00,1,ACME PRECISION,CNT-99100,Turbo Housing Shell,Injection Molding,active,99100,5200,900,10,2026-06-20 06:20:00,2026-06-20
MX-9201,40.0,35.0,2026-06-20 05:40:00,1,ACME PRECISION,CNT-99100,Turbo Housing Shell,Injection Molding,active,99100,5200,900,10,2026-06-20 06:40:00,2026-06-20
MX-9201,36.2,35.0,2026-06-20 06:00:00,1,ACME PRECISION,CNT-99100,Turbo Housing Shell,Injection Molding,active,99100,5200,900,10,2026-06-20 07:00:00,2026-06-20
MX-9201,32.6,35.0,2026-06-20 06:20:00,1,ACME PRECISION,CNT-99100,Turbo Housing Shell,Injection Molding,active,99100,5200,900,10,2026-06-20 07:20:00,2026-06-20
MX-9201,32.3,35.0,2026-06-20 06:40:00,1,ACME PRECISION,CNT-99100,Turbo Housing Shell,Injection Molding,active,99100,5200,900,10,2026-06-20 07:40:00,2026-06-20
MX-9201,33.2,35.0,2026-06-20 07:00:00,1,ACME PRECISION,CNT-99100,Turbo Housing Shell,Injection Molding,active,99100,5200,900,10,2026-06-20 08:00:00,2026-06-20
MX-9201,32.0,35.0,2026-06-20 07:20:00,1,ACME PRECISION,CNT-99100,Turbo Housing Shell,Injection Molding,active,99100,5200,900,10,2026-06-20 08:20:00,2026-06-20
MX-9201,40.9,35.0,2026-06-20 07:40:00,1,ACME PRECISION,CNT-99100,Turbo Housing Shell,Injection Molding,active,99100,5200,900,10,2026-06-20 08:40:00,2026-06-20
MX-9201,36.5,35.0,2026-06-20 08:00:00,1,ACME PRECISION,CNT-99100,Turbo Housing Shell,Injection Molding,active,99100,5200,900,10,2026-06-20 09:00:00,2026-06-20
MX-9201,44.3,35.0,2026-06-20 08:20:00,1,ACME PRECISION,CNT-99100,Turbo Housing Shell,Injection Molding,active,99100,5200,900,10,2026-06-20 09:20:00,2026-06-20
MX-9201,47.6,35.0,2026-06-20 08:40:00,1,ACME PRECISION,CNT-99100,Turbo Housing Shell,Injection Molding,active,99100,5200,900,10,2026-06-20 09:40:00,2026-06-20
MX-9201,36.9,35.0,2026-06-20 09:00:00,1,ACME PRECISION,CNT-99100,Turbo Housing Shell,Injection Molding,active,99100,5200,900,10,2026-06-20 10:00:00,2026-06-20
MX-9201,29.4,35.0,2026-06-20 09:20:00,1,ACME PRECISION,CNT-99100,Turbo Housing Shell,Injection Molding,active,99100,5200,900,10,2026-06-20 10:20:00,2026-06-20
MX-9201,34.9,35.0,2026-06-20 09:40:00,1,ACME PRECISION,CNT-99100,Turbo Housing Shell,Injection Molding,active,99100,5200,900,10,2026-06-20 10:40:00,2026-06-20
MX-9201,36.4,35.0,2026-06-20 10:00:00,1,ACME PRECISION,CNT-99100,Turbo Housing Shell,Injection Molding,active,99100,5200,900,10,2026-06-20 11:00:00,2026-06-20
MX-9201,29.6,35.0,2026-06-20 10:20:00,1,ACME PRECISION,CNT-99100,Turbo Housing Shell,Injection Molding,active,99100,5200,900,10,2026-06-20 11:20:00,2026-06-20
MX-9201,35.6,35.0,2026-06-20 10:40:00,1,ACME PRECISION,CNT-99100,Turbo Housing Shell,Injection Molding,active,99100,5200,900,10,2026-06-20 11:40:00,2026-06-20
MX-9201,38.1,35.0,2026-06-20 11:00:00,1,ACME PRECISION,CNT-99100,Turbo Housing Shell,Injection Molding,active,99100,5200,900,10,2026-06-20 12:00:00,2026-06-20
MX-9201,34.6,35.0,2026-06-20 11:20:00,1,ACME PRECISION,CNT-99100,Turbo Housing Shell,Injection Molding,active,99100,5200,900,10,2026-06-20 12:20:00,2026-06-20
MX-9201,33.1,35.0,2026-06-20 11:40:00,1,ACME PRECISION,CNT-99100,Turbo Housing Shell,Injection Molding,active,99100,5200,900,10,2026-06-20 12:40:00,2026-06-20
MX-9201,33.1,35.0,2026-06-20 12:00:00,1,ACME PRECISION,CNT-99100,Turbo Housing Shell,Injection Molding,active,99100,5200,900,10,2026-06-20 13:00:00,2026-06-20
MX-9201,45.3,35.0,2026-06-20 12:20:00,1,ACME PRECISION,CNT-99100,Turbo Housing Shell,Injection Molding,active,99100,5200,900,10,2026-06-20 13:20:00,2026-06-20
MX-9201,36.0,35.0,2026-06-20 12:40:00,1,ACME PRECISION,CNT-99100,Turbo Housing Shell,Injection Molding,active,99100,5200,900,10,2026-06-20 13:40:00,2026-06-20
MX-9201,32.8,35.0,2026-06-20 13:00:00,1,ACME PRECISION,CNT-99100,Turbo Housing Shell,Injection Molding,active,99100,5200,900,10,2026-06-20 14:00:00,2026-06-20
MX-9201,35.0,35.0,2026-06-20 13:20:00,1,ACME PRECISION,CNT-99100,Turbo Housing Shell,Injection Molding,active,99100,5200,900,10,2026-06-20 14:20:00,2026-06-20
MX-9201,41.3,35.0,2026-06-20 13:40:00,1,ACME PRECISION,CNT-99100,Turbo Housing Shell,Injection Molding,active,99100,5200,900,10,2026-06-20 14:40:00,2026-06-20
MX-9201,33.5,35.0,2026-06-20 14:00:00,1,ACME PRECISION,CNT-99100,Turbo Housing Shell,Injection Molding,active,99100,5200,900,10,2026-06-20 15:00:00,2026-06-20
MX-9201,39.1,35.0,2026-06-20 14:20:00,1,ACME PRECISION,CNT-99100,Turbo Housing Shell,Injection Molding,active,99100,5200,900,10,2026-06-20 15:20:00,2026-06-20
MX-9201,40.2,35.0,2026-06-20 14:40:00,1,ACME PRECISION,CNT-99100,Turbo Housing Shell,Injection Molding,active,99100,5200,900,10,2026-06-20 15:40:00,2026-06-20
MX-9201,40.3,35.0,2026-06-20 15:00:00,1,ACME PRECISION,CNT-99100,Turbo Housing Shell,Injection Molding,active,99100,5200,900,10,2026-06-20 16:00:00,2026-06-20
MX-9201,43.4,35.0,2026-06-20 15:20:00,1,ACME PRECISION,CNT-99100,Turbo Housing Shell,Injection Molding,active,99100,5200,900,10,2026-06-20 16:20:00,2026-06-20
MX-9201,34.1,35.0,2026-06-20 15:40:00,1,ACME PRECISION,CNT-99100,Turbo Housing Shell,Injection Molding,active,99100,5200,900,10,2026-06-20 16:40:00,2026-06-20
MX-9201,42.2,35.0,2026-06-20 16:00:00,1,ACME PRECISION,CNT-99100,Turbo Housing Shell,Injection Molding,active,99100,5200,900,10,2026-06-20 17:00:00,2026-06-20
MX-9201,33.0,35.0,2026-06-20 16:20:00,1,ACME PRECISION,CNT-99100,Turbo Housing Shell,Injection Molding,active,99100,5200,900,10,2026-06-20 17:20:00,2026-06-20
MX-9201,34.9,35.0,2026-06-20 16:40:00,1,ACME PRECISION,CNT-99100,Turbo Housing Shell,Injection Molding,active,99100,5200,900,10,2026-06-20 17:40:00,2026-06-20
MX-9201,42.5,35.0,2026-06-20 17:00:00,1,ACME PRECISION,CNT-99100,Turbo Housing Shell,Injection Molding,active,99100,5200,900,10,2026-06-20 18:00:00,2026-06-20
MX-9201,40.7,35.0,2026-06-20 17:20:00,1,ACME PRECISION,CNT-99100,Turbo Housing Shell,Injection Molding,active,99100,5200,900,10,2026-06-20 18:20:00,2026-06-20
MX-9201,36.8,35.0,2026-06-20 17:40:00,1,ACME PRECISION,CNT-99100,Turbo Housing Shell,Injection Molding,active,99100,5200,900,10,2026-06-20 18:40:00,2026-06-20
MX-9201,31.1,35.0,2026-06-20 18:00:00,1,ACME PRECISION,CNT-99100,Turbo Housing Shell,Injection Molding,active,99100,5200,900,10,2026-06-20 19:00:00,2026-06-20
MX-9201,39.4,35.0,2026-06-20 18:20:00,1,ACME PRECISION,CNT-99100,Turbo Housing Shell,Injection Molding,active,99100,5200,900,10,2026-06-20 19:20:00,2026-06-20
MX-9201,33.7,35.0,2026-06-20 18:40:00,1,ACME PRECISION,CNT-99100,Turbo Housing Shell,Injection Molding,active,99100,5200,900,10,2026-06-20 19:40:00,2026-06-20
MX-9201,32.3,35.0,2026-06-20 19:00:00,1,ACME PRECISION,CNT-99100,Turbo Housing Shell,Injection Molding,active,99100,5200,900,10,2026-06-20 20:00:00,2026-06-20
MX-9201,33.7,35.0,2026-06-20 19:20:00,1,ACME PRECISION,CNT-99100,Turbo Housing Shell,Injection Molding,active,99100,5200,900,10,2026-06-20 20:20:00,2026-06-20
MX-9201,37.9,35.0,2026-06-20 19:40:00,1,ACME PRECISION,CNT-99100,Turbo Housing Shell,Injection Molding,active,99100,5200,900,10,2026-06-20 20:40:00,2026-06-20
MX-9201,26.6,35.0,2026-06-20 20:00:00,1,ACME PRECISION,CNT-99100,Turbo Housing Shell,Injection Molding,active,99100,5200,900,10,2026-06-20 21:00:00,2026-06-20
MX-9201,38.5,35.0,2026-06-20 20:20:00,1,ACME PRECISION,CNT-99100,Turbo Housing Shell,Injection Molding,active,99100,5200,900,10,2026-06-20 21:20:00,2026-06-20
MX-9201,37.6,35.0,2026-06-20 20:40:00,1,ACME PRECISION,CNT-99100,Turbo Housing Shell,Injection Molding,active,99100,5200,900,10,2026-06-20 21:40:00,2026-06-20
MX-9201,34.0,35.0,2026-06-20 21:00:00,1,ACME PRECISION,CNT-99100,Turbo Housing Shell,Injection Molding,active,99100,5200,900,10,2026-06-20 22:00:00,2026-06-20
MX-9201,41.7,35.0,2026-06-20 21:20:00,1,ACME PRECISION,CNT-99100,Turbo Housing Shell,Injection Molding,active,99100,5200,900,10,2026-06-20 22:20:00,2026-06-20
MX-9201,39.7,35.0,2026-06-20 21:40:00,1,ACME PRECISION,CNT-99100,Turbo Housing Shell,Injection Molding,active,99100,5200,900,10,2026-06-20 22:40:00,2026-06-20
MX-9201,33.9,35.0,2026-06-20 22:00:00,1,ACME PRECISION,CNT-99100,Turbo Housing Shell,Injection Molding,active,99100,5200,900,10,2026-06-20 23:00:00,2026-06-20
MX-9201,33.5,35.0,2026-06-20 22:20:00,1,ACME PRECISION,CNT-99100,Turbo Housing Shell,Injection Molding,active,99100,5200,900,10,2026-06-20 23:20:00,2026-06-20
MX-9201,40.1,35.0,2026-06-20 22:40:00,1,ACME PRECISION,CNT-99100,Turbo Housing Shell,Injection Molding,active,99100,5200,900,10,2026-06-20 23:40:00,2026-06-20
MX-9201,29.5,35.0,2026-06-20 23:00:00,1,ACME PRECISION,CNT-99100,Turbo Housing Shell,Injection Molding,active,99100,5200,900,10,2026-06-21 00:00:00,2026-06-20
MX-9201,35.2,35.0,2026-06-20 23:20:00,1,ACME PRECISION,CNT-99100,Turbo Housing Shell,Injection Molding,active,99100,5200,900,10,2026-06-21 00:20:00,2026-06-20
MX-9201,33.7,35.0,2026-06-20 23:40:00,1,ACME PRECISION,CNT-99100,Turbo Housing Shell,Injection Molding,active,99100,5200,900,10,2026-06-21 00:40:00,2026-06-20
MX-9201,37.1,35.0,2026-06-21 00:00:00,1,ACME PRECISION,CNT-99100,Turbo Housing Shell,Injection Molding,active,99100,5200,900,10,2026-06-21 01:00:00,2026-06-21
MX-9201,37.8,35.0,2026-06-21 00:20:00,1,ACME PRECISION,CNT-99100,Turbo Housing Shell,Injection Molding,active,99100,5200,900,10,2026-06-21 01:20:00,2026-06-21
MX-9201,36.9,35.0,2026-06-21 00:40:00,1,ACME PRECISION,CNT-99100,Turbo Housing Shell,Injection Molding,active,99100,5200,900,10,2026-06-21 01:40:00,2026-06-21
MX-9201,42.2,35.0,2026-06-21 01:00:00,1,ACME PRECISION,CNT-99100,Turbo Housing Shell,Injection Molding,active,99100,5200,900,10,2026-06-21 02:00:00,2026-06-21
MX-9201,37.8,35.0,2026-06-21 01:20:00,1,ACME PRECISION,CNT-99100,Turbo Housing Shell,Injection Molding,active,99100,5200,900,10,2026-06-21 02:20:00,2026-06-21
MX-9201,35.2,35.0,2026-06-21 01:40:00,1,ACME PRECISION,CNT-99100,Turbo Housing Shell,Injection Molding,active,99100,5200,900,10,2026-06-21 02:40:00,2026-06-21
MX-9201,31.0,35.0,2026-06-21 02:00:00,1,ACME PRECISION,CNT-99100,Turbo Housing Shell,Injection Molding,active,99100,5200,900,10,2026-06-21 03:00:00,2026-06-21
MX-9201,40.2,35.0,2026-06-21 02:20:00,1,ACME PRECISION,CNT-99100,Turbo Housing Shell,Injection Molding,active,99100,5200,900,10,2026-06-21 03:20:00,2026-06-21
MX-9201,39.3,35.0,2026-06-21 02:40:00,1,ACME PRECISION,CNT-99100,Turbo Housing Shell,Injection Molding,active,99100,5200,900,10,2026-06-21 03:40:00,2026-06-21
MX-9201,43.7,35.0,2026-06-21 03:00:00,1,ACME PRECISION,CNT-99100,Turbo Housing Shell,Injection Molding,active,99100,5200,900,10,2026-06-21 04:00:00,2026-06-21
MX-9201,33.2,35.0,2026-06-21 03:20:00,1,ACME PRECISION,CNT-99100,Turbo Housing Shell,Injection Molding,active,99100,5200,900,10,2026-06-21 04:20:00,2026-06-21
MX-9201,36.9,35.0,2026-06-21 03:40:00,1,ACME PRECISION,CNT-99100,Turbo Housing Shell,Injection Molding,active,99100,5200,900,10,2026-06-21 04:40:00,2026-06-21
MX-9201,36.5,35.0,2026-06-21 04:00:00,1,ACME PRECISION,CNT-99100,Turbo Housing Shell,Injection Molding,active,99100,5200,900,10,2026-06-21 05:00:00,2026-06-21
MX-9201,36.3,35.0,2026-06-21 04:20:00,1,ACME PRECISION,CNT-99100,Turbo Housing Shell,Injection Molding,active,99100,5200,900,10,2026-06-21 05:20:00,2026-06-21
MX-9201,36.8,35.0,2026-06-21 04:40:00,1,ACME PRECISION,CNT-99100,Turbo Housing Shell,Injection Molding,active,99100,5200,900,10,2026-06-21 05:40:00,2026-06-21
MX-9201,28.6,35.0,2026-06-21 05:00:00,1,ACME PRECISION,CNT-99100,Turbo Housing Shell,Injection Molding,active,99100,5200,900,10,2026-06-21 06:00:00,2026-06-21
MX-9201,40.7,35.0,2026-06-21 05:20:00,1,ACME PRECISION,CNT-99100,Turbo Housing Shell,Injection Molding,active,99100,5200,900,10,2026-06-21 06:20:00,2026-06-21
MX-9201,39.9,35.0,2026-06-21 05:40:00,1,ACME PRECISION,CNT-99100,Turbo Housing Shell,Injection Molding,active,99100,5200,900,10,2026-06-21 06:40:00,2026-06-21
MX-9201,42.2,35.0,2026-06-21 06:00:00,1,ACME PRECISION,CNT-99100,Turbo Housing Shell,Injection Molding,active,99100,5200,900,10,2026-06-21 07:00:00,2026-06-21
MX-9201,47.5,35.0,2026-06-21 06:20:00,1,ACME PRECISION,CNT-99100,Turbo Housing Shell,Injection Molding,active,99100,5200,900,10,2026-06-21 07:20:00,2026-06-21
MX-9201,35.2,35.0,2026-06-21 06:40:00,1,ACME PRECISION,CNT-99100,Turbo Housing Shell,Injection Molding,active,99100,5200,900,10,2026-06-21 07:40:00,2026-06-21
MX-9201,36.6,35.0,2026-06-21 07:00:00,1,ACME PRECISION,CNT-99100,Turbo Housing Shell,Injection Molding,active,99100,5200,900,10,2026-06-21 08:00:00,2026-06-21
MX-9201,36.8,35.0,2026-06-21 07:20:00,1,ACME PRECISION,CNT-99100,Turbo Housing Shell,Injection Molding,active,99100,5200,900,10,2026-06-21 08:20:00,2026-06-21
MX-9201,46.0,35.0,2026-06-21 07:40:00,1,ACME PRECISION,CNT-99100,Turbo Housing Shell,Injection Molding,active,99100,5200,900,10,2026-06-21 08:40:00,2026-06-21
MX-9201,28.5,35.0,2026-06-21 08:00:00,1,ACME PRECISION,CNT-99100,Turbo Housing Shell,Injection Molding,active,99100,5200,900,10,2026-06-21 09:00:00,2026-06-21
MX-9201,39.1,35.0,2026-06-21 08:20:00,1,ACME PRECISION,CNT-99100,Turbo Housing Shell,Injection Molding,active,99100,5200,900,10,2026-06-21 09:20:00,2026-06-21
MX-9201,29.7,35.0,2026-06-21 08:40:00,1,ACME PRECISION,CNT-99100,Turbo Housing Shell,Injection Molding,active,99100,5200,900,10,2026-06-21 09:40:00,2026-06-21
MX-9201,24.4,35.0,2026-06-21 09:00:00,1,ACME PRECISION,CNT-99100,Turbo Housing Shell,Injection Molding,active,99100,5200,900,10,2026-06-21 10:00:00,2026-06-21
MX-9201,27.1,35.0,2026-06-21 09:20:00,1,ACME PRECISION,CNT-99100,Turbo Housing Shell,Injection Molding,active,99100,5200,900,10,2026-06-21 10:20:00,2026-06-21
MX-9201,30.1,35.0,2026-06-21 09:40:00,1,ACME PRECISION,CNT-99100,Turbo Housing Shell,Injection Molding,active,99100,5200,900,10,2026-06-21 10:40:00,2026-06-21
MX-9201,41.9,35.0,2026-06-21 10:00:00,1,ACME PRECISION,CNT-99100,Turbo Housing Shell,Injection Molding,active,99100,5200,900,10,2026-06-21 11:00:00,2026-06-21
MX-9201,32.6,35.0,2026-06-21 10:20:00,1,ACME PRECISION,CNT-99100,Turbo Housing Shell,Injection Molding,active,99100,5200,900,10,2026-06-21 11:20:00,2026-06-21
MX-9201,35.7,35.0,2026-06-21 10:40:00,1,ACME PRECISION,CNT-99100,Turbo Housing Shell,Injection Molding,active,99100,5200,900,10,2026-06-21 11:40:00,2026-06-21
MX-9201,31.2,35.0,2026-06-21 11:00:00,1,ACME PRECISION,CNT-99100,Turbo Housing Shell,Injection Molding,active,99100,5200,900,10,2026-06-21 12:00:00,2026-06-21
MX-9201,39.7,35.0,2026-06-21 11:20:00,1,ACME PRECISION,CNT-99100,Turbo Housing Shell,Injection Molding,active,99100,5200,900,10,2026-06-21 12:20:00,2026-06-21
MX-9201,31.5,35.0,2026-06-21 11:40:00,1,ACME PRECISION,CNT-99100,Turbo Housing Shell,Injection Molding,active,99100,5200,900,10,2026-06-21 12:40:00,2026-06-21
MX-9201,43.0,35.0,2026-06-21 12:00:00,1,ACME PRECISION,CNT-99100,Turbo Housing Shell,Injection Molding,active,99100,5200,900,10,2026-06-21 13:00:00,2026-06-21
MX-9201,32.0,35.0,2026-06-21 12:20:00,1,ACME PRECISION,CNT-99100,Turbo Housing Shell,Injection Molding,active,99100,5200,900,10,2026-06-21 13:20:00,2026-06-21
MX-9201,33.1,35.0,2026-06-21 12:40:00,1,ACME PRECISION,CNT-99100,Turbo Housing Shell,Injection Molding,active,99100,5200,900,10,2026-06-21 13:40:00,2026-06-21
MX-9201,37.3,35.0,2026-06-21 13:00:00,1,ACME PRECISION,CNT-99100,Turbo Housing Shell,Injection Molding,active,99100,5200,900,10,2026-06-21 14:00:00,2026-06-21
MX-9201,36.9,35.0,2026-06-21 13:20:00,1,ACME PRECISION,CNT-99100,Turbo Housing Shell,Injection Molding,active,99100,5200,900,10,2026-06-21 14:20:00,2026-06-21
MX-9201,43.6,35.0,2026-06-21 13:40:00,1,ACME PRECISION,CNT-99100,Turbo Housing Shell,Injection Molding,active,99100,5200,900,10,2026-06-21 14:40:00,2026-06-21
MX-9201,37.3,35.0,2026-06-21 14:00:00,1,ACME PRECISION,CNT-99100,Turbo Housing Shell,Injection Molding,active,99100,5200,900,10,2026-06-21 15:00:00,2026-06-21
MX-9201,31.0,35.0,2026-06-21 14:20:00,1,ACME PRECISION,CNT-99100,Turbo Housing Shell,Injection Molding,active,99100,5200,900,10,2026-06-21 15:20:00,2026-06-21
MX-9201,34.1,35.0,2026-06-21 14:40:00,1,ACME PRECISION,CNT-99100,Turbo Housing Shell,Injection Molding,active,99100,5200,900,10,2026-06-21 15:40:00,2026-06-21
MX-9201,34.0,35.0,2026-06-21 15:00:00,1,ACME PRECISION,CNT-99100,Turbo Housing Shell,Injection Molding,active,99100,5200,900,10,2026-06-21 16:00:00,2026-06-21
MX-9201,40.2,35.0,2026-06-21 15:20:00,1,ACME PRECISION,CNT-99100,Turbo Housing Shell,Injection Molding,active,99100,5200,900,10,2026-06-21 16:20:00,2026-06-21
MX-9201,38.6,35.0,2026-06-21 15:40:00,1,ACME PRECISION,CNT-99100,Turbo Housing Shell,Injection Molding,active,99100,5200,900,10,2026-06-21 16:40:00,2026-06-21
MX-9201,36.2,35.0,2026-06-21 16:00:00,1,ACME PRECISION,CNT-99100,Turbo Housing Shell,Injection Molding,active,99100,5200,900,10,2026-06-21 17:00:00,2026-06-21
MX-9201,40.9,35.0,2026-06-21 16:20:00,1,ACME PRECISION,CNT-99100,Turbo Housing Shell,Injection Molding,active,99100,5200,900,10,2026-06-21 17:20:00,2026-06-21
MX-9201,34.2,35.0,2026-06-21 16:40:00,1,ACME PRECISION,CNT-99100,Turbo Housing Shell,Injection Molding,active,99100,5200,900,10,2026-06-21 17:40:00,2026-06-21
MX-9201,36.1,35.0,2026-06-21 17:00:00,1,ACME PRECISION,CNT-99100,Turbo Housing Shell,Injection Molding,active,99100,5200,900,10,2026-06-21 18:00:00,2026-06-21
MX-9201,37.6,35.0,2026-06-21 17:20:00,1,ACME PRECISION,CNT-99100,Turbo Housing Shell,Injection Molding,active,99100,5200,900,10,2026-06-21 18:20:00,2026-06-21
MX-9201,44.1,35.0,2026-06-21 17:40:00,1,ACME PRECISION,CNT-99100,Turbo Housing Shell,Injection Molding,active,99100,5200,900,10,2026-06-21 18:40:00,2026-06-21
MX-9201,36.3,35.0,2026-06-21 18:00:00,1,ACME PRECISION,CNT-99100,Turbo Housing Shell,Injection Molding,active,99100,5200,900,10,2026-06-21 19:00:00,2026-06-21
MX-9201,35.1,35.0,2026-06-21 18:20:00,1,ACME PRECISION,CNT-99100,Turbo Housing Shell,Injection Molding,active,99100,5200,900,10,2026-06-21 19:20:00,2026-06-21
MX-9201,31.8,35.0,2026-06-21 18:40:00,1,ACME PRECISION,CNT-99100,Turbo Housing Shell,Injection Molding,active,99100,5200,900,10,2026-06-21 19:40:00,2026-06-21
MX-9201,40.0,35.0,2026-06-21 19:00:00,1,ACME PRECISION,CNT-99100,Turbo Housing Shell,Injection Molding,active,99100,5200,900,10,2026-06-21 20:00:00,2026-06-21
MX-9201,33.9,35.0,2026-06-21 19:20:00,1,ACME PRECISION,CNT-99100,Turbo Housing Shell,Injection Molding,active,99100,5200,900,10,2026-06-21 20:20:00,2026-06-21
MX-9201,38.4,35.0,2026-06-21 19:40:00,1,ACME PRECISION,CNT-99100,Turbo Housing Shell,Injection Molding,active,99100,5200,900,10,2026-06-21 20:40:00,2026-06-21
MX-9201,27.7,35.0,2026-06-21 20:00:00,1,ACME PRECISION,CNT-99100,Turbo Housing Shell,Injection Molding,active,99100,5200,900,10,2026-06-21 21:00:00,2026-06-21
MX-9201,41.7,35.0,2026-06-21 20:20:00,1,ACME PRECISION,CNT-99100,Turbo Housing Shell,Injection Molding,active,99100,5200,900,10,2026-06-21 21:20:00,2026-06-21
MX-9201,30.4,35.0,2026-06-21 20:40:00,1,ACME PRECISION,CNT-99100,Turbo Housing Shell,Injection Molding,active,99100,5200,900,10,2026-06-21 21:40:00,2026-06-21
MX-9201,33.0,35.0,2026-06-21 21:00:00,1,ACME PRECISION,CNT-99100,Turbo Housing Shell,Injection Molding,active,99100,5200,900,10,2026-06-21 22:00:00,2026-06-21
MX-9201,41.8,35.0,2026-06-21 21:20:00,1,ACME PRECISION,CNT-99100,Turbo Housing Shell,Injection Molding,active,99100,5200,900,10,2026-06-21 22:20:00,2026-06-21
MX-9201,30.4,35.0,2026-06-21 21:40:00,1,ACME PRECISION,CNT-99100,Turbo Housing Shell,Injection Molding,active,99100,5200,900,10,2026-06-21 22:40:00,2026-06-21
MX-9201,36.4,35.0,2026-06-21 22:00:00,1,ACME PRECISION,CNT-99100,Turbo Housing Shell,Injection Molding,active,99100,5200,900,10,2026-06-21 23:00:00,2026-06-21
MX-9201,37.1,35.0,2026-06-21 22:20:00,1,ACME PRECISION,CNT-99100,Turbo Housing Shell,Injection Molding,active,99100,5200,900,10,2026-06-21 23:20:00,2026-06-21
MX-9201,32.0,35.0,2026-06-21 22:40:00,1,ACME PRECISION,CNT-99100,Turbo Housing Shell,Injection Molding,active,99100,5200,900,10,2026-06-21 23:40:00,2026-06-21
MX-9201,43.2,35.0,2026-06-21 23:00:00,1,ACME PRECISION,CNT-99100,Turbo Housing Shell,Injection Molding,active,99100,5200,900,10,2026-06-22 00:00:00,2026-06-21
MX-9201,43.9,35.0,2026-06-21 23:20:00,1,ACME PRECISION,CNT-99100,Turbo Housing Shell,Injection Molding,active,99100,5200,900,10,2026-06-22 00:20:00,2026-06-21
MX-9201,27.3,35.0,2026-06-21 23:40:00,1,ACME PRECISION,CNT-99100,Turbo Housing Shell,Injection Molding,active,99100,5200,900,10,2026-06-22 00:40:00,2026-06-21
MX-9201,29.8,35.0,2026-06-22 00:00:00,1,ACME PRECISION,CNT-99100,Turbo Housing Shell,Injection Molding,active,99100,5200,900,10,2026-06-22 01:00:00,2026-06-22
MX-9201,40.6,35.0,2026-06-22 00:20:00,1,ACME PRECISION,CNT-99100,Turbo Housing Shell,Injection Molding,active,99100,5200,900,10,2026-06-22 01:20:00,2026-06-22
MX-9201,30.5,35.0,2026-06-22 00:40:00,1,ACME PRECISION,CNT-99100,Turbo Housing Shell,Injection Molding,active,99100,5200,900,10,2026-06-22 01:40:00,2026-06-22
MX-9201,34.9,35.0,2026-06-22 01:00:00,1,ACME PRECISION,CNT-99100,Turbo Housing Shell,Injection Molding,active,99100,5200,900,10,2026-06-22 02:00:00,2026-06-22
MX-9201,37.4,35.0,2026-06-22 01:20:00,1,ACME PRECISION,CNT-99100,Turbo Housing Shell,Injection Molding,active,99100,5200,900,10,2026-06-22 02:20:00,2026-06-22
MX-9201,40.1,35.0,2026-06-22 01:40:00,1,ACME PRECISION,CNT-99100,Turbo Housing Shell,Injection Molding,active,99100,5200,900,10,2026-06-22 02:40:00,2026-06-22
MX-9201,35.7,35.0,2026-06-22 02:00:00,1,ACME PRECISION,CNT-99100,Turbo Housing Shell,Injection Molding,active,99100,5200,900,10,2026-06-22 03:00:00,2026-06-22
MX-9201,37.2,35.0,2026-06-22 02:20:00,1,ACME PRECISION,CNT-99100,Turbo Housing Shell,Injection Molding,active,99100,5200,900,10,2026-06-22 03:20:00,2026-06-22
MX-9201,33.0,35.0,2026-06-22 02:40:00,1,ACME PRECISION,CNT-99100,Turbo Housing Shell,Injection Molding,active,99100,5200,900,10,2026-06-22 03:40:00,2026-06-22
MX-9201,42.9,35.0,2026-06-22 03:00:00,1,ACME PRECISION,CNT-99100,Turbo Housing Shell,Injection Molding,active,99100,5200,900,10,2026-06-22 04:00:00,2026-06-22
MX-9201,34.4,35.0,2026-06-22 03:20:00,1,ACME PRECISION,CNT-99100,Turbo Housing Shell,Injection Molding,active,99100,5200,900,10,2026-06-22 04:20:00,2026-06-22
MX-9201,38.4,35.0,2026-06-22 03:40:00,1,ACME PRECISION,CNT-99100,Turbo Housing Shell,Injection Molding,active,99100,5200,900,10,2026-06-22 04:40:00,2026-06-22
MX-9201,34.3,35.0,2026-06-22 04:00:00,1,ACME PRECISION,CNT-99100,Turbo Housing Shell,Injection Molding,active,99100,5200,900,10,2026-06-22 05:00:00,2026-06-22
MX-9201,37.3,35.0,2026-06-22 04:20:00,1,ACME PRECISION,CNT-99100,Turbo Housing Shell,Injection Molding,active,99100,5200,900,10,2026-06-22 05:20:00,2026-06-22
MX-9201,37.3,35.0,2026-06-22 06:00:00,1,ACME PRECISION,CNT-99100,Turbo Housing Shell,Injection Molding,active,99100,5200,900,10,2026-06-22 07:00:00,2026-06-22
MX-9201,37.3,35.0,2026-06-22 06:20:00,1,ACME PRECISION,CNT-99100,Turbo Housing Shell,Injection Molding,active,99100,5200,900,10,2026-06-22 07:20:00,2026-06-22
MX-9201,33.1,35.0,2026-06-22 06:40:00,1,ACME PRECISION,CNT-99100,Turbo Housing Shell,Injection Molding,active,99100,5200,900,10,2026-06-22 07:40:00,2026-06-22
MX-9201,42.1,35.0,2026-06-22 07:00:00,1,ACME PRECISION,CNT-99100,Turbo Housing Shell,Injection Molding,active,99100,5200,900,10,2026-06-22 08:00:00,2026-06-22
MX-9201,45.2,35.0,2026-06-22 07:20:00,1,ACME PRECISION,CNT-99100,Turbo Housing Shell,Injection Molding,active,99100,5200,900,10,2026-06-22 08:20:00,2026-06-22
MX-9201,39.4,35.0,2026-06-22 07:40:00,1,ACME PRECISION,CNT-99100,Turbo Housing Shell,Injection Molding,active,99100,5200,900,10,2026-06-22 08:40:00,2026-06-22
MX-9201,41.8,35.0,2026-06-22 08:00:00,1,ACME PRECISION,CNT-99100,Turbo Housing Shell,Injection Molding,active,99100,5200,900,10,2026-06-22 09:00:00,2026-06-22
MX-9201,42.3,35.0,2026-06-22 08:20:00,1,ACME PRECISION,CNT-99100,Turbo Housing Shell,Injection Molding,active,99100,5200,900,10,2026-06-22 09:20:00,2026-06-22
MX-9201,42.8,35.0,2026-06-22 08:40:00,1,ACME PRECISION,CNT-99100,Turbo Housing Shell,Injection Molding,active,99100,5200,900,10,2026-06-22 09:40:00,2026-06-22
MX-9201,39.7,35.0,2026-06-22 09:00:00,1,ACME PRECISION,CNT-99100,Turbo Housing Shell,Injection Molding,active,99100,5200,900,10,2026-06-22 10:00:00,2026-06-22
MX-9201,39.2,35.0,2026-06-22 09:20:00,1,ACME PRECISION,CNT-99100,Turbo Housing Shell,Injection Molding,active,99100,5200,900,10,2026-06-22 10:20:00,2026-06-22
MX-9201,42.4,35.0,2026-06-22 09:40:00,1,ACME PRECISION,CNT-99100,Turbo Housing Shell,Injection Molding,active,99100,5200,900,10,2026-06-22 10:40:00,2026-06-22
MX-9201,38.5,35.0,2026-06-22 10:00:00,1,ACME PRECISION,CNT-99100,Turbo Housing Shell,Injection Molding,active,99100,5200,900,10,2026-06-22 11:00:00,2026-06-22
MX-9201,33.3,35.0,2026-06-22 10:20:00,1,ACME PRECISION,CNT-99100,Turbo Housing Shell,Injection Molding,active,99100,5200,900,10,2026-06-22 11:20:00,2026-06-22
MX-9201,38.3,35.0,2026-06-22 10:40:00,1,ACME PRECISION,CNT-99100,Turbo Housing Shell,Injection Molding,active,99100,5200,900,10,2026-06-22 11:40:00,2026-06-22
MX-9201,28.8,35.0,2026-06-22 11:00:00,1,ACME PRECISION,CNT-99100,Turbo Housing Shell,Injection Molding,active,99100,5200,900,10,2026-06-22 12:00:00,2026-06-22
MX-9201,38.1,35.0,2026-06-22 11:20:00,1,ACME PRECISION,CNT-99100,Turbo Housing Shell,Injection Molding,active,99100,5200,900,10,2026-06-22 12:20:00,2026-06-22
MX-9201,40.2,35.0,2026-06-22 11:40:00,1,ACME PRECISION,CNT-99100,Turbo Housing Shell,Injection Molding,active,99100,5200,900,10,2026-06-22 12:40:00,2026-06-22
MX-9201,44.3,35.0,2026-06-22 12:00:00,1,ACME PRECISION,CNT-99100,Turbo Housing Shell,Injection Molding,active,99100,5200,900,10,2026-06-22 13:00:00,2026-06-22
MX-9201,38.9,35.0,2026-06-22 12:20:00,1,ACME PRECISION,CNT-99100,Turbo Housing Shell,Injection Molding,active,99100,5200,900,10,2026-06-22 13:20:00,2026-06-22
MX-9201,42.8,35.0,2026-06-22 12:40:00,1,ACME PRECISION,CNT-99100,Turbo Housing Shell,Injection Molding,active,99100,5200,900,10,2026-06-22 13:40:00,2026-06-22
MX-9201,38.1,35.0,2026-06-22 13:00:00,1,ACME PRECISION,CNT-99100,Turbo Housing Shell,Injection Molding,active,99100,5200,900,10,2026-06-22 14:00:00,2026-06-22
MX-9201,33.1,35.0,2026-06-22 13:20:00,1,ACME PRECISION,CNT-99100,Turbo Housing Shell,Injection Molding,active,99100,5200,900,10,2026-06-22 14:20:00,2026-06-22
MX-9201,31.2,35.0,2026-06-22 13:40:00,1,ACME PRECISION,CNT-99100,Turbo Housing Shell,Injection Molding,active,99100,5200,900,10,2026-06-22 14:40:00,2026-06-22
MX-9201,33.3,35.0,2026-06-22 14:00:00,1,ACME PRECISION,CNT-99100,Turbo Housing Shell,Injection Molding,active,99100,5200,900,10,2026-06-22 15:00:00,2026-06-22
MX-9201,31.4,35.0,2026-06-22 14:20:00,1,ACME PRECISION,CNT-99100,Turbo Housing Shell,Injection Molding,active,99100,5200,900,10,2026-06-22 15:20:00,2026-06-22
MX-9201,41.3,35.0,2026-06-22 14:40:00,1,ACME PRECISION,CNT-99100,Turbo Housing Shell,Injection Molding,active,99100,5200,900,10,2026-06-22 15:40:00,2026-06-22
MX-9201,37.1,35.0,2026-06-22 15:00:00,1,ACME PRECISION,CNT-99100,Turbo Housing Shell,Injection Molding,active,99100,5200,900,10,2026-06-22 16:00:00,2026-06-22
MX-9201,41.0,35.0,2026-06-22 15:20:00,1,ACME PRECISION,CNT-99100,Turbo Housing Shell,Injection Molding,active,99100,5200,900,10,2026-06-22 16:20:00,2026-06-22
MX-9201,38.5,35.0,2026-06-22 15:40:00,1,ACME PRECISION,CNT-99100,Turbo Housing Shell,Injection Molding,active,99100,5200,900,10,2026-06-22 16:40:00,2026-06-22
MX-9201,43.3,35.0,2026-06-22 16:00:00,1,ACME PRECISION,CNT-99100,Turbo Housing Shell,Injection Molding,active,99100,5200,900,10,2026-06-22 17:00:00,2026-06-22
MX-9201,43.4,35.0,2026-06-22 16:20:00,1,ACME PRECISION,CNT-99100,Turbo Housing Shell,Injection Molding,active,99100,5200,900,10,2026-06-22 17:20:00,2026-06-22
MX-9201,34.9,35.0,2026-06-22 16:40:00,1,ACME PRECISION,CNT-99100,Turbo Housing Shell,Injection Molding,active,99100,5200,900,10,2026-06-22 17:40:00,2026-06-22
MX-9201,36.8,35.0,2026-06-22 17:00:00,1,ACME PRECISION,CNT-99100,Turbo Housing Shell,Injection Molding,active,99100,5200,900,10,2026-06-22 18:00:00,2026-06-22
MX-9201,35.5,35.0,2026-06-22 17:20:00,1,ACME PRECISION,CNT-99100,Turbo Housing Shell,Injection Molding,active,99100,5200,900,10,2026-06-22 18:20:00,2026-06-22
MX-9201,30.1,35.0,2026-06-22 17:40:00,1,ACME PRECISION,CNT-99100,Turbo Housing Shell,Injection Molding,active,99100,5200,900,10,2026-06-22 18:40:00,2026-06-22
MX-9201,41.5,35.0,2026-06-22 18:00:00,1,ACME PRECISION,CNT-99100,Turbo Housing Shell,Injection Molding,active,99100,5200,900,10,2026-06-22 19:00:00,2026-06-22
MX-9201,44.0,35.0,2026-06-22 18:20:00,1,ACME PRECISION,CNT-99100,Turbo Housing Shell,Injection Molding,active,99100,5200,900,10,2026-06-22 19:20:00,2026-06-22
MX-9201,38.1,35.0,2026-06-22 18:40:00,1,ACME PRECISION,CNT-99100,Turbo Housing Shell,Injection Molding,active,99100,5200,900,10,2026-06-22 19:40:00,2026-06-22
MX-9201,35.7,35.0,2026-06-22 19:00:00,1,ACME PRECISION,CNT-99100,Turbo Housing Shell,Injection Molding,active,99100,5200,900,10,2026-06-22 20:00:00,2026-06-22
MX-9201,43.6,35.0,2026-06-22 19:20:00,1,ACME PRECISION,CNT-99100,Turbo Housing Shell,Injection Molding,active,99100,5200,900,10,2026-06-22 20:20:00,2026-06-22
MX-9201,26.5,35.0,2026-06-22 19:40:00,1,ACME PRECISION,CNT-99100,Turbo Housing Shell,Injection Molding,active,99100,5200,900,10,2026-06-22 20:40:00,2026-06-22
MX-9201,39.0,35.0,2026-06-22 20:00:00,1,ACME PRECISION,CNT-99100,Turbo Housing Shell,Injection Molding,active,99100,5200,900,10,2026-06-22 21:00:00,2026-06-22
MX-9201,38.9,35.0,2026-06-22 20:20:00,1,ACME PRECISION,CNT-99100,Turbo Housing Shell,Injection Molding,active,99100,5200,900,10,2026-06-22 21:20:00,2026-06-22
MX-9201,35.3,35.0,2026-06-22 20:40:00,1,ACME PRECISION,CNT-99100,Turbo Housing Shell,Injection Molding,active,99100,5200,900,10,2026-06-22 21:40:00,2026-06-22
MX-9201,45.1,35.0,2026-06-22 21:00:00,1,ACME PRECISION,CNT-99100,Turbo Housing Shell,Injection Molding,active,99100,5200,900,10,2026-06-22 22:00:00,2026-06-22
MX-9201,43.0,35.0,2026-06-22 21:20:00,1,ACME PRECISION,CNT-99100,Turbo Housing Shell,Injection Molding,active,99100,5200,900,10,2026-06-22 22:20:00,2026-06-22
MX-9201,36.9,35.0,2026-06-22 21:40:00,1,ACME PRECISION,CNT-99100,Turbo Housing Shell,Injection Molding,active,99100,5200,900,10,2026-06-22 22:40:00,2026-06-22
MX-9201,37.7,35.0,2026-06-22 22:00:00,1,ACME PRECISION,CNT-99100,Turbo Housing Shell,Injection Molding,active,99100,5200,900,10,2026-06-22 23:00:00,2026-06-22
MX-9201,36.2,35.0,2026-06-22 22:20:00,1,ACME PRECISION,CNT-99100,Turbo Housing Shell,Injection Molding,active,99100,5200,900,10,2026-06-22 23:20:00,2026-06-22
MX-9201,35.6,35.0,2026-06-22 22:40:00,1,ACME PRECISION,CNT-99100,Turbo Housing Shell,Injection Molding,active,99100,5200,900,10,2026-06-22 23:40:00,2026-06-22
MX-9201,31.7,35.0,2026-06-22 23:00:00,1,ACME PRECISION,CNT-99100,Turbo Housing Shell,Injection Molding,active,99100,5200,900,10,2026-06-23 00:00:00,2026-06-22
MX-9201,45.0,35.0,2026-06-22 23:20:00,1,ACME PRECISION,CNT-99100,Turbo Housing Shell,Injection Molding,active,99100,5200,900,10,2026-06-23 00:20:00,2026-06-22
MX-9201,43.2,35.0,2026-06-22 23:40:00,1,ACME PRECISION,CNT-99100,Turbo Housing Shell,Injection Molding,active,99100,5200,900,10,2026-06-23 00:40:00,2026-06-22
MX-9201,42.1,35.0,2026-06-23 00:00:00,1,ACME PRECISION,CNT-99100,Turbo Housing Shell,Injection Molding,active,99100,5200,900,10,2026-06-23 01:00:00,2026-06-23
MX-9201,32.7,35.0,2026-06-23 00:20:00,1,ACME PRECISION,CNT-99100,Turbo Housing Shell,Injection Molding,active,99100,5200,900,10,2026-06-23 01:20:00,2026-06-23
MX-9201,48.5,35.0,2026-06-23 00:40:00,1,ACME PRECISION,CNT-99100,Turbo Housing Shell,Injection Molding,active,99100,5200,900,10,2026-06-23 01:40:00,2026-06-23
MX-9201,48.0,35.0,2026-06-23 01:00:00,1,ACME PRECISION,CNT-99100,Turbo Housing Shell,Injection Molding,active,99100,5200,900,10,2026-06-23 02:00:00,2026-06-23
MX-9201,39.1,35.0,2026-06-23 01:20:00,1,ACME PRECISION,CNT-99100,Turbo Housing Shell,Injection Molding,active,99100,5200,900,10,2026-06-23 02:20:00,2026-06-23
MX-9201,33.7,35.0,2026-06-23 01:40:00,1,ACME PRECISION,CNT-99100,Turbo Housing Shell,Injection Molding,active,99100,5200,900,10,2026-06-23 02:40:00,2026-06-23
MX-9201,33.9,35.0,2026-06-23 02:00:00,1,ACME PRECISION,CNT-99100,Turbo Housing Shell,Injection Molding,active,99100,5200,900,10,2026-06-23 03:00:00,2026-06-23
MX-9201,40.2,35.0,2026-06-23 02:20:00,1,ACME PRECISION,CNT-99100,Turbo Housing Shell,Injection Molding,active,99100,5200,900,10,2026-06-23 03:20:00,2026-06-23
MX-9201,33.6,35.0,2026-06-23 02:40:00,1,ACME PRECISION,CNT-99100,Turbo Housing Shell,Injection Molding,active,99100,5200,900,10,2026-06-23 03:40:00,2026-06-23
MX-9201,38.0,35.0,2026-06-23 03:00:00,1,ACME PRECISION,CNT-99100,Turbo Housing Shell,Injection Molding,active,99100,5200,900,10,2026-06-23 04:00:00,2026-06-23
MX-9201,43.5,35.0,2026-06-23 03:20:00,1,ACME PRECISION,CNT-99100,Turbo Housing Shell,Injection Molding,active,99100,5200,900,10,2026-06-23 04:20:00,2026-06-23
MX-9201,30.7,35.0,2026-06-23 03:40:00,1,ACME PRECISION,CNT-99100,Turbo Housing Shell,Injection Molding,active,99100,5200,900,10,2026-06-23 04:40:00,2026-06-23
MX-9201,48.1,35.0,2026-06-23 04:00:00,1,ACME PRECISION,CNT-99100,Turbo Housing Shell,Injection Molding,active,99100,5200,900,10,2026-06-23 05:00:00,2026-06-23
MX-9201,45.9,35.0,2026-06-23 04:20:00,1,ACME PRECISION,CNT-99100,Turbo Housing Shell,Injection Molding,active,99100,5200,900,10,2026-06-23 05:20:00,2026-06-23
MX-9201,32.0,35.0,2026-06-23 04:40:00,1,ACME PRECISION,CNT-99100,Turbo Housing Shell,Injection Molding,active,99100,5200,900,10,2026-06-23 05:40:00,2026-06-23
MX-9201,31.1,35.0,2026-06-23 05:00:00,1,ACME PRECISION,CNT-99100,Turbo Housing Shell,Injection Molding,active,99100,5200,900,10,2026-06-23 06:00:00,2026-06-23
MX-9201,36.7,35.0,2026-06-23 05:20:00,1,ACME PRECISION,CNT-99100,Turbo Housing Shell,Injection Molding,active,99100,5200,900,10,2026-06-23 06:20:00,2026-06-23
MX-9201,33.0,35.0,2026-06-23 05:40:00,1,ACME PRECISION,CNT-99100,Turbo Housing Shell,Injection Molding,active,99100,5200,900,10,2026-06-23 06:40:00,2026-06-23
MX-9201,36.8,35.0,2026-06-23 06:00:00,1,ACME PRECISION,CNT-99100,Turbo Housing Shell,Injection Molding,active,99100,5200,900,10,2026-06-23 07:00:00,2026-06-23
MX-9201,25.3,35.0,2026-06-23 06:20:00,1,ACME PRECISION,CNT-99100,Turbo Housing Shell,Injection Molding,active,99100,5200,900,10,2026-06-23 07:20:00,2026-06-23
MX-9201,37.0,35.0,2026-06-23 06:40:00,1,ACME PRECISION,CNT-99100,Turbo Housing Shell,Injection Molding,active,99100,5200,900,10,2026-06-23 07:40:00,2026-06-23
MX-9201,47.1,35.0,2026-06-23 07:00:00,1,ACME PRECISION,CNT-99100,Turbo Housing Shell,Injection Molding,active,99100,5200,900,10,2026-06-23 08:00:00,2026-06-23
MX-9201,32.6,35.0,2026-06-23 07:20:00,1,ACME PRECISION,CNT-99100,Turbo Housing Shell,Injection Molding,active,99100,5200,900,10,2026-06-23 08:20:00,2026-06-23
MX-9201,36.8,35.0,2026-06-23 07:40:00,1,ACME PRECISION,CNT-99100,Turbo Housing Shell,Injection Molding,active,99100,5200,900,10,2026-06-23 08:40:00,2026-06-23
MX-9201,30.8,35.0,2026-06-23 08:00:00,1,ACME PRECISION,CNT-99100,Turbo Housing Shell,Injection Molding,active,99100,5200,900,10,2026-06-23 09:00:00,2026-06-23
MX-9201,41.3,35.0,2026-06-23 08:20:00,1,ACME PRECISION,CNT-99100,Turbo Housing Shell,Injection Molding,active,99100,5200,900,10,2026-06-23 09:20:00,2026-06-23
MX-9201,37.0,35.0,2026-06-23 08:40:00,1,ACME PRECISION,CNT-99100,Turbo Housing Shell,Injection Molding,active,99100,5200,900,10,2026-06-23 09:40:00,2026-06-23
MX-9201,47.8,35.0,2026-06-23 09:00:00,1,ACME PRECISION,CNT-99100,Turbo Housing Shell,Injection Molding,active,99100,5200,900,10,2026-06-23 10:00:00,2026-06-23
MX-9201,39.2,35.0,2026-06-23 09:20:00,1,ACME PRECISION,CNT-99100,Turbo Housing Shell,Injection Molding,active,99100,5200,900,10,2026-06-23 10:20:00,2026-06-23
MX-9201,36.3,35.0,2026-06-23 09:40:00,1,ACME PRECISION,CNT-99100,Turbo Housing Shell,Injection Molding,active,99100,5200,900,10,2026-06-23 10:40:00,2026-06-23
MX-9201,40.9,35.0,2026-06-23 10:00:00,1,ACME PRECISION,CNT-99100,Turbo Housing Shell,Injection Molding,active,99100,5200,900,10,2026-06-23 11:00:00,2026-06-23
MX-9201,35.6,35.0,2026-06-23 10:20:00,1,ACME PRECISION,CNT-99100,Turbo Housing Shell,Injection Molding,active,99100,5200,900,10,2026-06-23 11:20:00,2026-06-23
MX-9201,31.5,35.0,2026-06-23 10:40:00,1,ACME PRECISION,CNT-99100,Turbo Housing Shell,Injection Molding,active,99100,5200,900,10,2026-06-23 11:40:00,2026-06-23
MX-9201,39.6,35.0,2026-06-23 11:00:00,1,ACME PRECISION,CNT-99100,Turbo Housing Shell,Injection Molding,active,99100,5200,900,10,2026-06-23 12:00:00,2026-06-23
MX-9201,37.3,35.0,2026-06-23 11:20:00,1,ACME PRECISION,CNT-99100,Turbo Housing Shell,Injection Molding,active,99100,5200,900,10,2026-06-23 12:20:00,2026-06-23
MX-9201,39.0,35.0,2026-06-23 11:40:00,1,ACME PRECISION,CNT-99100,Turbo Housing Shell,Injection Molding,active,99100,5200,900,10,2026-06-23 12:40:00,2026-06-23
MX-9201,40.0,35.0,2026-06-23 12:00:00,1,ACME PRECISION,CNT-99100,Turbo Housing Shell,Injection Molding,active,99100,5200,900,10,2026-06-23 13:00:00,2026-06-23
MX-9201,35.6,35.0,2026-06-23 12:20:00,1,ACME PRECISION,CNT-99100,Turbo Housing Shell,Injection Molding,active,99100,5200,900,10,2026-06-23 13:20:00,2026-06-23
MX-9201,40.2,35.0,2026-06-23 12:40:00,1,ACME PRECISION,CNT-99100,Turbo Housing Shell,Injection Molding,active,99100,5200,900,10,2026-06-23 13:40:00,2026-06-23
MX-9201,46.8,35.0,2026-06-23 13:00:00,1,ACME PRECISION,CNT-99100,Turbo Housing Shell,Injection Molding,active,99100,5200,900,10,2026-06-23 14:00:00,2026-06-23
MX-9201,32.7,35.0,2026-06-23 13:20:00,1,ACME PRECISION,CNT-99100,Turbo Housing Shell,Injection Molding,active,99100,5200,900,10,2026-06-23 14:20:00,2026-06-23
MX-9201,46.8,35.0,2026-06-23 13:40:00,1,ACME PRECISION,CNT-99100,Turbo Housing Shell,Injection Molding,active,99100,5200,900,10,2026-06-23 14:40:00,2026-06-23
MX-9201,36.9,35.0,2026-06-23 14:00:00,1,ACME PRECISION,CNT-99100,Turbo Housing Shell,Injection Molding,active,99100,5200,900,10,2026-06-23 15:00:00,2026-06-23
MX-9201,34.3,35.0,2026-06-23 14:20:00,1,ACME PRECISION,CNT-99100,Turbo Housing Shell,Injection Molding,active,99100,5200,900,10,2026-06-23 15:20:00,2026-06-23
MX-9201,50.2,35.0,2026-06-23 14:40:00,1,ACME PRECISION,CNT-99100,Turbo Housing Shell,Injection Molding,active,99100,5200,900,10,2026-06-23 15:40:00,2026-06-23
MX-9201,38.9,35.0,2026-06-23 15:00:00,1,ACME PRECISION,CNT-99100,Turbo Housing Shell,Injection Molding,active,99100,5200,900,10,2026-06-23 16:00:00,2026-06-23
MX-9201,44.9,35.0,2026-06-23 15:20:00,1,ACME PRECISION,CNT-99100,Turbo Housing Shell,Injection Molding,active,99100,5200,900,10,2026-06-23 16:20:00,2026-06-23
MX-9201,42.2,35.0,2026-06-23 15:40:00,1,ACME PRECISION,CNT-99100,Turbo Housing Shell,Injection Molding,active,99100,5200,900,10,2026-06-23 16:40:00,2026-06-23
MX-9201,29.8,35.0,2026-06-23 16:00:00,1,ACME PRECISION,CNT-99100,Turbo Housing Shell,Injection Molding,active,99100,5200,900,10,2026-06-23 17:00:00,2026-06-23
MX-9201,38.7,35.0,2026-06-23 16:20:00,1,ACME PRECISION,CNT-99100,Turbo Housing Shell,Injection Molding,active,99100,5200,900,10,2026-06-23 17:20:00,2026-06-23
MX-9201,35.5,35.0,2026-06-23 16:40:00,1,ACME PRECISION,CNT-99100,Turbo Housing Shell,Injection Molding,active,99100,5200,900,10,2026-06-23 17:40:00,2026-06-23
MX-9201,31.5,35.0,2026-06-23 17:00:00,1,ACME PRECISION,CNT-99100,Turbo Housing Shell,Injection Molding,active,99100,5200,900,10,2026-06-23 18:00:00,2026-06-23
MX-9201,29.4,35.0,2026-06-23 17:20:00,1,ACME PRECISION,CNT-99100,Turbo Housing Shell,Injection Molding,active,99100,5200,900,10,2026-06-23 18:20:00,2026-06-23
MX-9201,38.7,35.0,2026-06-23 17:40:00,1,ACME PRECISION,CNT-99100,Turbo Housing Shell,Injection Molding,active,99100,5200,900,10,2026-06-23 18:40:00,2026-06-23
MX-9201,41.1,35.0,2026-06-23 18:00:00,1,ACME PRECISION,CNT-99100,Turbo Housing Shell,Injection Molding,active,99100,5200,900,10,2026-06-23 19:00:00,2026-06-23
MX-9201,40.1,35.0,2026-06-23 18:20:00,1,ACME PRECISION,CNT-99100,Turbo Housing Shell,Injection Molding,active,99100,5200,900,10,2026-06-23 19:20:00,2026-06-23
MX-9201,36.6,35.0,2026-06-23 18:40:00,1,ACME PRECISION,CNT-99100,Turbo Housing Shell,Injection Molding,active,99100,5200,900,10,2026-06-23 19:40:00,2026-06-23
MX-9201,34.2,35.0,2026-06-23 19:00:00,1,ACME PRECISION,CNT-99100,Turbo Housing Shell,Injection Molding,active,99100,5200,900,10,2026-06-23 20:00:00,2026-06-23
MX-9201,33.3,35.0,2026-06-23 19:20:00,1,ACME PRECISION,CNT-99100,Turbo Housing Shell,Injection Molding,active,99100,5200,900,10,2026-06-23 20:20:00,2026-06-23
MX-9201,35.4,35.0,2026-06-23 19:40:00,1,ACME PRECISION,CNT-99100,Turbo Housing Shell,Injection Molding,active,99100,5200,900,10,2026-06-23 20:40:00,2026-06-23
MX-9201,33.0,35.0,2026-06-23 20:00:00,1,ACME PRECISION,CNT-99100,Turbo Housing Shell,Injection Molding,active,99100,5200,900,10,2026-06-23 21:00:00,2026-06-23
MX-9201,37.1,35.0,2026-06-23 20:20:00,1,ACME PRECISION,CNT-99100,Turbo Housing Shell,Injection Molding,active,99100,5200,900,10,2026-06-23 21:20:00,2026-06-23
MX-9201,38.0,35.0,2026-06-23 20:40:00,1,ACME PRECISION,CNT-99100,Turbo Housing Shell,Injection Molding,active,99100,5200,900,10,2026-06-23 21:40:00,2026-06-23
MX-9201,33.7,35.0,2026-06-23 21:00:00,1,ACME PRECISION,CNT-99100,Turbo Housing Shell,Injection Molding,active,99100,5200,900,10,2026-06-23 22:00:00,2026-06-23
MX-9201,37.0,35.0,2026-06-23 21:20:00,1,ACME PRECISION,CNT-99100,Turbo Housing Shell,Injection Molding,active,99100,5200,900,10,2026-06-23 22:20:00,2026-06-23
MX-9201,34.4,35.0,2026-06-23 21:40:00,1,ACME PRECISION,CNT-99100,Turbo Housing Shell,Injection Molding,active,99100,5200,900,10,2026-06-23 22:40:00,2026-06-23
MX-9201,38.1,35.0,2026-06-23 22:00:00,1,ACME PRECISION,CNT-99100,Turbo Housing Shell,Injection Molding,active,99100,5200,900,10,2026-06-23 23:00:00,2026-06-23
MX-9201,40.7,35.0,2026-06-23 22:20:00,1,ACME PRECISION,CNT-99100,Turbo Housing Shell,Injection Molding,active,99100,5200,900,10,2026-06-23 23:20:00,2026-06-23
MX-9201,39.0,35.0,2026-06-23 22:40:00,1,ACME PRECISION,CNT-99100,Turbo Housing Shell,Injection Molding,active,99100,5200,900,10,2026-06-23 23:40:00,2026-06-23
MX-9201,40.5,35.0,2026-06-23 23:00:00,1,ACME PRECISION,CNT-99100,Turbo Housing Shell,Injection Molding,active,99100,5200,900,10,2026-06-24 00:00:00,2026-06-23
MX-9201,30.0,35.0,2026-06-23 23:20:00,1,ACME PRECISION,CNT-99100,Turbo Housing Shell,Injection Molding,active,99100,5200,900,10,2026-06-24 00:20:00,2026-06-23
MX-9201,36.3,35.0,2026-06-23 23:40:00,1,ACME PRECISION,CNT-99100,Turbo Housing Shell,Injection Molding,active,99100,5200,900,10,2026-06-24 00:40:00,2026-06-23
MX-9201,39.5,35.0,2026-06-24 00:00:00,1,ACME PRECISION,CNT-99100,Turbo Housing Shell,Injection Molding,active,99100,5200,900,10,2026-06-24 01:00:00,2026-06-24
MX-9201,41.3,35.0,2026-06-24 00:20:00,1,ACME PRECISION,CNT-99100,Turbo Housing Shell,Injection Molding,active,99100,5200,900,10,2026-06-24 01:20:00,2026-06-24
MX-9201,30.2,35.0,2026-06-24 00:40:00,1,ACME PRECISION,CNT-99100,Turbo Housing Shell,Injection Molding,active,99100,5200,900,10,2026-06-24 01:40:00,2026-06-24
MX-9201,38.9,35.0,2026-06-24 01:00:00,1,ACME PRECISION,CNT-99100,Turbo Housing Shell,Injection Molding,active,99100,5200,900,10,2026-06-24 02:00:00,2026-06-24
MX-9201,44.1,35.0,2026-06-24 01:20:00,1,ACME PRECISION,CNT-99100,Turbo Housing Shell,Injection Molding,active,99100,5200,900,10,2026-06-24 02:20:00,2026-06-24
MX-9201,37.3,35.0,2026-06-24 01:40:00,1,ACME PRECISION,CNT-99100,Turbo Housing Shell,Injection Molding,active,99100,5200,900,10,2026-06-24 02:40:00,2026-06-24
MX-9201,37.7,35.0,2026-06-24 02:00:00,1,ACME PRECISION,CNT-99100,Turbo Housing Shell,Injection Molding,active,99100,5200,900,10,2026-06-24 03:00:00,2026-06-24
MX-9201,40.4,35.0,2026-06-24 02:20:00,1,ACME PRECISION,CNT-99100,Turbo Housing Shell,Injection Molding,active,99100,5200,900,10,2026-06-24 03:20:00,2026-06-24
MX-9201,39.4,35.0,2026-06-24 02:40:00,1,ACME PRECISION,CNT-99100,Turbo Housing Shell,Injection Molding,active,99100,5200,900,10,2026-06-24 03:40:00,2026-06-24
MX-9201,41.5,35.0,2026-06-24 03:00:00,1,ACME PRECISION,CNT-99100,Turbo Housing Shell,Injection Molding,active,99100,5200,900,10,2026-06-24 04:00:00,2026-06-24
MX-9201,38.5,35.0,2026-06-24 03:20:00,1,ACME PRECISION,CNT-99100,Turbo Housing Shell,Injection Molding,active,99100,5200,900,10,2026-06-24 04:20:00,2026-06-24
MX-9201,38.9,35.0,2026-06-24 03:40:00,1,ACME PRECISION,CNT-99100,Turbo Housing Shell,Injection Molding,active,99100,5200,900,10,2026-06-24 04:40:00,2026-06-24
MX-9201,34.3,35.0,2026-06-24 04:00:00,1,ACME PRECISION,CNT-99100,Turbo Housing Shell,Injection Molding,active,99100,5200,900,10,2026-06-24 05:00:00,2026-06-24
MX-9201,37.3,35.0,2026-06-24 04:20:00,1,ACME PRECISION,CNT-99100,Turbo Housing Shell,Injection Molding,active,99100,5200,900,10,2026-06-24 05:20:00,2026-06-24
MX-9201,44.4,35.0,2026-06-24 04:40:00,1,ACME PRECISION,CNT-99100,Turbo Housing Shell,Injection Molding,active,99100,5200,900,10,2026-06-24 05:40:00,2026-06-24
MX-9201,37.1,35.0,2026-06-24 05:00:00,1,ACME PRECISION,CNT-99100,Turbo Housing Shell,Injection Molding,active,99100,5200,900,10,2026-06-24 06:00:00,2026-06-24
MX-9201,37.3,35.0,2026-06-24 05:20:00,1,ACME PRECISION,CNT-99100,Turbo Housing Shell,Injection Molding,active,99100,5200,900,10,2026-06-24 06:20:00,2026-06-24
MX-9201,35.7,35.0,2026-06-24 05:40:00,1,ACME PRECISION,CNT-99100,Turbo Housing Shell,Injection Molding,active,99100,5200,900,10,2026-06-24 06:40:00,2026-06-24
MX-9201,42.1,35.0,2026-06-24 06:00:00,1,ACME PRECISION,CNT-99100,Turbo Housing Shell,Injection Molding,active,99100,5200,900,10,2026-06-24 07:00:00,2026-06-24
MX-9201,33.9,35.0,2026-06-24 06:20:00,1,ACME PRECISION,CNT-99100,Turbo Housing Shell,Injection Molding,active,99100,5200,900,10,2026-06-24 07:20:00,2026-06-24
MX-9201,42.7,35.0,2026-06-24 06:40:00,1,ACME PRECISION,CNT-99100,Turbo Housing Shell,Injection Molding,active,99100,5200,900,10,2026-06-24 07:40:00,2026-06-24
MX-9201,33.5,35.0,2026-06-24 07:00:00,1,ACME PRECISION,CNT-99100,Turbo Housing Shell,Injection Molding,active,99100,5200,900,10,2026-06-24 08:00:00,2026-06-24
MX-9201,32.9,35.0,2026-06-24 07:20:00,1,ACME PRECISION,CNT-99100,Turbo Housing Shell,Injection Molding,active,99100,5200,900,10,2026-06-24 08:20:00,2026-06-24
MX-9201,39.2,35.0,2026-06-24 07:40:00,1,ACME PRECISION,CNT-99100,Turbo Housing Shell,Injection Molding,active,99100,5200,900,10,2026-06-24 08:40:00,2026-06-24
MX-9201,38.8,35.0,2026-06-24 08:00:00,1,ACME PRECISION,CNT-99100,Turbo Housing Shell,Injection Molding,active,99100,5200,900,10,2026-06-24 09:00:00,2026-06-24
MX-9201,39.6,35.0,2026-06-24 08:20:00,1,ACME PRECISION,CNT-99100,Turbo Housing Shell,Injection Molding,active,99100,5200,900,10,2026-06-24 09:20:00,2026-06-24
MX-9201,43.4,35.0,2026-06-24 08:40:00,1,ACME PRECISION,CNT-99100,Turbo Housing Shell,Injection Molding,active,99100,5200,900,10,2026-06-24 09:40:00,2026-06-24
MX-9201,36.1,35.0,2026-06-24 09:00:00,1,ACME PRECISION,CNT-99100,Turbo Housing Shell,Injection Molding,active,99100,5200,900,10,2026-06-24 10:00:00,2026-06-24
MX-9201,40.3,35.0,2026-06-24 09:20:00,1,ACME PRECISION,CNT-99100,Turbo Housing Shell,Injection Molding,active,99100,5200,900,10,2026-06-24 10:20:00,2026-06-24
MX-9201,33.6,35.0,2026-06-24 09:40:00,1,ACME PRECISION,CNT-99100,Turbo Housing Shell,Injection Molding,active,99100,5200,900,10,2026-06-24 10:40:00,2026-06-24
MX-9201,44.4,35.0,2026-06-24 10:00:00,1,ACME PRECISION,CNT-99100,Turbo Housing Shell,Injection Molding,active,99100,5200,900,10,2026-06-24 11:00:00,2026-06-24
MX-9201,41.3,35.0,2026-06-24 10:20:00,1,ACME PRECISION,CNT-99100,Turbo Housing Shell,Injection Molding,active,99100,5200,900,10,2026-06-24 11:20:00,2026-06-24
MX-9201,40.8,35.0,2026-06-24 10:40:00,1,ACME PRECISION,CNT-99100,Turbo Housing Shell,Injection Molding,active,99100,5200,900,10,2026-06-24 11:40:00,2026-06-24
MX-9201,39.1,35.0,2026-06-24 11:00:00,1,ACME PRECISION,CNT-99100,Turbo Housing Shell,Injection Molding,active,99100,5200,900,10,2026-06-24 12:00:00,2026-06-24
MX-9201,34.3,35.0,2026-06-24 11:20:00,1,ACME PRECISION,CNT-99100,Turbo Housing Shell,Injection Molding,active,99100,5200,900,10,2026-06-24 12:20:00,2026-06-24
MX-9201,36.5,35.0,2026-06-24 11:40:00,1,ACME PRECISION,CNT-99100,Turbo Housing Shell,Injection Molding,active,99100,5200,900,10,2026-06-24 12:40:00,2026-06-24
MX-9201,40.6,35.0,2026-06-24 12:00:00,1,ACME PRECISION,CNT-99100,Turbo Housing Shell,Injection Molding,active,99100,5200,900,10,2026-06-24 13:00:00,2026-06-24
MX-9201,38.1,35.0,2026-06-24 12:20:00,1,ACME PRECISION,CNT-99100,Turbo Housing Shell,Injection Molding,active,99100,5200,900,10,2026-06-24 13:20:00,2026-06-24
MX-9201,38.8,35.0,2026-06-24 12:40:00,1,ACME PRECISION,CNT-99100,Turbo Housing Shell,Injection Molding,active,99100,5200,900,10,2026-06-24 13:40:00,2026-06-24
MX-9201,31.4,35.0,2026-06-24 13:00:00,1,ACME PRECISION,CNT-99100,Turbo Housing Shell,Injection Molding,active,99100,5200,900,10,2026-06-24 14:00:00,2026-06-24
MX-9201,39.0,35.0,2026-06-24 13:20:00,1,ACME PRECISION,CNT-99100,Turbo Housing Shell,Injection Molding,active,99100,5200,900,10,2026-06-24 14:20:00,2026-06-24
MX-9201,34.7,35.0,2026-06-24 13:40:00,1,ACME PRECISION,CNT-99100,Turbo Housing Shell,Injection Molding,active,99100,5200,900,10,2026-06-24 14:40:00,2026-06-24
MX-9201,32.8,35.0,2026-06-24 14:00:00,1,ACME PRECISION,CNT-99100,Turbo Housing Shell,Injection Molding,active,99100,5200,900,10,2026-06-24 15:00:00,2026-06-24
MX-9201,37.4,35.0,2026-06-24 14:20:00,1,ACME PRECISION,CNT-99100,Turbo Housing Shell,Injection Molding,active,99100,5200,900,10,2026-06-24 15:20:00,2026-06-24
MX-9201,28.9,35.0,2026-06-24 14:40:00,1,ACME PRECISION,CNT-99100,Turbo Housing Shell,Injection Molding,active,99100,5200,900,10,2026-06-24 15:40:00,2026-06-24
MX-9201,41.6,35.0,2026-06-24 15:00:00,1,ACME PRECISION,CNT-99100,Turbo Housing Shell,Injection Molding,active,99100,5200,900,10,2026-06-24 16:00:00,2026-06-24
MX-9201,42.4,35.0,2026-06-24 15:20:00,1,ACME PRECISION,CNT-99100,Turbo Housing Shell,Injection Molding,active,99100,5200,900,10,2026-06-24 16:20:00,2026-06-24
MX-9201,37.9,35.0,2026-06-24 15:40:00,1,ACME PRECISION,CNT-99100,Turbo Housing Shell,Injection Molding,active,99100,5200,900,10,2026-06-24 16:40:00,2026-06-24
MX-9201,33.2,35.0,2026-06-24 16:00:00,1,ACME PRECISION,CNT-99100,Turbo Housing Shell,Injection Molding,active,99100,5200,900,10,2026-06-24 17:00:00,2026-06-24
MX-9201,33.5,35.0,2026-06-24 16:20:00,1,ACME PRECISION,CNT-99100,Turbo Housing Shell,Injection Molding,active,99100,5200,900,10,2026-06-24 17:20:00,2026-06-24
MX-9201,37.4,35.0,2026-06-24 16:40:00,1,ACME PRECISION,CNT-99100,Turbo Housing Shell,Injection Molding,active,99100,5200,900,10,2026-06-24 17:40:00,2026-06-24
MX-9201,26.1,35.0,2026-06-24 17:00:00,1,ACME PRECISION,CNT-99100,Turbo Housing Shell,Injection Molding,active,99100,5200,900,10,2026-06-24 18:00:00,2026-06-24
MX-9201,39.0,35.0,2026-06-24 17:20:00,1,ACME PRECISION,CNT-99100,Turbo Housing Shell,Injection Molding,active,99100,5200,900,10,2026-06-24 18:20:00,2026-06-24
MX-9201,41.4,35.0,2026-06-24 17:40:00,1,ACME PRECISION,CNT-99100,Turbo Housing Shell,Injection Molding,active,99100,5200,900,10,2026-06-24 18:40:00,2026-06-24
MX-9201,36.6,35.0,2026-06-24 18:00:00,1,ACME PRECISION,CNT-99100,Turbo Housing Shell,Injection Molding,active,99100,5200,900,10,2026-06-24 19:00:00,2026-06-24
MX-9201,35.7,35.0,2026-06-24 18:20:00,1,ACME PRECISION,CNT-99100,Turbo Housing Shell,Injection Molding,active,99100,5200,900,10,2026-06-24 19:20:00,2026-06-24
MX-9201,39.1,35.0,2026-06-24 18:40:00,1,ACME PRECISION,CNT-99100,Turbo Housing Shell,Injection Molding,active,99100,5200,900,10,2026-06-24 19:40:00,2026-06-24
MX-9201,39.9,35.0,2026-06-24 19:00:00,1,ACME PRECISION,CNT-99100,Turbo Housing Shell,Injection Molding,active,99100,5200,900,10,2026-06-24 20:00:00,2026-06-24
MX-9201,43.6,35.0,2026-06-24 19:20:00,1,ACME PRECISION,CNT-99100,Turbo Housing Shell,Injection Molding,active,99100,5200,900,10,2026-06-24 20:20:00,2026-06-24
MX-9201,38.2,35.0,2026-06-24 19:40:00,1,ACME PRECISION,CNT-99100,Turbo Housing Shell,Injection Molding,active,99100,5200,900,10,2026-06-24 20:40:00,2026-06-24
MX-9201,34.7,35.0,2026-06-24 20:00:00,1,ACME PRECISION,CNT-99100,Turbo Housing Shell,Injection Molding,active,99100,5200,900,10,2026-06-24 21:00:00,2026-06-24
MX-9201,35.9,35.0,2026-06-24 20:20:00,1,ACME PRECISION,CNT-99100,Turbo Housing Shell,Injection Molding,active,99100,5200,900,10,2026-06-24 21:20:00,2026-06-24
MX-9201,39.1,35.0,2026-06-24 20:40:00,1,ACME PRECISION,CNT-99100,Turbo Housing Shell,Injection Molding,active,99100,5200,900,10,2026-06-24 21:40:00,2026-06-24
MX-9201,45.9,35.0,2026-06-24 21:00:00,1,ACME PRECISION,CNT-99100,Turbo Housing Shell,Injection Molding,active,99100,5200,900,10,2026-06-24 22:00:00,2026-06-24
MX-9201,36.6,35.0,2026-06-24 21:20:00,1,ACME PRECISION,CNT-99100,Turbo Housing Shell,Injection Molding,active,99100,5200,900,10,2026-06-24 22:20:00,2026-06-24
MX-9201,32.9,35.0,2026-06-24 21:40:00,1,ACME PRECISION,CNT-99100,Turbo Housing Shell,Injection Molding,active,99100,5200,900,10,2026-06-24 22:40:00,2026-06-24
MX-9201,33.8,35.0,2026-06-24 22:00:00,1,ACME PRECISION,CNT-99100,Turbo Housing Shell,Injection Molding,active,99100,5200,900,10,2026-06-24 23:00:00,2026-06-24
MX-9201,27.8,35.0,2026-06-24 22:20:00,1,ACME PRECISION,CNT-99100,Turbo Housing Shell,Injection Molding,active,99100,5200,900,10,2026-06-24 23:20:00,2026-06-24
MX-9201,39.8,35.0,2026-06-24 22:40:00,1,ACME PRECISION,CNT-99100,Turbo Housing Shell,Injection Molding,active,99100,5200,900,10,2026-06-24 23:40:00,2026-06-24
MX-9201,31.4,35.0,2026-06-24 23:00:00,1,ACME PRECISION,CNT-99100,Turbo Housing Shell,Injection Molding,active,99100,5200,900,10,2026-06-25 00:00:00,2026-06-24
MX-9201,32.0,35.0,2026-06-24 23:20:00,1,ACME PRECISION,CNT-99100,Turbo Housing Shell,Injection Molding,active,99100,5200,900,10,2026-06-25 00:20:00,2026-06-24
MX-9201,28.3,35.0,2026-06-24 23:40:00,1,ACME PRECISION,CNT-99100,Turbo Housing Shell,Injection Molding,active,99100,5200,900,10,2026-06-25 00:40:00,2026-06-24
MX-9201,32.6,35.0,2026-06-25 00:00:00,1,ACME PRECISION,CNT-99100,Turbo Housing Shell,Injection Molding,active,99100,5200,900,10,2026-06-25 01:00:00,2026-06-25
MX-9201,41.0,35.0,2026-06-25 00:20:00,1,ACME PRECISION,CNT-99100,Turbo Housing Shell,Injection Molding,active,99100,5200,900,10,2026-06-25 01:20:00,2026-06-25
MX-9201,31.6,35.0,2026-06-25 00:40:00,1,ACME PRECISION,CNT-99100,Turbo Housing Shell,Injection Molding,active,99100,5200,900,10,2026-06-25 01:40:00,2026-06-25
MX-9201,29.5,35.0,2026-06-25 01:00:00,1,ACME PRECISION,CNT-99100,Turbo Housing Shell,Injection Molding,active,99100,5200,900,10,2026-06-25 02:00:00,2026-06-25
MX-9201,39.0,35.0,2026-06-25 01:20:00,1,ACME PRECISION,CNT-99100,Turbo Housing Shell,Injection Molding,active,99100,5200,900,10,2026-06-25 02:20:00,2026-06-25
MX-9201,36.5,35.0,2026-06-25 01:40:00,1,ACME PRECISION,CNT-99100,Turbo Housing Shell,Injection Molding,active,99100,5200,900,10,2026-06-25 02:40:00,2026-06-25
MX-9201,40.3,35.0,2026-06-25 02:00:00,1,ACME PRECISION,CNT-99100,Turbo Housing Shell,Injection Molding,active,99100,5200,900,10,2026-06-25 03:00:00,2026-06-25
MX-9201,41.8,35.0,2026-06-25 02:20:00,1,ACME PRECISION,CNT-99100,Turbo Housing Shell,Injection Molding,active,99100,5200,900,10,2026-06-25 03:20:00,2026-06-25
MX-9201,38.1,35.0,2026-06-25 02:40:00,1,ACME PRECISION,CNT-99100,Turbo Housing Shell,Injection Molding,active,99100,5200,900,10,2026-06-25 03:40:00,2026-06-25
MX-9201,31.7,35.0,2026-06-25 03:00:00,1,ACME PRECISION,CNT-99100,Turbo Housing Shell,Injection Molding,active,99100,5200,900,10,2026-06-25 04:00:00,2026-06-25
MX-9201,37.5,35.0,2026-06-25 03:20:00,1,ACME PRECISION,CNT-99100,Turbo Housing Shell,Injection Molding,active,99100,5200,900,10,2026-06-25 04:20:00,2026-06-25
MX-9201,40.6,35.0,2026-06-25 03:40:00,1,ACME PRECISION,CNT-99100,Turbo Housing Shell,Injection Molding,active,99100,5200,900,10,2026-06-25 04:40:00,2026-06-25
MX-9201,35.3,35.0,2026-06-25 04:00:00,1,ACME PRECISION,CNT-99100,Turbo Housing Shell,Injection Molding,active,99100,5200,900,10,2026-06-25 05:00:00,2026-06-25
MX-9201,31.0,35.0,2026-06-25 04:20:00,1,ACME PRECISION,CNT-99100,Turbo Housing Shell,Injection Molding,active,99100,5200,900,10,2026-06-25 05:20:00,2026-06-25
MX-9201,43.6,35.0,2026-06-25 04:40:00,1,ACME PRECISION,CNT-99100,Turbo Housing Shell,Injection Molding,active,99100,5200,900,10,2026-06-25 05:40:00,2026-06-25
MX-9201,36.1,35.0,2026-06-25 05:00:00,1,ACME PRECISION,CNT-99100,Turbo Housing Shell,Injection Molding,active,99100,5200,900,10,2026-06-25 06:00:00,2026-06-25
MX-9201,36.1,35.0,2026-06-25 05:20:00,1,ACME PRECISION,CNT-99100,Turbo Housing Shell,Injection Molding,active,99100,5200,900,10,2026-06-25 06:20:00,2026-06-25
MX-9201,38.2,35.0,2026-06-25 05:40:00,1,ACME PRECISION,CNT-99100,Turbo Housing Shell,Injection Molding,active,99100,5200,900,10,2026-06-25 06:40:00,2026-06-25
MX-9201,43.3,35.0,2026-06-25 06:00:00,1,ACME PRECISION,CNT-99100,Turbo Housing Shell,Injection Molding,active,99100,5200,900,10,2026-06-25 07:00:00,2026-06-25
MX-9201,39.5,35.0,2026-06-25 06:20:00,1,ACME PRECISION,CNT-99100,Turbo Housing Shell,Injection Molding,active,99100,5200,900,10,2026-06-25 07:20:00,2026-06-25
MX-9201,36.5,35.0,2026-06-25 06:40:00,1,ACME PRECISION,CNT-99100,Turbo Housing Shell,Injection Molding,active,99100,5200,900,10,2026-06-25 07:40:00,2026-06-25
MX-9201,41.5,35.0,2026-06-25 07:00:00,1,ACME PRECISION,CNT-99100,Turbo Housing Shell,Injection Molding,active,99100,5200,900,10,2026-06-25 08:00:00,2026-06-25
MX-9201,48.8,35.0,2026-06-25 07:20:00,1,ACME PRECISION,CNT-99100,Turbo Housing Shell,Injection Molding,active,99100,5200,900,10,2026-06-25 08:20:00,2026-06-25
MX-9201,45.0,35.0,2026-06-25 07:40:00,1,ACME PRECISION,CNT-99100,Turbo Housing Shell,Injection Molding,active,99100,5200,900,10,2026-06-25 08:40:00,2026-06-25
MX-9201,41.5,35.0,2026-06-25 08:00:00,1,ACME PRECISION,CNT-99100,Turbo Housing Shell,Injection Molding,active,99100,5200,900,10,2026-06-25 09:00:00,2026-06-25
MX-9201,32.6,35.0,2026-06-25 08:20:00,1,ACME PRECISION,CNT-99100,Turbo Housing Shell,Injection Molding,active,99100,5200,900,10,2026-06-25 09:20:00,2026-06-25
MX-9201,56.8,35.0,2026-06-25 08:40:00,1,ACME PRECISION,CNT-99100,Turbo Housing Shell,Injection Molding,active,99100,5200,900,10,2026-06-25 09:40:00,2026-06-25
MX-9201,32.2,35.0,2026-06-25 09:00:00,1,ACME PRECISION,CNT-99100,Turbo Housing Shell,Injection Molding,active,99100,5200,900,10,2026-06-25 10:00:00,2026-06-25
MX-9201,36.3,35.0,2026-06-25 09:20:00,1,ACME PRECISION,CNT-99100,Turbo Housing Shell,Injection Molding,active,99100,5200,900,10,2026-06-25 10:20:00,2026-06-25
MX-9201,34.7,35.0,2026-06-25 09:40:00,1,ACME PRECISION,CNT-99100,Turbo Housing Shell,Injection Molding,active,99100,5200,900,10,2026-06-25 10:40:00,2026-06-25
MX-9201,46.2,35.0,2026-06-25 10:00:00,1,ACME PRECISION,CNT-99100,Turbo Housing Shell,Injection Molding,active,99100,5200,900,10,2026-06-25 11:00:00,2026-06-25
MX-9201,40.2,35.0,2026-06-25 10:20:00,1,ACME PRECISION,CNT-99100,Turbo Housing Shell,Injection Molding,active,99100,5200,900,10,2026-06-25 11:20:00,2026-06-25
MX-9201,31.1,35.0,2026-06-25 10:40:00,1,ACME PRECISION,CNT-99100,Turbo Housing Shell,Injection Molding,active,99100,5200,900,10,2026-06-25 11:40:00,2026-06-25
MX-9201,39.5,35.0,2026-06-25 11:00:00,1,ACME PRECISION,CNT-99100,Turbo Housing Shell,Injection Molding,active,99100,5200,900,10,2026-06-25 12:00:00,2026-06-25
MX-9201,40.9,35.0,2026-06-25 11:20:00,1,ACME PRECISION,CNT-99100,Turbo Housing Shell,Injection Molding,active,99100,5200,900,10,2026-06-25 12:20:00,2026-06-25
MX-9201,36.6,35.0,2026-06-25 11:40:00,1,ACME PRECISION,CNT-99100,Turbo Housing Shell,Injection Molding,active,99100,5200,900,10,2026-06-25 12:40:00,2026-06-25
MX-9201,32.1,35.0,2026-06-25 12:00:00,1,ACME PRECISION,CNT-99100,Turbo Housing Shell,Injection Molding,active,99100,5200,900,10,2026-06-25 13:00:00,2026-06-25
MX-9201,34.6,35.0,2026-06-25 12:20:00,1,ACME PRECISION,CNT-99100,Turbo Housing Shell,Injection Molding,active,99100,5200,900,10,2026-06-25 13:20:00,2026-06-25
MX-9201,36.0,35.0,2026-06-25 12:40:00,1,ACME PRECISION,CNT-99100,Turbo Housing Shell,Injection Molding,active,99100,5200,900,10,2026-06-25 13:40:00,2026-06-25
MX-9201,38.3,35.0,2026-06-25 13:00:00,1,ACME PRECISION,CNT-99100,Turbo Housing Shell,Injection Molding,active,99100,5200,900,10,2026-06-25 14:00:00,2026-06-25
MX-9201,35.6,35.0,2026-06-25 13:20:00,1,ACME PRECISION,CNT-99100,Turbo Housing Shell,Injection Molding,active,99100,5200,900,10,2026-06-25 14:20:00,2026-06-25
MX-9201,41.8,35.0,2026-06-25 13:40:00,1,ACME PRECISION,CNT-99100,Turbo Housing Shell,Injection Molding,active,99100,5200,900,10,2026-06-25 14:40:00,2026-06-25
MX-9201,33.4,35.0,2026-06-25 14:00:00,1,ACME PRECISION,CNT-99100,Turbo Housing Shell,Injection Molding,active,99100,5200,900,10,2026-06-25 15:00:00,2026-06-25
MX-9201,29.6,35.0,2026-06-25 14:20:00,1,ACME PRECISION,CNT-99100,Turbo Housing Shell,Injection Molding,active,99100,5200,900,10,2026-06-25 15:20:00,2026-06-25
MX-9201,34.5,35.0,2026-06-25 14:40:00,1,ACME PRECISION,CNT-99100,Turbo Housing Shell,Injection Molding,active,99100,5200,900,10,2026-06-25 15:40:00,2026-06-25
MX-9201,44.8,35.0,2026-06-25 15:00:00,1,ACME PRECISION,CNT-99100,Turbo Housing Shell,Injection Molding,active,99100,5200,900,10,2026-06-25 16:00:00,2026-06-25
MX-9201,35.3,35.0,2026-06-25 15:20:00,1,ACME PRECISION,CNT-99100,Turbo Housing Shell,Injection Molding,active,99100,5200,900,10,2026-06-25 16:20:00,2026-06-25
MX-9201,49.8,35.0,2026-06-25 15:40:00,1,ACME PRECISION,CNT-99100,Turbo Housing Shell,Injection Molding,active,99100,5200,900,10,2026-06-25 16:40:00,2026-06-25
MX-9201,40.6,35.0,2026-06-25 16:00:00,1,ACME PRECISION,CNT-99100,Turbo Housing Shell,Injection Molding,active,99100,5200,900,10,2026-06-25 17:00:00,2026-06-25
MX-9201,32.4,35.0,2026-06-25 16:20:00,1,ACME PRECISION,CNT-99100,Turbo Housing Shell,Injection Molding,active,99100,5200,900,10,2026-06-25 17:20:00,2026-06-25
MX-9201,34.0,35.0,2026-06-25 16:40:00,1,ACME PRECISION,CNT-99100,Turbo Housing Shell,Injection Molding,active,99100,5200,900,10,2026-06-25 17:40:00,2026-06-25
MX-9201,39.4,35.0,2026-06-25 17:00:00,1,ACME PRECISION,CNT-99100,Turbo Housing Shell,Injection Molding,active,99100,5200,900,10,2026-06-25 18:00:00,2026-06-25
MX-9201,32.3,35.0,2026-06-25 17:20:00,1,ACME PRECISION,CNT-99100,Turbo Housing Shell,Injection Molding,active,99100,5200,900,10,2026-06-25 18:20:00,2026-06-25
MX-9201,49.9,35.0,2026-06-25 17:40:00,1,ACME PRECISION,CNT-99100,Turbo Housing Shell,Injection Molding,active,99100,5200,900,10,2026-06-25 18:40:00,2026-06-25
MX-9201,33.2,35.0,2026-06-25 18:00:00,1,ACME PRECISION,CNT-99100,Turbo Housing Shell,Injection Molding,active,99100,5200,900,10,2026-06-25 19:00:00,2026-06-25
MX-9201,41.5,35.0,2026-06-25 18:20:00,1,ACME PRECISION,CNT-99100,Turbo Housing Shell,Injection Molding,active,99100,5200,900,10,2026-06-25 19:20:00,2026-06-25
MX-9201,45.4,35.0,2026-06-25 18:40:00,1,ACME PRECISION,CNT-99100,Turbo Housing Shell,Injection Molding,active,99100,5200,900,10,2026-06-25 19:40:00,2026-06-25
MX-9201,37.6,35.0,2026-06-25 19:00:00,1,ACME PRECISION,CNT-99100,Turbo Housing Shell,Injection Molding,active,99100,5200,900,10,2026-06-25 20:00:00,2026-06-25
MX-9201,33.2,35.0,2026-06-25 19:20:00,1,ACME PRECISION,CNT-99100,Turbo Housing Shell,Injection Molding,active,99100,5200,900,10,2026-06-25 20:20:00,2026-06-25
MX-9201,36.8,35.0,2026-06-25 19:40:00,1,ACME PRECISION,CNT-99100,Turbo Housing Shell,Injection Molding,active,99100,5200,900,10,2026-06-25 20:40:00,2026-06-25
MX-9201,39.9,35.0,2026-06-25 20:00:00,1,ACME PRECISION,CNT-99100,Turbo Housing Shell,Injection Molding,active,99100,5200,900,10,2026-06-25 21:00:00,2026-06-25
MX-9201,42.5,35.0,2026-06-25 20:20:00,1,ACME PRECISION,CNT-99100,Turbo Housing Shell,Injection Molding,active,99100,5200,900,10,2026-06-25 21:20:00,2026-06-25
MX-9201,38.4,35.0,2026-06-25 20:40:00,1,ACME PRECISION,CNT-99100,Turbo Housing Shell,Injection Molding,active,99100,5200,900,10,2026-06-25 21:40:00,2026-06-25
MX-9201,31.2,35.0,2026-06-25 21:00:00,1,ACME PRECISION,CNT-99100,Turbo Housing Shell,Injection Molding,active,99100,5200,900,10,2026-06-25 22:00:00,2026-06-25
MX-9201,38.4,35.0,2026-06-25 21:20:00,1,ACME PRECISION,CNT-99100,Turbo Housing Shell,Injection Molding,active,99100,5200,900,10,2026-06-25 22:20:00,2026-06-25
MX-9201,34.8,35.0,2026-06-25 21:40:00,1,ACME PRECISION,CNT-99100,Turbo Housing Shell,Injection Molding,active,99100,5200,900,10,2026-06-25 22:40:00,2026-06-25
MX-9201,27.3,35.0,2026-06-25 22:00:00,1,ACME PRECISION,CNT-99100,Turbo Housing Shell,Injection Molding,active,99100,5200,900,10,2026-06-25 23:00:00,2026-06-25
MX-9201,34.7,35.0,2026-06-25 22:20:00,1,ACME PRECISION,CNT-99100,Turbo Housing Shell,Injection Molding,active,99100,5200,900,10,2026-06-25 23:20:00,2026-06-25
MX-9201,31.0,35.0,2026-06-25 22:40:00,1,ACME PRECISION,CNT-99100,Turbo Housing Shell,Injection Molding,active,99100,5200,900,10,2026-06-25 23:40:00,2026-06-25
MX-9201,41.1,35.0,2026-06-25 23:00:00,1,ACME PRECISION,CNT-99100,Turbo Housing Shell,Injection Molding,active,99100,5200,900,10,2026-06-26 00:00:00,2026-06-25
MX-9201,47.8,35.0,2026-06-25 23:20:00,1,ACME PRECISION,CNT-99100,Turbo Housing Shell,Injection Molding,active,99100,5200,900,10,2026-06-26 00:20:00,2026-06-25
MX-9201,47.4,35.0,2026-06-25 23:40:00,1,ACME PRECISION,CNT-99100,Turbo Housing Shell,Injection Molding,active,99100,5200,900,10,2026-06-26 00:40:00,2026-06-25
MX-9201,35.3,35.0,2026-06-26 00:00:00,1,ACME PRECISION,CNT-99100,Turbo Housing Shell,Injection Molding,active,99100,5200,900,10,2026-06-26 01:00:00,2026-06-26
MX-9201,35.8,35.0,2026-06-26 00:20:00,1,ACME PRECISION,CNT-99100,Turbo Housing Shell,Injection Molding,active,99100,5200,900,10,2026-06-26 01:20:00,2026-06-26
MX-9201,41.6,35.0,2026-06-26 00:40:00,1,ACME PRECISION,CNT-99100,Turbo Housing Shell,Injection Molding,active,99100,5200,900,10,2026-06-26 01:40:00,2026-06-26
MX-9201,43.4,35.0,2026-06-26 01:00:00,1,ACME PRECISION,CNT-99100,Turbo Housing Shell,Injection Molding,active,99100,5200,900,10,2026-06-26 02:00:00,2026-06-26
MX-9201,36.1,35.0,2026-06-26 01:20:00,1,ACME PRECISION,CNT-99100,Turbo Housing Shell,Injection Molding,active,99100,5200,900,10,2026-06-26 02:20:00,2026-06-26
MX-9201,37.4,35.0,2026-06-26 01:40:00,1,ACME PRECISION,CNT-99100,Turbo Housing Shell,Injection Molding,active,99100,5200,900,10,2026-06-26 02:40:00,2026-06-26
MX-9201,49.1,35.0,2026-06-26 02:00:00,1,ACME PRECISION,CNT-99100,Turbo Housing Shell,Injection Molding,active,99100,5200,900,10,2026-06-26 03:00:00,2026-06-26
MX-9201,37.6,35.0,2026-06-26 02:20:00,1,ACME PRECISION,CNT-99100,Turbo Housing Shell,Injection Molding,active,99100,5200,900,10,2026-06-26 03:20:00,2026-06-26
MX-9201,35.7,35.0,2026-06-26 02:40:00,1,ACME PRECISION,CNT-99100,Turbo Housing Shell,Injection Molding,active,99100,5200,900,10,2026-06-26 03:40:00,2026-06-26
MX-9201,38.7,35.0,2026-06-26 03:00:00,1,ACME PRECISION,CNT-99100,Turbo Housing Shell,Injection Molding,active,99100,5200,900,10,2026-06-26 04:00:00,2026-06-26
MX-9201,41.0,35.0,2026-06-26 03:20:00,1,ACME PRECISION,CNT-99100,Turbo Housing Shell,Injection Molding,active,99100,5200,900,10,2026-06-26 04:20:00,2026-06-26
MX-9201,33.1,35.0,2026-06-26 03:40:00,1,ACME PRECISION,CNT-99100,Turbo Housing Shell,Injection Molding,active,99100,5200,900,10,2026-06-26 04:40:00,2026-06-26
MX-9201,36.9,35.0,2026-06-26 04:00:00,1,ACME PRECISION,CNT-99100,Turbo Housing Shell,Injection Molding,active,99100,5200,900,10,2026-06-26 05:00:00,2026-06-26
MX-9201,32.4,35.0,2026-06-26 04:20:00,1,ACME PRECISION,CNT-99100,Turbo Housing Shell,Injection Molding,active,99100,5200,900,10,2026-06-26 05:20:00,2026-06-26
MX-9201,36.8,35.0,2026-06-26 04:40:00,1,ACME PRECISION,CNT-99100,Turbo Housing Shell,Injection Molding,active,99100,5200,900,10,2026-06-26 05:40:00,2026-06-26
MX-9201,47.5,35.0,2026-06-26 05:00:00,1,ACME PRECISION,CNT-99100,Turbo Housing Shell,Injection Molding,active,99100,5200,900,10,2026-06-26 06:00:00,2026-06-26
MX-9201,41.8,35.0,2026-06-26 05:20:00,1,ACME PRECISION,CNT-99100,Turbo Housing Shell,Injection Molding,active,99100,5200,900,10,2026-06-26 06:20:00,2026-06-26
MX-9201,37.7,35.0,2026-06-26 05:40:00,1,ACME PRECISION,CNT-99100,Turbo Housing Shell,Injection Molding,active,99100,5200,900,10,2026-06-26 06:40:00,2026-06-26
MX-9201,33.5,35.0,2026-06-26 06:00:00,1,ACME PRECISION,CNT-99100,Turbo Housing Shell,Injection Molding,active,99100,5200,900,10,2026-06-26 07:00:00,2026-06-26
MX-9201,36.6,35.0,2026-06-26 06:20:00,1,ACME PRECISION,CNT-99100,Turbo Housing Shell,Injection Molding,active,99100,5200,900,10,2026-06-26 07:20:00,2026-06-26
MX-9201,43.4,35.0,2026-06-26 06:40:00,1,ACME PRECISION,CNT-99100,Turbo Housing Shell,Injection Molding,active,99100,5200,900,10,2026-06-26 07:40:00,2026-06-26
MX-9201,35.4,35.0,2026-06-26 07:00:00,1,ACME PRECISION,CNT-99100,Turbo Housing Shell,Injection Molding,active,99100,5200,900,10,2026-06-26 08:00:00,2026-06-26
MX-9201,45.3,35.0,2026-06-26 07:20:00,1,ACME PRECISION,CNT-99100,Turbo Housing Shell,Injection Molding,active,99100,5200,900,10,2026-06-26 08:20:00,2026-06-26
MX-9201,31.3,35.0,2026-06-26 07:40:00,1,ACME PRECISION,CNT-99100,Turbo Housing Shell,Injection Molding,active,99100,5200,900,10,2026-06-26 08:40:00,2026-06-26
MX-9201,36.7,35.0,2026-06-26 08:00:00,1,ACME PRECISION,CNT-99100,Turbo Housing Shell,Injection Molding,active,99100,5200,900,10,2026-06-26 09:00:00,2026-06-26
MX-9201,46.8,35.0,2026-06-26 08:20:00,1,ACME PRECISION,CNT-99100,Turbo Housing Shell,Injection Molding,active,99100,5200,900,10,2026-06-26 09:20:00,2026-06-26
MX-9201,28.2,35.0,2026-06-26 08:40:00,1,ACME PRECISION,CNT-99100,Turbo Housing Shell,Injection Molding,active,99100,5200,900,10,2026-06-26 09:40:00,2026-06-26
MX-9201,44.0,35.0,2026-06-26 09:00:00,1,ACME PRECISION,CNT-99100,Turbo Housing Shell,Injection Molding,active,99100,5200,900,10,2026-06-26 10:00:00,2026-06-26
MX-9201,29.0,35.0,2026-06-26 09:20:00,1,ACME PRECISION,CNT-99100,Turbo Housing Shell,Injection Molding,active,99100,5200,900,10,2026-06-26 10:20:00,2026-06-26
MX-9201,37.7,35.0,2026-06-26 09:40:00,1,ACME PRECISION,CNT-99100,Turbo Housing Shell,Injection Molding,active,99100,5200,900,10,2026-06-26 10:40:00,2026-06-26
MX-9201,37.3,35.0,2026-06-26 10:00:00,1,ACME PRECISION,CNT-99100,Turbo Housing Shell,Injection Molding,active,99100,5200,900,10,2026-06-26 11:00:00,2026-06-26
MX-9201,42.2,35.0,2026-06-26 10:20:00,1,ACME PRECISION,CNT-99100,Turbo Housing Shell,Injection Molding,active,99100,5200,900,10,2026-06-26 11:20:00,2026-06-26
MX-9201,22.5,35.0,2026-06-26 10:40:00,1,ACME PRECISION,CNT-99100,Turbo Housing Shell,Injection Molding,active,99100,5200,900,10,2026-06-26 11:40:00,2026-06-26
MX-9201,28.6,35.0,2026-06-26 11:00:00,1,ACME PRECISION,CNT-99100,Turbo Housing Shell,Injection Molding,active,99100,5200,900,10,2026-06-26 12:00:00,2026-06-26
MX-9201,35.3,35.0,2026-06-26 11:20:00,1,ACME PRECISION,CNT-99100,Turbo Housing Shell,Injection Molding,active,99100,5200,900,10,2026-06-26 12:20:00,2026-06-26
MX-9201,38.3,35.0,2026-06-26 11:40:00,1,ACME PRECISION,CNT-99100,Turbo Housing Shell,Injection Molding,active,99100,5200,900,10,2026-06-26 12:40:00,2026-06-26
MX-9201,33.7,35.0,2026-06-26 12:00:00,1,ACME PRECISION,CNT-99100,Turbo Housing Shell,Injection Molding,active,99100,5200,900,10,2026-06-26 13:00:00,2026-06-26
MX-9201,37.1,35.0,2026-06-26 12:20:00,1,ACME PRECISION,CNT-99100,Turbo Housing Shell,Injection Molding,active,99100,5200,900,10,2026-06-26 13:20:00,2026-06-26
MX-9201,32.3,35.0,2026-06-26 12:40:00,1,ACME PRECISION,CNT-99100,Turbo Housing Shell,Injection Molding,active,99100,5200,900,10,2026-06-26 13:40:00,2026-06-26
MX-9201,36.2,35.0,2026-06-26 13:00:00,1,ACME PRECISION,CNT-99100,Turbo Housing Shell,Injection Molding,active,99100,5200,900,10,2026-06-26 14:00:00,2026-06-26
MX-9201,34.0,35.0,2026-06-26 13:20:00,1,ACME PRECISION,CNT-99100,Turbo Housing Shell,Injection Molding,active,99100,5200,900,10,2026-06-26 14:20:00,2026-06-26
MX-9201,39.4,35.0,2026-06-26 13:40:00,1,ACME PRECISION,CNT-99100,Turbo Housing Shell,Injection Molding,active,99100,5200,900,10,2026-06-26 14:40:00,2026-06-26
MX-9201,41.0,35.0,2026-06-26 14:00:00,1,ACME PRECISION,CNT-99100,Turbo Housing Shell,Injection Molding,active,99100,5200,900,10,2026-06-26 15:00:00,2026-06-26
MX-9201,45.3,35.0,2026-06-26 14:20:00,1,ACME PRECISION,CNT-99100,Turbo Housing Shell,Injection Molding,active,99100,5200,900,10,2026-06-26 15:20:00,2026-06-26
MX-9201,34.9,35.0,2026-06-26 14:40:00,1,ACME PRECISION,CNT-99100,Turbo Housing Shell,Injection Molding,active,99100,5200,900,10,2026-06-26 15:40:00,2026-06-26
MX-9201,36.6,35.0,2026-06-26 15:00:00,1,ACME PRECISION,CNT-99100,Turbo Housing Shell,Injection Molding,active,99100,5200,900,10,2026-06-26 16:00:00,2026-06-26
MX-9201,38.4,35.0,2026-06-26 15:20:00,1,ACME PRECISION,CNT-99100,Turbo Housing Shell,Injection Molding,active,99100,5200,900,10,2026-06-26 16:20:00,2026-06-26
MX-9201,36.7,35.0,2026-06-26 15:40:00,1,ACME PRECISION,CNT-99100,Turbo Housing Shell,Injection Molding,active,99100,5200,900,10,2026-06-26 16:40:00,2026-06-26
MX-9201,37.9,35.0,2026-06-26 16:00:00,1,ACME PRECISION,CNT-99100,Turbo Housing Shell,Injection Molding,active,99100,5200,900,10,2026-06-26 17:00:00,2026-06-26
MX-9201,30.4,35.0,2026-06-26 16:20:00,1,ACME PRECISION,CNT-99100,Turbo Housing Shell,Injection Molding,active,99100,5200,900,10,2026-06-26 17:20:00,2026-06-26
MX-9201,40.0,35.0,2026-06-26 16:40:00,1,ACME PRECISION,CNT-99100,Turbo Housing Shell,Injection Molding,active,99100,5200,900,10,2026-06-26 17:40:00,2026-06-26
MX-9201,33.6,35.0,2026-06-26 17:00:00,1,ACME PRECISION,CNT-99100,Turbo Housing Shell,Injection Molding,active,99100,5200,900,10,2026-06-26 18:00:00,2026-06-26
MX-9201,33.4,35.0,2026-06-26 17:20:00,1,ACME PRECISION,CNT-99100,Turbo Housing Shell,Injection Molding,active,99100,5200,900,10,2026-06-26 18:20:00,2026-06-26
MX-9201,30.3,35.0,2026-06-26 17:40:00,1,ACME PRECISION,CNT-99100,Turbo Housing Shell,Injection Molding,active,99100,5200,900,10,2026-06-26 18:40:00,2026-06-26
MX-9201,43.9,35.0,2026-06-26 18:00:00,1,ACME PRECISION,CNT-99100,Turbo Housing Shell,Injection Molding,active,99100,5200,900,10,2026-06-26 19:00:00,2026-06-26
MX-9201,37.5,35.0,2026-06-26 18:20:00,1,ACME PRECISION,CNT-99100,Turbo Housing Shell,Injection Molding,active,99100,5200,900,10,2026-06-26 19:20:00,2026-06-26
MX-9201,43.9,35.0,2026-06-26 18:40:00,1,ACME PRECISION,CNT-99100,Turbo Housing Shell,Injection Molding,active,99100,5200,900,10,2026-06-26 19:40:00,2026-06-26
MX-9201,39.5,35.0,2026-06-26 19:00:00,1,ACME PRECISION,CNT-99100,Turbo Housing Shell,Injection Molding,active,99100,5200,900,10,2026-06-26 20:00:00,2026-06-26
MX-9201,29.7,35.0,2026-06-26 19:20:00,1,ACME PRECISION,CNT-99100,Turbo Housing Shell,Injection Molding,active,99100,5200,900,10,2026-06-26 20:20:00,2026-06-26
MX-9201,32.8,35.0,2026-06-26 19:40:00,1,ACME PRECISION,CNT-99100,Turbo Housing Shell,Injection Molding,active,99100,5200,900,10,2026-06-26 20:40:00,2026-06-26
MX-9201,41.9,35.0,2026-06-26 20:00:00,1,ACME PRECISION,CNT-99100,Turbo Housing Shell,Injection Molding,active,99100,5200,900,10,2026-06-26 21:00:00,2026-06-26
MX-9201,34.4,35.0,2026-06-26 20:20:00,1,ACME PRECISION,CNT-99100,Turbo Housing Shell,Injection Molding,active,99100,5200,900,10,2026-06-26 21:20:00,2026-06-26
MX-9201,32.7,35.0,2026-06-26 20:40:00,1,ACME PRECISION,CNT-99100,Turbo Housing Shell,Injection Molding,active,99100,5200,900,10,2026-06-26 21:40:00,2026-06-26
MX-9201,37.3,35.0,2026-06-26 21:00:00,1,ACME PRECISION,CNT-99100,Turbo Housing Shell,Injection Molding,active,99100,5200,900,10,2026-06-26 22:00:00,2026-06-26
MX-9201,37.3,35.0,2026-06-26 21:20:00,1,ACME PRECISION,CNT-99100,Turbo Housing Shell,Injection Molding,active,99100,5200,900,10,2026-06-26 22:20:00,2026-06-26
MX-9201,33.1,35.0,2026-06-26 21:40:00,1,ACME PRECISION,CNT-99100,Turbo Housing Shell,Injection Molding,active,99100,5200,900,10,2026-06-26 22:40:00,2026-06-26
MX-9201,36.5,35.0,2026-06-26 22:00:00,1,ACME PRECISION,CNT-99100,Turbo Housing Shell,Injection Molding,active,99100,5200,900,10,2026-06-26 23:00:00,2026-06-26
MX-9201,35.8,35.0,2026-06-26 22:20:00,1,ACME PRECISION,CNT-99100,Turbo Housing Shell,Injection Molding,active,99100,5200,900,10,2026-06-26 23:20:00,2026-06-26
MX-9201,25.3,35.0,2026-06-26 22:40:00,1,ACME PRECISION,CNT-99100,Turbo Housing Shell,Injection Molding,active,99100,5200,900,10,2026-06-26 23:40:00,2026-06-26
MX-9201,40.6,35.0,2026-06-26 23:00:00,1,ACME PRECISION,CNT-99100,Turbo Housing Shell,Injection Molding,active,99100,5200,900,10,2026-06-27 00:00:00,2026-06-26
MX-9201,34.1,35.0,2026-06-26 23:20:00,1,ACME PRECISION,CNT-99100,Turbo Housing Shell,Injection Molding,active,99100,5200,900,10,2026-06-27 00:20:00,2026-06-26
MX-9201,44.6,35.0,2026-06-26 23:40:00,1,ACME PRECISION,CNT-99100,Turbo Housing Shell,Injection Molding,active,99100,5200,900,10,2026-06-27 00:40:00,2026-06-26
MX-9201,32.4,35.0,2026-06-27 00:00:00,1,ACME PRECISION,CNT-99100,Turbo Housing Shell,Injection Molding,active,99100,5200,900,10,2026-06-27 01:00:00,2026-06-27
MX-9201,30.3,35.0,2026-06-27 00:20:00,1,ACME PRECISION,CNT-99100,Turbo Housing Shell,Injection Molding,active,99100,5200,900,10,2026-06-27 01:20:00,2026-06-27
MX-9201,44.0,35.0,2026-06-27 00:40:00,1,ACME PRECISION,CNT-99100,Turbo Housing Shell,Injection Molding,active,99100,5200,900,10,2026-06-27 01:40:00,2026-06-27
MX-9201,30.3,35.0,2026-06-27 01:00:00,1,ACME PRECISION,CNT-99100,Turbo Housing Shell,Injection Molding,active,99100,5200,900,10,2026-06-27 02:00:00,2026-06-27
MX-9201,35.0,35.0,2026-06-27 01:20:00,1,ACME PRECISION,CNT-99100,Turbo Housing Shell,Injection Molding,active,99100,5200,900,10,2026-06-27 02:20:00,2026-06-27
MX-9201,41.1,35.0,2026-06-27 01:40:00,1,ACME PRECISION,CNT-99100,Turbo Housing Shell,Injection Molding,active,99100,5200,900,10,2026-06-27 02:40:00,2026-06-27
MX-9201,36.5,35.0,2026-06-27 02:00:00,1,ACME PRECISION,CNT-99100,Turbo Housing Shell,Injection Molding,active,99100,5200,900,10,2026-06-27 03:00:00,2026-06-27
MX-9201,29.9,35.0,2026-06-27 02:20:00,1,ACME PRECISION,CNT-99100,Turbo Housing Shell,Injection Molding,active,99100,5200,900,10,2026-06-27 03:20:00,2026-06-27
MX-9201,39.1,35.0,2026-06-27 02:40:00,1,ACME PRECISION,CNT-99100,Turbo Housing Shell,Injection Molding,active,99100,5200,900,10,2026-06-27 03:40:00,2026-06-27
MX-9201,37.2,35.0,2026-06-27 03:00:00,1,ACME PRECISION,CNT-99100,Turbo Housing Shell,Injection Molding,active,99100,5200,900,10,2026-06-27 04:00:00,2026-06-27
MX-9201,44.5,35.0,2026-06-27 03:20:00,1,ACME PRECISION,CNT-99100,Turbo Housing Shell,Injection Molding,active,99100,5200,900,10,2026-06-27 04:20:00,2026-06-27
MX-9201,41.1,35.0,2026-06-27 03:40:00,1,ACME PRECISION,CNT-99100,Turbo Housing Shell,Injection Molding,active,99100,5200,900,10,2026-06-27 04:40:00,2026-06-27
MX-9201,53.2,35.0,2026-06-27 04:00:00,1,ACME PRECISION,CNT-99100,Turbo Housing Shell,Injection Molding,active,99100,5200,900,10,2026-06-27 05:00:00,2026-06-27
MX-9201,30.0,35.0,2026-06-27 04:20:00,1,ACME PRECISION,CNT-99100,Turbo Housing Shell,Injection Molding,active,99100,5200,900,10,2026-06-27 05:20:00,2026-06-27
MX-9201,38.0,35.0,2026-06-27 04:40:00,1,ACME PRECISION,CNT-99100,Turbo Housing Shell,Injection Molding,active,99100,5200,900,10,2026-06-27 05:40:00,2026-06-27
MX-9201,32.9,35.0,2026-06-27 05:00:00,1,ACME PRECISION,CNT-99100,Turbo Housing Shell,Injection Molding,active,99100,5200,900,10,2026-06-27 06:00:00,2026-06-27
MX-9201,43.9,35.0,2026-06-27 05:20:00,1,ACME PRECISION,CNT-99100,Turbo Housing Shell,Injection Molding,active,99100,5200,900,10,2026-06-27 06:20:00,2026-06-27
MX-9201,42.2,35.0,2026-06-27 05:40:00,1,ACME PRECISION,CNT-99100,Turbo Housing Shell,Injection Molding,active,99100,5200,900,10,2026-06-27 06:40:00,2026-06-27
MX-9201,41.9,35.0,2026-06-27 06:00:00,1,ACME PRECISION,CNT-99100,Turbo Housing Shell,Injection Molding,active,99100,5200,900,10,2026-06-27 07:00:00,2026-06-27
MX-9201,34.3,35.0,2026-06-27 06:20:00,1,ACME PRECISION,CNT-99100,Turbo Housing Shell,Injection Molding,active,99100,5200,900,10,2026-06-27 07:20:00,2026-06-27
MX-9201,34.5,35.0,2026-06-27 06:40:00,1,ACME PRECISION,CNT-99100,Turbo Housing Shell,Injection Molding,active,99100,5200,900,10,2026-06-27 07:40:00,2026-06-27
MX-9201,28.1,35.0,2026-06-27 07:00:00,1,ACME PRECISION,CNT-99100,Turbo Housing Shell,Injection Molding,active,99100,5200,900,10,2026-06-27 08:00:00,2026-06-27
MX-9201,46.6,35.0,2026-06-27 07:20:00,1,ACME PRECISION,CNT-99100,Turbo Housing Shell,Injection Molding,active,99100,5200,900,10,2026-06-27 08:20:00,2026-06-27
MX-9201,40.7,35.0,2026-06-27 07:40:00,1,ACME PRECISION,CNT-99100,Turbo Housing Shell,Injection Molding,active,99100,5200,900,10,2026-06-27 08:40:00,2026-06-27
MX-9201,36.9,35.0,2026-06-27 08:00:00,1,ACME PRECISION,CNT-99100,Turbo Housing Shell,Injection Molding,active,99100,5200,900,10,2026-06-27 09:00:00,2026-06-27
MX-9201,42.8,35.0,2026-06-27 08:20:00,1,ACME PRECISION,CNT-99100,Turbo Housing Shell,Injection Molding,active,99100,5200,900,10,2026-06-27 09:20:00,2026-06-27
MX-9201,41.9,35.0,2026-06-27 08:40:00,1,ACME PRECISION,CNT-99100,Turbo Housing Shell,Injection Molding,active,99100,5200,900,10,2026-06-27 09:40:00,2026-06-27
MX-9201,43.0,35.0,2026-06-27 09:00:00,1,ACME PRECISION,CNT-99100,Turbo Housing Shell,Injection Molding,active,99100,5200,900,10,2026-06-27 10:00:00,2026-06-27
MX-9201,30.1,35.0,2026-06-27 09:20:00,1,ACME PRECISION,CNT-99100,Turbo Housing Shell,Injection Molding,active,99100,5200,900,10,2026-06-27 10:20:00,2026-06-27
MX-9201,34.6,35.0,2026-06-27 09:40:00,1,ACME PRECISION,CNT-99100,Turbo Housing Shell,Injection Molding,active,99100,5200,900,10,2026-06-27 10:40:00,2026-06-27
MX-9201,39.1,35.0,2026-06-27 10:00:00,1,ACME PRECISION,CNT-99100,Turbo Housing Shell,Injection Molding,active,99100,5200,900,10,2026-06-27 11:00:00,2026-06-27
MX-9201,39.9,35.0,2026-06-27 10:20:00,1,ACME PRECISION,CNT-99100,Turbo Housing Shell,Injection Molding,active,99100,5200,900,10,2026-06-27 11:20:00,2026-06-27
MX-9201,42.9,35.0,2026-06-27 10:40:00,1,ACME PRECISION,CNT-99100,Turbo Housing Shell,Injection Molding,active,99100,5200,900,10,2026-06-27 11:40:00,2026-06-27
MX-9201,33.1,35.0,2026-06-27 11:00:00,1,ACME PRECISION,CNT-99100,Turbo Housing Shell,Injection Molding,active,99100,5200,900,10,2026-06-27 12:00:00,2026-06-27
MX-9201,38.8,35.0,2026-06-27 11:20:00,1,ACME PRECISION,CNT-99100,Turbo Housing Shell,Injection Molding,active,99100,5200,900,10,2026-06-27 12:20:00,2026-06-27
MX-9201,49.1,35.0,2026-06-27 11:40:00,1,ACME PRECISION,CNT-99100,Turbo Housing Shell,Injection Molding,active,99100,5200,900,10,2026-06-27 12:40:00,2026-06-27
MX-9201,41.6,35.0,2026-06-27 12:00:00,1,ACME PRECISION,CNT-99100,Turbo Housing Shell,Injection Molding,active,99100,5200,900,10,2026-06-27 13:00:00,2026-06-27
MX-9201,42.5,35.0,2026-06-27 12:20:00,1,ACME PRECISION,CNT-99100,Turbo Housing Shell,Injection Molding,active,99100,5200,900,10,2026-06-27 13:20:00,2026-06-27
MX-9201,38.1,35.0,2026-06-27 12:40:00,1,ACME PRECISION,CNT-99100,Turbo Housing Shell,Injection Molding,active,99100,5200,900,10,2026-06-27 13:40:00,2026-06-27
MX-9201,42.0,35.0,2026-06-27 13:00:00,1,ACME PRECISION,CNT-99100,Turbo Housing Shell,Injection Molding,active,99100,5200,900,10,2026-06-27 14:00:00,2026-06-27
MX-9201,47.1,35.0,2026-06-27 13:20:00,1,ACME PRECISION,CNT-99100,Turbo Housing Shell,Injection Molding,active,99100,5200,900,10,2026-06-27 14:20:00,2026-06-27
MX-9201,38.7,35.0,2026-06-27 13:40:00,1,ACME PRECISION,CNT-99100,Turbo Housing Shell,Injection Molding,active,99100,5200,900,10,2026-06-27 14:40:00,2026-06-27
MX-9201,44.2,35.0,2026-06-27 14:00:00,1,ACME PRECISION,CNT-99100,Turbo Housing Shell,Injection Molding,active,99100,5200,900,10,2026-06-27 15:00:00,2026-06-27
MX-9201,33.8,35.0,2026-06-27 14:20:00,1,ACME PRECISION,CNT-99100,Turbo Housing Shell,Injection Molding,active,99100,5200,900,10,2026-06-27 15:20:00,2026-06-27
MX-9201,41.1,35.0,2026-06-27 14:40:00,1,ACME PRECISION,CNT-99100,Turbo Housing Shell,Injection Molding,active,99100,5200,900,10,2026-06-27 15:40:00,2026-06-27
MX-9201,42.6,35.0,2026-06-27 15:00:00,1,ACME PRECISION,CNT-99100,Turbo Housing Shell,Injection Molding,active,99100,5200,900,10,2026-06-27 16:00:00,2026-06-27
MX-9201,34.4,35.0,2026-06-27 15:20:00,1,ACME PRECISION,CNT-99100,Turbo Housing Shell,Injection Molding,active,99100,5200,900,10,2026-06-27 16:20:00,2026-06-27
MX-9201,43.6,35.0,2026-06-27 15:40:00,1,ACME PRECISION,CNT-99100,Turbo Housing Shell,Injection Molding,active,99100,5200,900,10,2026-06-27 16:40:00,2026-06-27
MX-9201,34.8,35.0,2026-06-27 16:00:00,1,ACME PRECISION,CNT-99100,Turbo Housing Shell,Injection Molding,active,99100,5200,900,10,2026-06-27 17:00:00,2026-06-27
MX-9201,34.2,35.0,2026-06-27 16:20:00,1,ACME PRECISION,CNT-99100,Turbo Housing Shell,Injection Molding,active,99100,5200,900,10,2026-06-27 17:20:00,2026-06-27
MX-9201,38.1,35.0,2026-06-27 16:40:00,1,ACME PRECISION,CNT-99100,Turbo Housing Shell,Injection Molding,active,99100,5200,900,10,2026-06-27 17:40:00,2026-06-27
MX-9201,47.7,35.0,2026-06-27 17:00:00,1,ACME PRECISION,CNT-99100,Turbo Housing Shell,Injection Molding,active,99100,5200,900,10,2026-06-27 18:00:00,2026-06-27
MX-9201,39.7,35.0,2026-06-27 17:20:00,1,ACME PRECISION,CNT-99100,Turbo Housing Shell,Injection Molding,active,99100,5200,900,10,2026-06-27 18:20:00,2026-06-27
MX-9201,42.8,35.0,2026-06-27 17:40:00,1,ACME PRECISION,CNT-99100,Turbo Housing Shell,Injection Molding,active,99100,5200,900,10,2026-06-27 18:40:00,2026-06-27
MX-9201,34.5,35.0,2026-06-27 18:00:00,1,ACME PRECISION,CNT-99100,Turbo Housing Shell,Injection Molding,active,99100,5200,900,10,2026-06-27 19:00:00,2026-06-27
MX-9201,38.5,35.0,2026-06-27 18:20:00,1,ACME PRECISION,CNT-99100,Turbo Housing Shell,Injection Molding,active,99100,5200,900,10,2026-06-27 19:20:00,2026-06-27
MX-9201,32.3,35.0,2026-06-27 18:40:00,1,ACME PRECISION,CNT-99100,Turbo Housing Shell,Injection Molding,active,99100,5200,900,10,2026-06-27 19:40:00,2026-06-27
MX-9201,35.3,35.0,2026-06-27 19:00:00,1,ACME PRECISION,CNT-99100,Turbo Housing Shell,Injection Molding,active,99100,5200,900,10,2026-06-27 20:00:00,2026-06-27
MX-9201,42.3,35.0,2026-06-27 19:20:00,1,ACME PRECISION,CNT-99100,Turbo Housing Shell,Injection Molding,active,99100,5200,900,10,2026-06-27 20:20:00,2026-06-27
MX-9201,38.0,35.0,2026-06-27 19:40:00,1,ACME PRECISION,CNT-99100,Turbo Housing Shell,Injection Molding,active,99100,5200,900,10,2026-06-27 20:40:00,2026-06-27
MX-9201,45.3,35.0,2026-06-27 20:00:00,1,ACME PRECISION,CNT-99100,Turbo Housing Shell,Injection Molding,active,99100,5200,900,10,2026-06-27 21:00:00,2026-06-27
MX-9201,37.1,35.0,2026-06-27 20:20:00,1,ACME PRECISION,CNT-99100,Turbo Housing Shell,Injection Molding,active,99100,5200,900,10,2026-06-27 21:20:00,2026-06-27
MX-9201,37.2,35.0,2026-06-27 20:40:00,1,ACME PRECISION,CNT-99100,Turbo Housing Shell,Injection Molding,active,99100,5200,900,10,2026-06-27 21:40:00,2026-06-27
MX-9201,44.5,35.0,2026-06-27 21:00:00,1,ACME PRECISION,CNT-99100,Turbo Housing Shell,Injection Molding,active,99100,5200,900,10,2026-06-27 22:00:00,2026-06-27
MX-9201,34.9,35.0,2026-06-27 21:20:00,1,ACME PRECISION,CNT-99100,Turbo Housing Shell,Injection Molding,active,99100,5200,900,10,2026-06-27 22:20:00,2026-06-27
MX-9201,30.6,35.0,2026-06-27 21:40:00,1,ACME PRECISION,CNT-99100,Turbo Housing Shell,Injection Molding,active,99100,5200,900,10,2026-06-27 22:40:00,2026-06-27
MX-9201,44.6,35.0,2026-06-27 22:00:00,1,ACME PRECISION,CNT-99100,Turbo Housing Shell,Injection Molding,active,99100,5200,900,10,2026-06-27 23:00:00,2026-06-27
MX-9201,40.2,35.0,2026-06-27 22:20:00,1,ACME PRECISION,CNT-99100,Turbo Housing Shell,Injection Molding,active,99100,5200,900,10,2026-06-27 23:20:00,2026-06-27
MX-9201,27.4,35.0,2026-06-27 22:40:00,1,ACME PRECISION,CNT-99100,Turbo Housing Shell,Injection Molding,active,99100,5200,900,10,2026-06-27 23:40:00,2026-06-27
MX-9201,38.4,35.0,2026-06-27 23:00:00,1,ACME PRECISION,CNT-99100,Turbo Housing Shell,Injection Molding,active,99100,5200,900,10,2026-06-28 00:00:00,2026-06-27
MX-9201,36.1,35.0,2026-06-27 23:20:00,1,ACME PRECISION,CNT-99100,Turbo Housing Shell,Injection Molding,active,99100,5200,900,10,2026-06-28 00:20:00,2026-06-27
MX-9201,46.8,35.0,2026-06-27 23:40:00,1,ACME PRECISION,CNT-99100,Turbo Housing Shell,Injection Molding,active,99100,5200,900,10,2026-06-28 00:40:00,2026-06-27
MX-9201,34.5,35.0,2026-06-28 00:00:00,1,ACME PRECISION,CNT-99100,Turbo Housing Shell,Injection Molding,active,99100,5200,900,10,2026-06-28 01:00:00,2026-06-28
MX-9201,35.3,35.0,2026-06-28 00:20:00,1,ACME PRECISION,CNT-99100,Turbo Housing Shell,Injection Molding,active,99100,5200,900,10,2026-06-28 01:20:00,2026-06-28
MX-9201,33.6,35.0,2026-06-28 00:40:00,1,ACME PRECISION,CNT-99100,Turbo Housing Shell,Injection Molding,active,99100,5200,900,10,2026-06-28 01:40:00,2026-06-28
MX-9201,32.9,35.0,2026-06-28 01:00:00,1,ACME PRECISION,CNT-99100,Turbo Housing Shell,Injection Molding,active,99100,5200,900,10,2026-06-28 02:00:00,2026-06-28
MX-9201,34.7,35.0,2026-06-28 01:20:00,1,ACME PRECISION,CNT-99100,Turbo Housing Shell,Injection Molding,active,99100,5200,900,10,2026-06-28 02:20:00,2026-06-28
MX-9201,31.0,35.0,2026-06-28 01:40:00,1,ACME PRECISION,CNT-99100,Turbo Housing Shell,Injection Molding,active,99100,5200,900,10,2026-06-28 02:40:00,2026-06-28
MX-9201,33.0,35.0,2026-06-28 02:00:00,1,ACME PRECISION,CNT-99100,Turbo Housing Shell,Injection Molding,active,99100,5200,900,10,2026-06-28 03:00:00,2026-06-28
MX-9201,30.2,35.0,2026-06-28 02:20:00,1,ACME PRECISION,CNT-99100,Turbo Housing Shell,Injection Molding,active,99100,5200,900,10,2026-06-28 03:20:00,2026-06-28
MX-9201,30.7,35.0,2026-06-28 02:40:00,1,ACME PRECISION,CNT-99100,Turbo Housing Shell,Injection Molding,active,99100,5200,900,10,2026-06-28 03:40:00,2026-06-28
MX-9201,30.4,35.0,2026-06-28 03:00:00,1,ACME PRECISION,CNT-99100,Turbo Housing Shell,Injection Molding,active,99100,5200,900,10,2026-06-28 04:00:00,2026-06-28
MX-9201,35.6,35.0,2026-06-28 03:20:00,1,ACME PRECISION,CNT-99100,Turbo Housing Shell,Injection Molding,active,99100,5200,900,10,2026-06-28 04:20:00,2026-06-28
MX-9201,34.8,35.0,2026-06-28 03:40:00,1,ACME PRECISION,CNT-99100,Turbo Housing Shell,Injection Molding,active,99100,5200,900,10,2026-06-28 04:40:00,2026-06-28
MX-9201,32.1,35.0,2026-06-28 04:00:00,1,ACME PRECISION,CNT-99100,Turbo Housing Shell,Injection Molding,active,99100,5200,900,10,2026-06-28 05:00:00,2026-06-28
MX-9201,40.5,35.0,2026-06-28 04:20:00,1,ACME PRECISION,CNT-99100,Turbo Housing Shell,Injection Molding,active,99100,5200,900,10,2026-06-28 05:20:00,2026-06-28
MX-9201,37.9,35.0,2026-06-28 04:40:00,1,ACME PRECISION,CNT-99100,Turbo Housing Shell,Injection Molding,active,99100,5200,900,10,2026-06-28 05:40:00,2026-06-28
MX-9201,36.0,35.0,2026-06-28 05:00:00,1,ACME PRECISION,CNT-99100,Turbo Housing Shell,Injection Molding,active,99100,5200,900,10,2026-06-28 06:00:00,2026-06-28
MX-9201,35.8,35.0,2026-06-28 05:20:00,1,ACME PRECISION,CNT-99100,Turbo Housing Shell,Injection Molding,active,99100,5200,900,10,2026-06-28 06:20:00,2026-06-28
MX-9201,46.0,35.0,2026-06-28 05:40:00,1,ACME PRECISION,CNT-99100,Turbo Housing Shell,Injection Molding,active,99100,5200,900,10,2026-06-28 06:40:00,2026-06-28
MX-9201,39.3,35.0,2026-06-28 06:00:00,1,ACME PRECISION,CNT-99100,Turbo Housing Shell,Injection Molding,active,99100,5200,900,10,2026-06-28 07:00:00,2026-06-28
MX-9201,40.5,35.0,2026-06-28 06:20:00,1,ACME PRECISION,CNT-99100,Turbo Housing Shell,Injection Molding,active,99100,5200,900,10,2026-06-28 07:20:00,2026-06-28
MX-9201,25.3,35.0,2026-06-28 06:40:00,1,ACME PRECISION,CNT-99100,Turbo Housing Shell,Injection Molding,active,99100,5200,900,10,2026-06-28 07:40:00,2026-06-28
MX-9201,34.9,35.0,2026-06-28 07:00:00,1,ACME PRECISION,CNT-99100,Turbo Housing Shell,Injection Molding,active,99100,5200,900,10,2026-06-28 08:00:00,2026-06-28
MX-9201,27.4,35.0,2026-06-28 07:20:00,1,ACME PRECISION,CNT-99100,Turbo Housing Shell,Injection Molding,active,99100,5200,900,10,2026-06-28 08:20:00,2026-06-28
MX-9201,36.0,35.0,2026-06-28 07:40:00,1,ACME PRECISION,CNT-99100,Turbo Housing Shell,Injection Molding,active,99100,5200,900,10,2026-06-28 08:40:00,2026-06-28
MX-9201,40.0,35.0,2026-06-28 08:00:00,1,ACME PRECISION,CNT-99100,Turbo Housing Shell,Injection Molding,active,99100,5200,900,10,2026-06-28 09:00:00,2026-06-28
MX-9201,34.8,35.0,2026-06-28 08:20:00,1,ACME PRECISION,CNT-99100,Turbo Housing Shell,Injection Molding,active,99100,5200,900,10,2026-06-28 09:20:00,2026-06-28
MX-9201,40.7,35.0,2026-06-28 08:40:00,1,ACME PRECISION,CNT-99100,Turbo Housing Shell,Injection Molding,active,99100,5200,900,10,2026-06-28 09:40:00,2026-06-28
MX-9201,33.1,35.0,2026-06-28 09:00:00,1,ACME PRECISION,CNT-99100,Turbo Housing Shell,Injection Molding,active,99100,5200,900,10,2026-06-28 10:00:00,2026-06-28
MX-9201,41.0,35.0,2026-06-28 09:20:00,1,ACME PRECISION,CNT-99100,Turbo Housing Shell,Injection Molding,active,99100,5200,900,10,2026-06-28 10:20:00,2026-06-28
MX-9201,30.4,35.0,2026-06-28 09:40:00,1,ACME PRECISION,CNT-99100,Turbo Housing Shell,Injection Molding,active,99100,5200,900,10,2026-06-28 10:40:00,2026-06-28
MX-9201,36.9,35.0,2026-06-28 10:00:00,1,ACME PRECISION,CNT-99100,Turbo Housing Shell,Injection Molding,active,99100,5200,900,10,2026-06-28 11:00:00,2026-06-28
MX-9201,40.2,35.0,2026-06-28 10:20:00,1,ACME PRECISION,CNT-99100,Turbo Housing Shell,Injection Molding,active,99100,5200,900,10,2026-06-28 11:20:00,2026-06-28
MX-9201,40.8,35.0,2026-06-28 10:40:00,1,ACME PRECISION,CNT-99100,Turbo Housing Shell,Injection Molding,active,99100,5200,900,10,2026-06-28 11:40:00,2026-06-28
MX-9201,37.5,35.0,2026-06-28 11:00:00,1,ACME PRECISION,CNT-99100,Turbo Housing Shell,Injection Molding,active,99100,5200,900,10,2026-06-28 12:00:00,2026-06-28
MX-9201,47.8,35.0,2026-06-28 11:20:00,1,ACME PRECISION,CNT-99100,Turbo Housing Shell,Injection Molding,active,99100,5200,900,10,2026-06-28 12:20:00,2026-06-28
MX-9201,36.1,35.0,2026-06-28 11:40:00,1,ACME PRECISION,CNT-99100,Turbo Housing Shell,Injection Molding,active,99100,5200,900,10,2026-06-28 12:40:00,2026-06-28
MX-9201,35.9,35.0,2026-06-28 12:00:00,1,ACME PRECISION,CNT-99100,Turbo Housing Shell,Injection Molding,active,99100,5200,900,10,2026-06-28 13:00:00,2026-06-28
MX-9201,24.5,35.0,2026-06-28 12:20:00,1,ACME PRECISION,CNT-99100,Turbo Housing Shell,Injection Molding,active,99100,5200,900,10,2026-06-28 13:20:00,2026-06-28
MX-9201,46.9,35.0,2026-06-28 12:40:00,1,ACME PRECISION,CNT-99100,Turbo Housing Shell,Injection Molding,active,99100,5200,900,10,2026-06-28 13:40:00,2026-06-28
MX-9201,36.3,35.0,2026-06-28 13:00:00,1,ACME PRECISION,CNT-99100,Turbo Housing Shell,Injection Molding,active,99100,5200,900,10,2026-06-28 14:00:00,2026-06-28
MX-9201,32.3,35.0,2026-06-28 13:20:00,1,ACME PRECISION,CNT-99100,Turbo Housing Shell,Injection Molding,active,99100,5200,900,10,2026-06-28 14:20:00,2026-06-28
MX-9201,44.7,35.0,2026-06-28 13:40:00,1,ACME PRECISION,CNT-99100,Turbo Housing Shell,Injection Molding,active,99100,5200,900,10,2026-06-28 14:40:00,2026-06-28
MX-9201,44.3,35.0,2026-06-28 14:00:00,1,ACME PRECISION,CNT-99100,Turbo Housing Shell,Injection Molding,active,99100,5200,900,10,2026-06-28 15:00:00,2026-06-28
MX-9201,38.7,35.0,2026-06-28 14:20:00,1,ACME PRECISION,CNT-99100,Turbo Housing Shell,Injection Molding,active,99100,5200,900,10,2026-06-28 15:20:00,2026-06-28
MX-9201,31.0,35.0,2026-06-28 14:40:00,1,ACME PRECISION,CNT-99100,Turbo Housing Shell,Injection Molding,active,99100,5200,900,10,2026-06-28 15:40:00,2026-06-28
MX-9201,40.2,35.0,2026-06-28 15:00:00,1,ACME PRECISION,CNT-99100,Turbo Housing Shell,Injection Molding,active,99100,5200,900,10,2026-06-28 16:00:00,2026-06-28
MX-9201,35.1,35.0,2026-06-28 15:20:00,1,ACME PRECISION,CNT-99100,Turbo Housing Shell,Injection Molding,active,99100,5200,900,10,2026-06-28 16:20:00,2026-06-28
MX-9201,32.3,35.0,2026-06-28 15:40:00,1,ACME PRECISION,CNT-99100,Turbo Housing Shell,Injection Molding,active,99100,5200,900,10,2026-06-28 16:40:00,2026-06-28
MX-9201,43.3,35.0,2026-06-28 16:00:00,1,ACME PRECISION,CNT-99100,Turbo Housing Shell,Injection Molding,active,99100,5200,900,10,2026-06-28 17:00:00,2026-06-28
MX-9201,27.6,35.0,2026-06-28 16:20:00,1,ACME PRECISION,CNT-99100,Turbo Housing Shell,Injection Molding,active,99100,5200,900,10,2026-06-28 17:20:00,2026-06-28
MX-9201,41.0,35.0,2026-06-28 16:40:00,1,ACME PRECISION,CNT-99100,Turbo Housing Shell,Injection Molding,active,99100,5200,900,10,2026-06-28 17:40:00,2026-06-28
MX-9201,40.4,35.0,2026-06-28 17:00:00,1,ACME PRECISION,CNT-99100,Turbo Housing Shell,Injection Molding,active,99100,5200,900,10,2026-06-28 18:00:00,2026-06-28
MX-9201,48.3,35.0,2026-06-28 17:20:00,1,ACME PRECISION,CNT-99100,Turbo Housing Shell,Injection Molding,active,99100,5200,900,10,2026-06-28 18:20:00,2026-06-28
MX-9201,39.8,35.0,2026-06-28 17:40:00,1,ACME PRECISION,CNT-99100,Turbo Housing Shell,Injection Molding,active,99100,5200,900,10,2026-06-28 18:40:00,2026-06-28
MX-9201,27.9,35.0,2026-06-28 18:00:00,1,ACME PRECISION,CNT-99100,Turbo Housing Shell,Injection Molding,active,99100,5200,900,10,2026-06-28 19:00:00,2026-06-28
MX-9201,34.0,35.0,2026-06-28 18:20:00,1,ACME PRECISION,CNT-99100,Turbo Housing Shell,Injection Molding,active,99100,5200,900,10,2026-06-28 19:20:00,2026-06-28
MX-9201,38.5,35.0,2026-06-28 18:40:00,1,ACME PRECISION,CNT-99100,Turbo Housing Shell,Injection Molding,active,99100,5200,900,10,2026-06-28 19:40:00,2026-06-28
MX-9201,39.9,35.0,2026-06-28 19:00:00,1,ACME PRECISION,CNT-99100,Turbo Housing Shell,Injection Molding,active,99100,5200,900,10,2026-06-28 20:00:00,2026-06-28
MX-9201,43.0,35.0,2026-06-28 19:20:00,1,ACME PRECISION,CNT-99100,Turbo Housing Shell,Injection Molding,active,99100,5200,900,10,2026-06-28 20:20:00,2026-06-28
MX-9201,28.4,35.0,2026-06-28 19:40:00,1,ACME PRECISION,CNT-99100,Turbo Housing Shell,Injection Molding,active,99100,5200,900,10,2026-06-28 20:40:00,2026-06-28
MX-9201,36.5,35.0,2026-06-28 20:00:00,1,ACME PRECISION,CNT-99100,Turbo Housing Shell,Injection Molding,active,99100,5200,900,10,2026-06-28 21:00:00,2026-06-28
MX-9201,43.0,35.0,2026-06-28 20:20:00,1,ACME PRECISION,CNT-99100,Turbo Housing Shell,Injection Molding,active,99100,5200,900,10,2026-06-28 21:20:00,2026-06-28
MX-9201,45.8,35.0,2026-06-28 20:40:00,1,ACME PRECISION,CNT-99100,Turbo Housing Shell,Injection Molding,active,99100,5200,900,10,2026-06-28 21:40:00,2026-06-28
MX-9201,47.4,35.0,2026-06-28 21:00:00,1,ACME PRECISION,CNT-99100,Turbo Housing Shell,Injection Molding,active,99100,5200,900,10,2026-06-28 22:00:00,2026-06-28
MX-9201,36.2,35.0,2026-06-28 21:20:00,1,ACME PRECISION,CNT-99100,Turbo Housing Shell,Injection Molding,active,99100,5200,900,10,2026-06-28 22:20:00,2026-06-28
MX-9201,43.6,35.0,2026-06-28 21:40:00,1,ACME PRECISION,CNT-99100,Turbo Housing Shell,Injection Molding,active,99100,5200,900,10,2026-06-28 22:40:00,2026-06-28
MX-9201,46.6,35.0,2026-06-28 22:00:00,1,ACME PRECISION,CNT-99100,Turbo Housing Shell,Injection Molding,active,99100,5200,900,10,2026-06-28 23:00:00,2026-06-28
MX-9201,44.1,35.0,2026-06-28 22:20:00,1,ACME PRECISION,CNT-99100,Turbo Housing Shell,Injection Molding,active,99100,5200,900,10,2026-06-28 23:20:00,2026-06-28
MX-9201,41.7,35.0,2026-06-28 22:40:00,1,ACME PRECISION,CNT-99100,Turbo Housing Shell,Injection Molding,active,99100,5200,900,10,2026-06-28 23:40:00,2026-06-28
MX-9201,42.3,35.0,2026-06-28 23:00:00,1,ACME PRECISION,CNT-99100,Turbo Housing Shell,Injection Molding,active,99100,5200,900,10,2026-06-29 00:00:00,2026-06-28
MX-9201,34.2,35.0,2026-06-28 23:20:00,1,ACME PRECISION,CNT-99100,Turbo Housing Shell,Injection Molding,active,99100,5200,900,10,2026-06-29 00:20:00,2026-06-28
MX-9201,31.0,35.0,2026-06-28 23:40:00,1,ACME PRECISION,CNT-99100,Turbo Housing Shell,Injection Molding,active,99100,5200,900,10,2026-06-29 00:40:00,2026-06-28
MX-9201,43.0,35.0,2026-06-29 00:00:00,1,ACME PRECISION,CNT-99100,Turbo Housing Shell,Injection Molding,active,99100,5200,900,10,2026-06-29 01:00:00,2026-06-29
MX-9201,36.4,35.0,2026-06-29 00:20:00,1,ACME PRECISION,CNT-99100,Turbo Housing Shell,Injection Molding,active,99100,5200,900,10,2026-06-29 01:20:00,2026-06-29
MX-9201,38.0,35.0,2026-06-29 00:40:00,1,ACME PRECISION,CNT-99100,Turbo Housing Shell,Injection Molding,active,99100,5200,900,10,2026-06-29 01:40:00,2026-06-29
MX-9201,35.3,35.0,2026-06-29 01:00:00,1,ACME PRECISION,CNT-99100,Turbo Housing Shell,Injection Molding,active,99100,5200,900,10,2026-06-29 02:00:00,2026-06-29
MX-9201,36.2,35.0,2026-06-29 01:20:00,1,ACME PRECISION,CNT-99100,Turbo Housing Shell,Injection Molding,active,99100,5200,900,10,2026-06-29 02:20:00,2026-06-29
MX-9201,39.3,35.0,2026-06-29 01:40:00,1,ACME PRECISION,CNT-99100,Turbo Housing Shell,Injection Molding,active,99100,5200,900,10,2026-06-29 02:40:00,2026-06-29
MX-9201,33.1,35.0,2026-06-29 02:00:00,1,ACME PRECISION,CNT-99100,Turbo Housing Shell,Injection Molding,active,99100,5200,900,10,2026-06-29 03:00:00,2026-06-29
MX-9201,38.5,35.0,2026-06-29 02:20:00,1,ACME PRECISION,CNT-99100,Turbo Housing Shell,Injection Molding,active,99100,5200,900,10,2026-06-29 03:20:00,2026-06-29
MX-9201,39.4,35.0,2026-06-29 02:40:00,1,ACME PRECISION,CNT-99100,Turbo Housing Shell,Injection Molding,active,99100,5200,900,10,2026-06-29 03:40:00,2026-06-29
MX-9201,37.8,35.0,2026-06-29 03:00:00,1,ACME PRECISION,CNT-99100,Turbo Housing Shell,Injection Molding,active,99100,5200,900,10,2026-06-29 04:00:00,2026-06-29
MX-9201,34.5,35.0,2026-06-29 03:20:00,1,ACME PRECISION,CNT-99100,Turbo Housing Shell,Injection Molding,active,99100,5200,900,10,2026-06-29 04:20:00,2026-06-29
MX-9201,42.1,35.0,2026-06-29 03:40:00,1,ACME PRECISION,CNT-99100,Turbo Housing Shell,Injection Molding,active,99100,5200,900,10,2026-06-29 04:40:00,2026-06-29
MX-9201,47.4,35.0,2026-06-29 04:00:00,1,ACME PRECISION,CNT-99100,Turbo Housing Shell,Injection Molding,active,99100,5200,900,10,2026-06-29 05:00:00,2026-06-29
MX-9201,35.2,35.0,2026-06-29 04:20:00,1,ACME PRECISION,CNT-99100,Turbo Housing Shell,Injection Molding,active,99100,5200,900,10,2026-06-29 05:20:00,2026-06-29
MX-9201,45.9,35.0,2026-06-29 06:00:00,1,ACME PRECISION,CNT-99100,Turbo Housing Shell,Injection Molding,active,99100,5200,900,10,2026-06-29 07:00:00,2026-06-29
MX-9201,44.1,35.0,2026-06-29 06:20:00,1,ACME PRECISION,CNT-99100,Turbo Housing Shell,Injection Molding,active,99100,5200,900,10,2026-06-29 07:20:00,2026-06-29
MX-9201,25.9,35.0,2026-06-29 06:40:00,1,ACME PRECISION,CNT-99100,Turbo Housing Shell,Injection Molding,active,99100,5200,900,10,2026-06-29 07:40:00,2026-06-29
MX-9201,35.6,35.0,2026-06-29 07:00:00,1,ACME PRECISION,CNT-99100,Turbo Housing Shell,Injection Molding,active,99100,5200,900,10,2026-06-29 08:00:00,2026-06-29
MX-9201,36.3,35.0,2026-06-29 07:20:00,1,ACME PRECISION,CNT-99100,Turbo Housing Shell,Injection Molding,active,99100,5200,900,10,2026-06-29 08:20:00,2026-06-29
MX-9201,43.6,35.0,2026-06-29 07:40:00,1,ACME PRECISION,CNT-99100,Turbo Housing Shell,Injection Molding,active,99100,5200,900,10,2026-06-29 08:40:00,2026-06-29
MX-9201,40.5,35.0,2026-06-29 08:00:00,1,ACME PRECISION,CNT-99100,Turbo Housing Shell,Injection Molding,active,99100,5200,900,10,2026-06-29 09:00:00,2026-06-29
MX-9201,42.0,35.0,2026-06-29 08:20:00,1,ACME PRECISION,CNT-99100,Turbo Housing Shell,Injection Molding,active,99100,5200,900,10,2026-06-29 09:20:00,2026-06-29
MX-9201,42.8,35.0,2026-06-29 08:40:00,1,ACME PRECISION,CNT-99100,Turbo Housing Shell,Injection Molding,active,99100,5200,900,10,2026-06-29 09:40:00,2026-06-29
MX-9201,34.9,35.0,2026-06-29 09:00:00,1,ACME PRECISION,CNT-99100,Turbo Housing Shell,Injection Molding,active,99100,5200,900,10,2026-06-29 10:00:00,2026-06-29
MX-9201,35.7,35.0,2026-06-29 09:20:00,1,ACME PRECISION,CNT-99100,Turbo Housing Shell,Injection Molding,active,99100,5200,900,10,2026-06-29 10:20:00,2026-06-29
MX-9201,33.3,35.0,2026-06-29 09:40:00,1,ACME PRECISION,CNT-99100,Turbo Housing Shell,Injection Molding,active,99100,5200,900,10,2026-06-29 10:40:00,2026-06-29
MX-9201,38.7,35.0,2026-06-29 10:00:00,1,ACME PRECISION,CNT-99100,Turbo Housing Shell,Injection Molding,active,99100,5200,900,10,2026-06-29 11:00:00,2026-06-29
MX-9201,38.9,35.0,2026-06-29 10:20:00,1,ACME PRECISION,CNT-99100,Turbo Housing Shell,Injection Molding,active,99100,5200,900,10,2026-06-29 11:20:00,2026-06-29
MX-9201,40.4,35.0,2026-06-29 10:40:00,1,ACME PRECISION,CNT-99100,Turbo Housing Shell,Injection Molding,active,99100,5200,900,10,2026-06-29 11:40:00,2026-06-29
MX-9201,35.8,35.0,2026-06-29 11:00:00,1,ACME PRECISION,CNT-99100,Turbo Housing Shell,Injection Molding,active,99100,5200,900,10,2026-06-29 12:00:00,2026-06-29
MX-9201,44.2,35.0,2026-06-29 11:20:00,1,ACME PRECISION,CNT-99100,Turbo Housing Shell,Injection Molding,active,99100,5200,900,10,2026-06-29 12:20:00,2026-06-29
MX-9201,44.3,35.0,2026-06-29 11:40:00,1,ACME PRECISION,CNT-99100,Turbo Housing Shell,Injection Molding,active,99100,5200,900,10,2026-06-29 12:40:00,2026-06-29
MX-9201,47.5,35.0,2026-06-29 12:00:00,1,ACME PRECISION,CNT-99100,Turbo Housing Shell,Injection Molding,active,99100,5200,900,10,2026-06-29 13:00:00,2026-06-29
MX-9201,43.2,35.0,2026-06-29 12:20:00,1,ACME PRECISION,CNT-99100,Turbo Housing Shell,Injection Molding,active,99100,5200,900,10,2026-06-29 13:20:00,2026-06-29
MX-9201,40.5,35.0,2026-06-29 12:40:00,1,ACME PRECISION,CNT-99100,Turbo Housing Shell,Injection Molding,active,99100,5200,900,10,2026-06-29 13:40:00,2026-06-29
MX-9201,43.0,35.0,2026-06-29 13:00:00,1,ACME PRECISION,CNT-99100,Turbo Housing Shell,Injection Molding,active,99100,5200,900,10,2026-06-29 14:00:00,2026-06-29
MX-9201,42.7,35.0,2026-06-29 13:20:00,1,ACME PRECISION,CNT-99100,Turbo Housing Shell,Injection Molding,active,99100,5200,900,10,2026-06-29 14:20:00,2026-06-29
MX-9201,36.2,35.0,2026-06-29 13:40:00,1,ACME PRECISION,CNT-99100,Turbo Housing Shell,Injection Molding,active,99100,5200,900,10,2026-06-29 14:40:00,2026-06-29
MX-9201,46.2,35.0,2026-06-29 14:00:00,1,ACME PRECISION,CNT-99100,Turbo Housing Shell,Injection Molding,active,99100,5200,900,10,2026-06-29 15:00:00,2026-06-29
MX-9201,48.4,35.0,2026-06-29 14:20:00,1,ACME PRECISION,CNT-99100,Turbo Housing Shell,Injection Molding,active,99100,5200,900,10,2026-06-29 15:20:00,2026-06-29
MX-9201,49.7,35.0,2026-06-29 14:40:00,1,ACME PRECISION,CNT-99100,Turbo Housing Shell,Injection Molding,active,99100,5200,900,10,2026-06-29 15:40:00,2026-06-29
MX-9201,39.7,35.0,2026-06-29 15:00:00,1,ACME PRECISION,CNT-99100,Turbo Housing Shell,Injection Molding,active,99100,5200,900,10,2026-06-29 16:00:00,2026-06-29
MX-9201,41.2,35.0,2026-06-29 15:20:00,1,ACME PRECISION,CNT-99100,Turbo Housing Shell,Injection Molding,active,99100,5200,900,10,2026-06-29 16:20:00,2026-06-29
MX-9201,41.7,35.0,2026-06-29 15:40:00,1,ACME PRECISION,CNT-99100,Turbo Housing Shell,Injection Molding,active,99100,5200,900,10,2026-06-29 16:40:00,2026-06-29
MX-9201,39.5,35.0,2026-06-29 16:00:00,1,ACME PRECISION,CNT-99100,Turbo Housing Shell,Injection Molding,active,99100,5200,900,10,2026-06-29 17:00:00,2026-06-29
MX-9201,42.7,35.0,2026-06-29 16:20:00,1,ACME PRECISION,CNT-99100,Turbo Housing Shell,Injection Molding,active,99100,5200,900,10,2026-06-29 17:20:00,2026-06-29
MX-9201,38.9,35.0,2026-06-29 16:40:00,1,ACME PRECISION,CNT-99100,Turbo Housing Shell,Injection Molding,active,99100,5200,900,10,2026-06-29 17:40:00,2026-06-29
MX-9201,38.6,35.0,2026-06-29 17:00:00,1,ACME PRECISION,CNT-99100,Turbo Housing Shell,Injection Molding,active,99100,5200,900,10,2026-06-29 18:00:00,2026-06-29
MX-9201,48.6,35.0,2026-06-29 17:20:00,1,ACME PRECISION,CNT-99100,Turbo Housing Shell,Injection Molding,active,99100,5200,900,10,2026-06-29 18:20:00,2026-06-29
MX-9201,40.4,35.0,2026-06-29 17:40:00,1,ACME PRECISION,CNT-99100,Turbo Housing Shell,Injection Molding,active,99100,5200,900,10,2026-06-29 18:40:00,2026-06-29
MX-9201,39.9,35.0,2026-06-29 18:00:00,1,ACME PRECISION,CNT-99100,Turbo Housing Shell,Injection Molding,active,99100,5200,900,10,2026-06-29 19:00:00,2026-06-29
MX-9201,44.1,35.0,2026-06-29 18:20:00,1,ACME PRECISION,CNT-99100,Turbo Housing Shell,Injection Molding,active,99100,5200,900,10,2026-06-29 19:20:00,2026-06-29
MX-9201,40.3,35.0,2026-06-29 18:40:00,1,ACME PRECISION,CNT-99100,Turbo Housing Shell,Injection Molding,active,99100,5200,900,10,2026-06-29 19:40:00,2026-06-29
MX-9201,41.0,35.0,2026-06-29 19:00:00,1,ACME PRECISION,CNT-99100,Turbo Housing Shell,Injection Molding,active,99100,5200,900,10,2026-06-29 20:00:00,2026-06-29
MX-9201,39.2,35.0,2026-06-29 19:20:00,1,ACME PRECISION,CNT-99100,Turbo Housing Shell,Injection Molding,active,99100,5200,900,10,2026-06-29 20:20:00,2026-06-29
MX-9201,33.3,35.0,2026-06-29 19:40:00,1,ACME PRECISION,CNT-99100,Turbo Housing Shell,Injection Molding,active,99100,5200,900,10,2026-06-29 20:40:00,2026-06-29
MX-9201,39.4,35.0,2026-06-29 20:00:00,1,ACME PRECISION,CNT-99100,Turbo Housing Shell,Injection Molding,active,99100,5200,900,10,2026-06-29 21:00:00,2026-06-29
MX-9201,33.7,35.0,2026-06-29 20:20:00,1,ACME PRECISION,CNT-99100,Turbo Housing Shell,Injection Molding,active,99100,5200,900,10,2026-06-29 21:20:00,2026-06-29
MX-9201,40.6,35.0,2026-06-29 20:40:00,1,ACME PRECISION,CNT-99100,Turbo Housing Shell,Injection Molding,active,99100,5200,900,10,2026-06-29 21:40:00,2026-06-29
MX-9201,33.5,35.0,2026-06-29 21:00:00,1,ACME PRECISION,CNT-99100,Turbo Housing Shell,Injection Molding,active,99100,5200,900,10,2026-06-29 22:00:00,2026-06-29
MX-9201,44.3,35.0,2026-06-29 21:20:00,1,ACME PRECISION,CNT-99100,Turbo Housing Shell,Injection Molding,active,99100,5200,900,10,2026-06-29 22:20:00,2026-06-29
MX-9201,43.4,35.0,2026-06-29 21:40:00,1,ACME PRECISION,CNT-99100,Turbo Housing Shell,Injection Molding,active,99100,5200,900,10,2026-06-29 22:40:00,2026-06-29
MX-9201,41.0,35.0,2026-06-29 22:00:00,1,ACME PRECISION,CNT-99100,Turbo Housing Shell,Injection Molding,active,99100,5200,900,10,2026-06-29 23:00:00,2026-06-29
MX-9201,39.0,35.0,2026-06-29 22:20:00,1,ACME PRECISION,CNT-99100,Turbo Housing Shell,Injection Molding,active,99100,5200,900,10,2026-06-29 23:20:00,2026-06-29
MX-9201,41.7,35.0,2026-06-29 22:40:00,1,ACME PRECISION,CNT-99100,Turbo Housing Shell,Injection Molding,active,99100,5200,900,10,2026-06-29 23:40:00,2026-06-29
MX-9201,29.4,35.0,2026-06-29 23:00:00,1,ACME PRECISION,CNT-99100,Turbo Housing Shell,Injection Molding,active,99100,5200,900,10,2026-06-30 00:00:00,2026-06-29
MX-9201,33.9,35.0,2026-06-29 23:20:00,1,ACME PRECISION,CNT-99100,Turbo Housing Shell,Injection Molding,active,99100,5200,900,10,2026-06-30 00:20:00,2026-06-29
MX-9201,38.8,35.0,2026-06-29 23:40:00,1,ACME PRECISION,CNT-99100,Turbo Housing Shell,Injection Molding,active,99100,5200,900,10,2026-06-30 00:40:00,2026-06-29
MX-9201,41.3,35.0,2026-06-30 00:00:00,1,ACME PRECISION,CNT-99100,Turbo Housing Shell,Injection Molding,active,99100,5200,900,10,2026-06-30 01:00:00,2026-06-30
MX-9201,39.1,35.0,2026-06-30 00:20:00,1,ACME PRECISION,CNT-99100,Turbo Housing Shell,Injection Molding,active,99100,5200,900,10,2026-06-30 01:20:00,2026-06-30
MX-9201,34.4,35.0,2026-06-30 00:40:00,1,ACME PRECISION,CNT-99100,Turbo Housing Shell,Injection Molding,active,99100,5200,900,10,2026-06-30 01:40:00,2026-06-30
MX-9201,40.2,35.0,2026-06-30 01:00:00,1,ACME PRECISION,CNT-99100,Turbo Housing Shell,Injection Molding,active,99100,5200,900,10,2026-06-30 02:00:00,2026-06-30
MX-9201,37.2,35.0,2026-06-30 01:20:00,1,ACME PRECISION,CNT-99100,Turbo Housing Shell,Injection Molding,active,99100,5200,900,10,2026-06-30 02:20:00,2026-06-30
MX-9201,34.1,35.0,2026-06-30 01:40:00,1,ACME PRECISION,CNT-99100,Turbo Housing Shell,Injection Molding,active,99100,5200,900,10,2026-06-30 02:40:00,2026-06-30
MX-9201,41.2,35.0,2026-06-30 02:00:00,1,ACME PRECISION,CNT-99100,Turbo Housing Shell,Injection Molding,active,99100,5200,900,10,2026-06-30 03:00:00,2026-06-30
MX-9201,38.5,35.0,2026-06-30 02:20:00,1,ACME PRECISION,CNT-99100,Turbo Housing Shell,Injection Molding,active,99100,5200,900,10,2026-06-30 03:20:00,2026-06-30
MX-9201,45.7,35.0,2026-06-30 02:40:00,1,ACME PRECISION,CNT-99100,Turbo Housing Shell,Injection Molding,active,99100,5200,900,10,2026-06-30 03:40:00,2026-06-30
MX-9201,43.0,35.0,2026-06-30 03:00:00,1,ACME PRECISION,CNT-99100,Turbo Housing Shell,Injection Molding,active,99100,5200,900,10,2026-06-30 04:00:00,2026-06-30
MX-9201,43.3,35.0,2026-06-30 03:20:00,1,ACME PRECISION,CNT-99100,Turbo Housing Shell,Injection Molding,active,99100,5200,900,10,2026-06-30 04:20:00,2026-06-30
MX-9201,41.2,35.0,2026-06-30 03:40:00,1,ACME PRECISION,CNT-99100,Turbo Housing Shell,Injection Molding,active,99100,5200,900,10,2026-06-30 04:40:00,2026-06-30
MX-9201,35.2,35.0,2026-06-30 04:00:00,1,ACME PRECISION,CNT-99100,Turbo Housing Shell,Injection Molding,active,99100,5200,900,10,2026-06-30 05:00:00,2026-06-30
MX-9201,34.7,35.0,2026-06-30 04:20:00,1,ACME PRECISION,CNT-99100,Turbo Housing Shell,Injection Molding,active,99100,5200,900,10,2026-06-30 05:20:00,2026-06-30
MX-9201,32.0,35.0,2026-06-30 04:40:00,1,ACME PRECISION,CNT-99100,Turbo Housing Shell,Injection Molding,active,99100,5200,900,10,2026-06-30 05:40:00,2026-06-30
MX-9201,54.4,35.0,2026-06-30 05:00:00,1,ACME PRECISION,CNT-99100,Turbo Housing Shell,Injection Molding,active,99100,5200,900,10,2026-06-30 06:00:00,2026-06-30
MX-9201,34.0,35.0,2026-06-30 05:20:00,1,ACME PRECISION,CNT-99100,Turbo Housing Shell,Injection Molding,active,99100,5200,900,10,2026-06-30 06:20:00,2026-06-30
MX-9201,38.5,35.0,2026-06-30 05:40:00,1,ACME PRECISION,CNT-99100,Turbo Housing Shell,Injection Molding,active,99100,5200,900,10,2026-06-30 06:40:00,2026-06-30
MX-9201,37.7,35.0,2026-06-30 06:00:00,1,ACME PRECISION,CNT-99100,Turbo Housing Shell,Injection Molding,active,99100,5200,900,10,2026-06-30 07:00:00,2026-06-30
MX-9201,38.1,35.0,2026-06-30 06:20:00,1,ACME PRECISION,CNT-99100,Turbo Housing Shell,Injection Molding,active,99100,5200,900,10,2026-06-30 07:20:00,2026-06-30
MX-9201,36.5,35.0,2026-06-30 06:40:00,1,ACME PRECISION,CNT-99100,Turbo Housing Shell,Injection Molding,active,99100,5200,900,10,2026-06-30 07:40:00,2026-06-30
MX-9201,29.9,35.0,2026-06-30 07:00:00,1,ACME PRECISION,CNT-99100,Turbo Housing Shell,Injection Molding,active,99100,5200,900,10,2026-06-30 08:00:00,2026-06-30
MX-9201,34.4,35.0,2026-06-30 07:20:00,1,ACME PRECISION,CNT-99100,Turbo Housing Shell,Injection Molding,active,99100,5200,900,10,2026-06-30 08:20:00,2026-06-30
MX-9201,32.4,35.0,2026-06-30 07:40:00,1,ACME PRECISION,CNT-99100,Turbo Housing Shell,Injection Molding,active,99100,5200,900,10,2026-06-30 08:40:00,2026-06-30
MX-9201,38.9,35.0,2026-06-30 08:00:00,1,ACME PRECISION,CNT-99100,Turbo Housing Shell,Injection Molding,active,99100,5200,900,10,2026-06-30 09:00:00,2026-06-30
MX-9201,36.0,35.0,2026-06-30 08:20:00,1,ACME PRECISION,CNT-99100,Turbo Housing Shell,Injection Molding,active,99100,5200,900,10,2026-06-30 09:20:00,2026-06-30
MX-9201,36.0,35.0,2026-06-30 08:40:00,1,ACME PRECISION,CNT-99100,Turbo Housing Shell,Injection Molding,active,99100,5200,900,10,2026-06-30 09:40:00,2026-06-30
MX-9201,40.7,35.0,2026-06-30 09:00:00,1,ACME PRECISION,CNT-99100,Turbo Housing Shell,Injection Molding,active,99100,5200,900,10,2026-06-30 10:00:00,2026-06-30
MX-9201,36.6,35.0,2026-06-30 09:20:00,1,ACME PRECISION,CNT-99100,Turbo Housing Shell,Injection Molding,active,99100,5200,900,10,2026-06-30 10:20:00,2026-06-30
MX-9201,44.3,35.0,2026-06-30 09:40:00,1,ACME PRECISION,CNT-99100,Turbo Housing Shell,Injection Molding,active,99100,5200,900,10,2026-06-30 10:40:00,2026-06-30
MX-9201,37.6,35.0,2026-06-30 10:00:00,1,ACME PRECISION,CNT-99100,Turbo Housing Shell,Injection Molding,active,99100,5200,900,10,2026-06-30 11:00:00,2026-06-30
MX-9201,40.7,35.0,2026-06-30 10:20:00,1,ACME PRECISION,CNT-99100,Turbo Housing Shell,Injection Molding,active,99100,5200,900,10,2026-06-30 11:20:00,2026-06-30
MX-9201,32.7,35.0,2026-06-30 10:40:00,1,ACME PRECISION,CNT-99100,Turbo Housing Shell,Injection Molding,active,99100,5200,900,10,2026-06-30 11:40:00,2026-06-30
MX-9201,42.9,35.0,2026-06-30 11:00:00,1,ACME PRECISION,CNT-99100,Turbo Housing Shell,Injection Molding,active,99100,5200,900,10,2026-06-30 12:00:00,2026-06-30
MX-9201,37.5,35.0,2026-06-30 11:20:00,1,ACME PRECISION,CNT-99100,Turbo Housing Shell,Injection Molding,active,99100,5200,900,10,2026-06-30 12:20:00,2026-06-30
MX-9201,41.7,35.0,2026-06-30 11:40:00,1,ACME PRECISION,CNT-99100,Turbo Housing Shell,Injection Molding,active,99100,5200,900,10,2026-06-30 12:40:00,2026-06-30
MX-9201,41.2,35.0,2026-06-30 12:00:00,1,ACME PRECISION,CNT-99100,Turbo Housing Shell,Injection Molding,active,99100,5200,900,10,2026-06-30 13:00:00,2026-06-30
MX-9201,38.7,35.0,2026-06-30 12:20:00,1,ACME PRECISION,CNT-99100,Turbo Housing Shell,Injection Molding,active,99100,5200,900,10,2026-06-30 13:20:00,2026-06-30
MX-9201,40.7,35.0,2026-06-30 12:40:00,1,ACME PRECISION,CNT-99100,Turbo Housing Shell,Injection Molding,active,99100,5200,900,10,2026-06-30 13:40:00,2026-06-30
MX-9201,37.6,35.0,2026-06-30 13:00:00,1,ACME PRECISION,CNT-99100,Turbo Housing Shell,Injection Molding,active,99100,5200,900,10,2026-06-30 14:00:00,2026-06-30
MX-9201,46.5,35.0,2026-06-30 13:20:00,1,ACME PRECISION,CNT-99100,Turbo Housing Shell,Injection Molding,active,99100,5200,900,10,2026-06-30 14:20:00,2026-06-30
MX-9201,44.4,35.0,2026-06-30 13:40:00,1,ACME PRECISION,CNT-99100,Turbo Housing Shell,Injection Molding,active,99100,5200,900,10,2026-06-30 14:40:00,2026-06-30
MX-9201,42.0,35.0,2026-06-30 14:00:00,1,ACME PRECISION,CNT-99100,Turbo Housing Shell,Injection Molding,active,99100,5200,900,10,2026-06-30 15:00:00,2026-06-30
MX-9201,33.5,35.0,2026-06-30 14:20:00,1,ACME PRECISION,CNT-99100,Turbo Housing Shell,Injection Molding,active,99100,5200,900,10,2026-06-30 15:20:00,2026-06-30
MX-9201,33.9,35.0,2026-06-30 14:40:00,1,ACME PRECISION,CNT-99100,Turbo Housing Shell,Injection Molding,active,99100,5200,900,10,2026-06-30 15:40:00,2026-06-30
MX-9201,36.1,35.0,2026-06-30 15:00:00,1,ACME PRECISION,CNT-99100,Turbo Housing Shell,Injection Molding,active,99100,5200,900,10,2026-06-30 16:00:00,2026-06-30
MX-9201,38.3,35.0,2026-06-30 15:20:00,1,ACME PRECISION,CNT-99100,Turbo Housing Shell,Injection Molding,active,99100,5200,900,10,2026-06-30 16:20:00,2026-06-30
MX-9201,41.9,35.0,2026-06-30 15:40:00,1,ACME PRECISION,CNT-99100,Turbo Housing Shell,Injection Molding,active,99100,5200,900,10,2026-06-30 16:40:00,2026-06-30
MX-9201,34.9,35.0,2026-06-30 16:00:00,1,ACME PRECISION,CNT-99100,Turbo Housing Shell,Injection Molding,active,99100,5200,900,10,2026-06-30 17:00:00,2026-06-30
MX-9201,45.6,35.0,2026-06-30 16:20:00,1,ACME PRECISION,CNT-99100,Turbo Housing Shell,Injection Molding,active,99100,5200,900,10,2026-06-30 17:20:00,2026-06-30
MX-9201,39.6,35.0,2026-06-30 16:40:00,1,ACME PRECISION,CNT-99100,Turbo Housing Shell,Injection Molding,active,99100,5200,900,10,2026-06-30 17:40:00,2026-06-30
MX-9201,29.2,35.0,2026-06-30 17:00:00,1,ACME PRECISION,CNT-99100,Turbo Housing Shell,Injection Molding,active,99100,5200,900,10,2026-06-30 18:00:00,2026-06-30
MX-9201,37.1,35.0,2026-06-30 17:20:00,1,ACME PRECISION,CNT-99100,Turbo Housing Shell,Injection Molding,active,99100,5200,900,10,2026-06-30 18:20:00,2026-06-30
MX-9201,26.3,35.0,2026-06-30 17:40:00,1,ACME PRECISION,CNT-99100,Turbo Housing Shell,Injection Molding,active,99100,5200,900,10,2026-06-30 18:40:00,2026-06-30
MX-9201,35.7,35.0,2026-06-30 18:00:00,1,ACME PRECISION,CNT-99100,Turbo Housing Shell,Injection Molding,active,99100,5200,900,10,2026-06-30 19:00:00,2026-06-30
MX-9201,36.7,35.0,2026-06-30 18:20:00,1,ACME PRECISION,CNT-99100,Turbo Housing Shell,Injection Molding,active,99100,5200,900,10,2026-06-30 19:20:00,2026-06-30
MX-9201,36.4,35.0,2026-06-30 18:40:00,1,ACME PRECISION,CNT-99100,Turbo Housing Shell,Injection Molding,active,99100,5200,900,10,2026-06-30 19:40:00,2026-06-30
MX-9201,37.9,35.0,2026-06-30 19:00:00,1,ACME PRECISION,CNT-99100,Turbo Housing Shell,Injection Molding,active,99100,5200,900,10,2026-06-30 20:00:00,2026-06-30
MX-9201,37.5,35.0,2026-06-30 19:20:00,1,ACME PRECISION,CNT-99100,Turbo Housing Shell,Injection Molding,active,99100,5200,900,10,2026-06-30 20:20:00,2026-06-30
MX-9201,36.5,35.0,2026-06-30 19:40:00,1,ACME PRECISION,CNT-99100,Turbo Housing Shell,Injection Molding,active,99100,5200,900,10,2026-06-30 20:40:00,2026-06-30
MX-9201,47.3,35.0,2026-06-30 20:00:00,1,ACME PRECISION,CNT-99100,Turbo Housing Shell,Injection Molding,active,99100,5200,900,10,2026-06-30 21:00:00,2026-06-30
MX-9201,45.8,35.0,2026-06-30 20:20:00,1,ACME PRECISION,CNT-99100,Turbo Housing Shell,Injection Molding,active,99100,5200,900,10,2026-06-30 21:20:00,2026-06-30
MX-9201,33.7,35.0,2026-06-30 20:40:00,1,ACME PRECISION,CNT-99100,Turbo Housing Shell,Injection Molding,active,99100,5200,900,10,2026-06-30 21:40:00,2026-06-30
MX-9201,46.0,35.0,2026-06-30 21:00:00,1,ACME PRECISION,CNT-99100,Turbo Housing Shell,Injection Molding,active,99100,5200,900,10,2026-06-30 22:00:00,2026-06-30
MX-9201,31.2,35.0,2026-06-30 21:20:00,1,ACME PRECISION,CNT-99100,Turbo Housing Shell,Injection Molding,active,99100,5200,900,10,2026-06-30 22:20:00,2026-06-30
MX-9201,35.4,35.0,2026-06-30 21:40:00,1,ACME PRECISION,CNT-99100,Turbo Housing Shell,Injection Molding,active,99100,5200,900,10,2026-06-30 22:40:00,2026-06-30
MX-9201,47.4,35.0,2026-06-30 22:00:00,1,ACME PRECISION,CNT-99100,Turbo Housing Shell,Injection Molding,active,99100,5200,900,10,2026-06-30 23:00:00,2026-06-30
MX-9201,28.0,35.0,2026-06-30 22:20:00,1,ACME PRECISION,CNT-99100,Turbo Housing Shell,Injection Molding,active,99100,5200,900,10,2026-06-30 23:20:00,2026-06-30
MX-9201,42.5,35.0,2026-06-30 22:40:00,1,ACME PRECISION,CNT-99100,Turbo Housing Shell,Injection Molding,active,99100,5200,900,10,2026-06-30 23:40:00,2026-06-30
MX-9201,33.1,35.0,2026-06-30 23:00:00,1,ACME PRECISION,CNT-99100,Turbo Housing Shell,Injection Molding,active,99100,5200,900,10,2026-07-01 00:00:00,2026-06-30
MX-9201,38.8,35.0,2026-06-30 23:20:00,1,ACME PRECISION,CNT-99100,Turbo Housing Shell,Injection Molding,active,99100,5200,900,10,2026-07-01 00:20:00,2026-06-30
MX-9201,38.6,35.0,2026-06-30 23:40:00,1,ACME PRECISION,CNT-99100,Turbo Housing Shell,Injection Molding,active,99100,5200,900,10,2026-07-01 00:40:00,2026-06-30
MX-9201,48.3,35.0,2026-07-01 00:00:00,1,ACME PRECISION,CNT-99100,Turbo Housing Shell,Injection Molding,active,99100,5200,900,10,2026-07-01 01:00:00,2026-07-01
MX-9201,35.4,35.0,2026-07-01 00:20:00,1,ACME PRECISION,CNT-99100,Turbo Housing Shell,Injection Molding,active,99100,5200,900,10,2026-07-01 01:20:00,2026-07-01
MX-9201,39.2,35.0,2026-07-01 00:40:00,1,ACME PRECISION,CNT-99100,Turbo Housing Shell,Injection Molding,active,99100,5200,900,10,2026-07-01 01:40:00,2026-07-01
MX-9201,42.8,35.0,2026-07-01 01:00:00,1,ACME PRECISION,CNT-99100,Turbo Housing Shell,Injection Molding,active,99100,5200,900,10,2026-07-01 02:00:00,2026-07-01
MX-9201,38.3,35.0,2026-07-01 01:20:00,1,ACME PRECISION,CNT-99100,Turbo Housing Shell,Injection Molding,active,99100,5200,900,10,2026-07-01 02:20:00,2026-07-01
MX-9201,35.3,35.0,2026-07-01 01:40:00,1,ACME PRECISION,CNT-99100,Turbo Housing Shell,Injection Molding,active,99100,5200,900,10,2026-07-01 02:40:00,2026-07-01
MX-9201,39.2,35.0,2026-07-01 02:00:00,1,ACME PRECISION,CNT-99100,Turbo Housing Shell,Injection Molding,active,99100,5200,900,10,2026-07-01 03:00:00,2026-07-01
MX-9201,40.0,35.0,2026-07-01 02:20:00,1,ACME PRECISION,CNT-99100,Turbo Housing Shell,Injection Molding,active,99100,5200,900,10,2026-07-01 03:20:00,2026-07-01
MX-9201,44.1,35.0,2026-07-01 02:40:00,1,ACME PRECISION,CNT-99100,Turbo Housing Shell,Injection Molding,active,99100,5200,900,10,2026-07-01 03:40:00,2026-07-01
MX-9201,34.7,35.0,2026-07-01 03:00:00,1,ACME PRECISION,CNT-99100,Turbo Housing Shell,Injection Molding,active,99100,5200,900,10,2026-07-01 04:00:00,2026-07-01
MX-9201,37.2,35.0,2026-07-01 03:20:00,1,ACME PRECISION,CNT-99100,Turbo Housing Shell,Injection Molding,active,99100,5200,900,10,2026-07-01 04:20:00,2026-07-01
MX-9201,41.2,35.0,2026-07-01 03:40:00,1,ACME PRECISION,CNT-99100,Turbo Housing Shell,Injection Molding,active,99100,5200,900,10,2026-07-01 04:40:00,2026-07-01
MX-9201,38.7,35.0,2026-07-01 04:00:00,1,ACME PRECISION,CNT-99100,Turbo Housing Shell,Injection Molding,active,99100,5200,900,10,2026-07-01 05:00:00,2026-07-01
MX-9201,38.6,35.0,2026-07-01 04:20:00,1,ACME PRECISION,CNT-99100,Turbo Housing Shell,Injection Molding,active,99100,5200,900,10,2026-07-01 05:20:00,2026-07-01
MX-9201,39.5,35.0,2026-07-01 04:40:00,1,ACME PRECISION,CNT-99100,Turbo Housing Shell,Injection Molding,active,99100,5200,900,10,2026-07-01 05:40:00,2026-07-01
MX-9201,36.0,35.0,2026-07-01 05:00:00,1,ACME PRECISION,CNT-99100,Turbo Housing Shell,Injection Molding,active,99100,5200,900,10,2026-07-01 06:00:00,2026-07-01
MX-9201,35.4,35.0,2026-07-01 05:20:00,1,ACME PRECISION,CNT-99100,Turbo Housing Shell,Injection Molding,active,99100,5200,900,10,2026-07-01 06:20:00,2026-07-01
MX-9201,41.8,35.0,2026-07-01 05:40:00,1,ACME PRECISION,CNT-99100,Turbo Housing Shell,Injection Molding,active,99100,5200,900,10,2026-07-01 06:40:00,2026-07-01
MX-9201,33.9,35.0,2026-07-01 06:00:00,1,ACME PRECISION,CNT-99100,Turbo Housing Shell,Injection Molding,active,99100,5200,900,10,2026-07-01 07:00:00,2026-07-01
MX-9201,45.5,35.0,2026-07-01 06:20:00,1,ACME PRECISION,CNT-99100,Turbo Housing Shell,Injection Molding,active,99100,5200,900,10,2026-07-01 07:20:00,2026-07-01
MX-9201,40.7,35.0,2026-07-01 06:40:00,1,ACME PRECISION,CNT-99100,Turbo Housing Shell,Injection Molding,active,99100,5200,900,10,2026-07-01 07:40:00,2026-07-01
MX-9201,33.0,35.0,2026-07-01 07:00:00,1,ACME PRECISION,CNT-99100,Turbo Housing Shell,Injection Molding,active,99100,5200,900,10,2026-07-01 08:00:00,2026-07-01
MX-9201,41.0,35.0,2026-07-01 07:20:00,1,ACME PRECISION,CNT-99100,Turbo Housing Shell,Injection Molding,active,99100,5200,900,10,2026-07-01 08:20:00,2026-07-01
MX-9201,40.4,35.0,2026-07-01 07:40:00,1,ACME PRECISION,CNT-99100,Turbo Housing Shell,Injection Molding,active,99100,5200,900,10,2026-07-01 08:40:00,2026-07-01
MX-9201,43.5,35.0,2026-07-01 08:00:00,1,ACME PRECISION,CNT-99100,Turbo Housing Shell,Injection Molding,active,99100,5200,900,10,2026-07-01 09:00:00,2026-07-01
MX-9201,45.5,35.0,2026-07-01 08:20:00,1,ACME PRECISION,CNT-99100,Turbo Housing Shell,Injection Molding,active,99100,5200,900,10,2026-07-01 09:20:00,2026-07-01
MX-9201,37.7,35.0,2026-07-01 08:40:00,1,ACME PRECISION,CNT-99100,Turbo Housing Shell,Injection Molding,active,99100,5200,900,10,2026-07-01 09:40:00,2026-07-01
MX-9201,35.9,35.0,2026-07-01 09:00:00,1,ACME PRECISION,CNT-99100,Turbo Housing Shell,Injection Molding,active,99100,5200,900,10,2026-07-01 10:00:00,2026-07-01
MX-9201,36.4,35.0,2026-07-01 09:20:00,1,ACME PRECISION,CNT-99100,Turbo Housing Shell,Injection Molding,active,99100,5200,900,10,2026-07-01 10:20:00,2026-07-01
MX-9201,34.5,35.0,2026-07-01 09:40:00,1,ACME PRECISION,CNT-99100,Turbo Housing Shell,Injection Molding,active,99100,5200,900,10,2026-07-01 10:40:00,2026-07-01
MX-9201,35.7,35.0,2026-07-01 10:00:00,1,ACME PRECISION,CNT-99100,Turbo Housing Shell,Injection Molding,active,99100,5200,900,10,2026-07-01 11:00:00,2026-07-01
MX-9201,41.0,35.0,2026-07-01 10:20:00,1,ACME PRECISION,CNT-99100,Turbo Housing Shell,Injection Molding,active,99100,5200,900,10,2026-07-01 11:20:00,2026-07-01
MX-9201,39.6,35.0,2026-07-01 10:40:00,1,ACME PRECISION,CNT-99100,Turbo Housing Shell,Injection Molding,active,99100,5200,900,10,2026-07-01 11:40:00,2026-07-01
MX-9201,37.0,35.0,2026-07-01 11:00:00,1,ACME PRECISION,CNT-99100,Turbo Housing Shell,Injection Molding,active,99100,5200,900,10,2026-07-01 12:00:00,2026-07-01
MX-9201,35.8,35.0,2026-07-01 11:20:00,1,ACME PRECISION,CNT-99100,Turbo Housing Shell,Injection Molding,active,99100,5200,900,10,2026-07-01 12:20:00,2026-07-01
MX-9201,41.3,35.0,2026-07-01 11:40:00,1,ACME PRECISION,CNT-99100,Turbo Housing Shell,Injection Molding,active,99100,5200,900,10,2026-07-01 12:40:00,2026-07-01
MX-9201,37.0,35.0,2026-07-01 12:00:00,1,ACME PRECISION,CNT-99100,Turbo Housing Shell,Injection Molding,active,99100,5200,900,10,2026-07-01 13:00:00,2026-07-01
MX-9201,34.2,35.0,2026-07-01 12:20:00,1,ACME PRECISION,CNT-99100,Turbo Housing Shell,Injection Molding,active,99100,5200,900,10,2026-07-01 13:20:00,2026-07-01
MX-9201,38.8,35.0,2026-07-01 12:40:00,1,ACME PRECISION,CNT-99100,Turbo Housing Shell,Injection Molding,active,99100,5200,900,10,2026-07-01 13:40:00,2026-07-01
MX-9201,38.2,35.0,2026-07-01 13:00:00,1,ACME PRECISION,CNT-99100,Turbo Housing Shell,Injection Molding,active,99100,5200,900,10,2026-07-01 14:00:00,2026-07-01
MX-9201,34.0,35.0,2026-07-01 13:20:00,1,ACME PRECISION,CNT-99100,Turbo Housing Shell,Injection Molding,active,99100,5200,900,10,2026-07-01 14:20:00,2026-07-01
MX-9201,43.8,35.0,2026-07-01 13:40:00,1,ACME PRECISION,CNT-99100,Turbo Housing Shell,Injection Molding,active,99100,5200,900,10,2026-07-01 14:40:00,2026-07-01
MX-9201,43.9,35.0,2026-07-01 14:00:00,1,ACME PRECISION,CNT-99100,Turbo Housing Shell,Injection Molding,active,99100,5200,900,10,2026-07-01 15:00:00,2026-07-01
MX-9201,39.8,35.0,2026-07-01 14:20:00,1,ACME PRECISION,CNT-99100,Turbo Housing Shell,Injection Molding,active,99100,5200,900,10,2026-07-01 15:20:00,2026-07-01
MX-9201,40.2,35.0,2026-07-01 14:40:00,1,ACME PRECISION,CNT-99100,Turbo Housing Shell,Injection Molding,active,99100,5200,900,10,2026-07-01 15:40:00,2026-07-01
MX-9201,42.3,35.0,2026-07-01 15:00:00,1,ACME PRECISION,CNT-99100,Turbo Housing Shell,Injection Molding,active,99100,5200,900,10,2026-07-01 16:00:00,2026-07-01
MX-9201,39.4,35.0,2026-07-01 15:20:00,1,ACME PRECISION,CNT-99100,Turbo Housing Shell,Injection Molding,active,99100,5200,900,10,2026-07-01 16:20:00,2026-07-01
MX-9201,44.1,35.0,2026-07-01 15:40:00,1,ACME PRECISION,CNT-99100,Turbo Housing Shell,Injection Molding,active,99100,5200,900,10,2026-07-01 16:40:00,2026-07-01
MX-9201,48.1,35.0,2026-07-01 16:00:00,1,ACME PRECISION,CNT-99100,Turbo Housing Shell,Injection Molding,active,99100,5200,900,10,2026-07-01 17:00:00,2026-07-01
MX-9201,40.0,35.0,2026-07-01 16:20:00,1,ACME PRECISION,CNT-99100,Turbo Housing Shell,Injection Molding,active,99100,5200,900,10,2026-07-01 17:20:00,2026-07-01
MX-9201,41.8,35.0,2026-07-01 16:40:00,1,ACME PRECISION,CNT-99100,Turbo Housing Shell,Injection Molding,active,99100,5200,900,10,2026-07-01 17:40:00,2026-07-01
MX-9201,44.0,35.0,2026-07-01 17:00:00,1,ACME PRECISION,CNT-99100,Turbo Housing Shell,Injection Molding,active,99100,5200,900,10,2026-07-01 18:00:00,2026-07-01
MX-9201,37.8,35.0,2026-07-01 17:20:00,1,ACME PRECISION,CNT-99100,Turbo Housing Shell,Injection Molding,active,99100,5200,900,10,2026-07-01 18:20:00,2026-07-01
MX-9201,33.7,35.0,2026-07-01 17:40:00,1,ACME PRECISION,CNT-99100,Turbo Housing Shell,Injection Molding,active,99100,5200,900,10,2026-07-01 18:40:00,2026-07-01
MX-9201,44.2,35.0,2026-07-01 18:00:00,1,ACME PRECISION,CNT-99100,Turbo Housing Shell,Injection Molding,active,99100,5200,900,10,2026-07-01 19:00:00,2026-07-01
MX-9201,31.5,35.0,2026-07-01 18:20:00,1,ACME PRECISION,CNT-99100,Turbo Housing Shell,Injection Molding,active,99100,5200,900,10,2026-07-01 19:20:00,2026-07-01
MX-9201,48.7,35.0,2026-07-01 18:40:00,1,ACME PRECISION,CNT-99100,Turbo Housing Shell,Injection Molding,active,99100,5200,900,10,2026-07-01 19:40:00,2026-07-01
MX-9201,44.0,35.0,2026-07-01 19:00:00,1,ACME PRECISION,CNT-99100,Turbo Housing Shell,Injection Molding,active,99100,5200,900,10,2026-07-01 20:00:00,2026-07-01
MX-9201,40.5,35.0,2026-07-01 19:20:00,1,ACME PRECISION,CNT-99100,Turbo Housing Shell,Injection Molding,active,99100,5200,900,10,2026-07-01 20:20:00,2026-07-01
MX-9201,39.8,35.0,2026-07-01 19:40:00,1,ACME PRECISION,CNT-99100,Turbo Housing Shell,Injection Molding,active,99100,5200,900,10,2026-07-01 20:40:00,2026-07-01
MX-9201,48.6,35.0,2026-07-01 20:00:00,1,ACME PRECISION,CNT-99100,Turbo Housing Shell,Injection Molding,active,99100,5200,900,10,2026-07-01 21:00:00,2026-07-01
MX-9201,34.7,35.0,2026-07-01 20:20:00,1,ACME PRECISION,CNT-99100,Turbo Housing Shell,Injection Molding,active,99100,5200,900,10,2026-07-01 21:20:00,2026-07-01
MX-9201,33.6,35.0,2026-07-01 20:40:00,1,ACME PRECISION,CNT-99100,Turbo Housing Shell,Injection Molding,active,99100,5200,900,10,2026-07-01 21:40:00,2026-07-01
MX-9201,36.5,35.0,2026-07-01 21:00:00,1,ACME PRECISION,CNT-99100,Turbo Housing Shell,Injection Molding,active,99100,5200,900,10,2026-07-01 22:00:00,2026-07-01
MX-9201,38.2,35.0,2026-07-01 21:20:00,1,ACME PRECISION,CNT-99100,Turbo Housing Shell,Injection Molding,active,99100,5200,900,10,2026-07-01 22:20:00,2026-07-01
MX-9201,34.4,35.0,2026-07-01 21:40:00,1,ACME PRECISION,CNT-99100,Turbo Housing Shell,Injection Molding,active,99100,5200,900,10,2026-07-01 22:40:00,2026-07-01
MX-9201,40.3,35.0,2026-07-01 22:00:00,1,ACME PRECISION,CNT-99100,Turbo Housing Shell,Injection Molding,active,99100,5200,900,10,2026-07-01 23:00:00,2026-07-01
MX-9201,40.2,35.0,2026-07-01 22:20:00,1,ACME PRECISION,CNT-99100,Turbo Housing Shell,Injection Molding,active,99100,5200,900,10,2026-07-01 23:20:00,2026-07-01
MX-9201,35.4,35.0,2026-07-01 22:40:00,1,ACME PRECISION,CNT-99100,Turbo Housing Shell,Injection Molding,active,99100,5200,900,10,2026-07-01 23:40:00,2026-07-01
MX-9201,47.8,35.0,2026-07-01 23:00:00,1,ACME PRECISION,CNT-99100,Turbo Housing Shell,Injection Molding,active,99100,5200,900,10,2026-07-02 00:00:00,2026-07-01
MX-9201,32.4,35.0,2026-07-01 23:20:00,1,ACME PRECISION,CNT-99100,Turbo Housing Shell,Injection Molding,active,99100,5200,900,10,2026-07-02 00:20:00,2026-07-01
MX-9201,33.0,35.0,2026-07-01 23:40:00,1,ACME PRECISION,CNT-99100,Turbo Housing Shell,Injection Molding,active,99100,5200,900,10,2026-07-02 00:40:00,2026-07-01
MX-9201,41.5,35.0,2026-07-02 00:00:00,1,ACME PRECISION,CNT-99100,Turbo Housing Shell,Injection Molding,active,99100,5200,900,10,2026-07-02 01:00:00,2026-07-02
MX-9201,38.5,35.0,2026-07-02 00:20:00,1,ACME PRECISION,CNT-99100,Turbo Housing Shell,Injection Molding,active,99100,5200,900,10,2026-07-02 01:20:00,2026-07-02
MX-9201,41.7,35.0,2026-07-02 00:40:00,1,ACME PRECISION,CNT-99100,Turbo Housing Shell,Injection Molding,active,99100,5200,900,10,2026-07-02 01:40:00,2026-07-02
MX-9201,36.4,35.0,2026-07-02 01:00:00,1,ACME PRECISION,CNT-99100,Turbo Housing Shell,Injection Molding,active,99100,5200,900,10,2026-07-02 02:00:00,2026-07-02
MX-9201,34.2,35.0,2026-07-02 01:20:00,1,ACME PRECISION,CNT-99100,Turbo Housing Shell,Injection Molding,active,99100,5200,900,10,2026-07-02 02:20:00,2026-07-02
MX-9201,36.2,35.0,2026-07-02 01:40:00,1,ACME PRECISION,CNT-99100,Turbo Housing Shell,Injection Molding,active,99100,5200,900,10,2026-07-02 02:40:00,2026-07-02
MX-9201,36.0,35.0,2026-07-02 02:00:00,1,ACME PRECISION,CNT-99100,Turbo Housing Shell,Injection Molding,active,99100,5200,900,10,2026-07-02 03:00:00,2026-07-02
MX-9201,42.2,35.0,2026-07-02 02:20:00,1,ACME PRECISION,CNT-99100,Turbo Housing Shell,Injection Molding,active,99100,5200,900,10,2026-07-02 03:20:00,2026-07-02
MX-9201,37.1,35.0,2026-07-02 02:40:00,1,ACME PRECISION,CNT-99100,Turbo Housing Shell,Injection Molding,active,99100,5200,900,10,2026-07-02 03:40:00,2026-07-02
MX-9201,43.5,35.0,2026-07-02 03:00:00,1,ACME PRECISION,CNT-99100,Turbo Housing Shell,Injection Molding,active,99100,5200,900,10,2026-07-02 04:00:00,2026-07-02
MX-9201,42.6,35.0,2026-07-02 03:20:00,1,ACME PRECISION,CNT-99100,Turbo Housing Shell,Injection Molding,active,99100,5200,900,10,2026-07-02 04:20:00,2026-07-02
MX-9201,44.9,35.0,2026-07-02 03:40:00,1,ACME PRECISION,CNT-99100,Turbo Housing Shell,Injection Molding,active,99100,5200,900,10,2026-07-02 04:40:00,2026-07-02
MX-9201,44.2,35.0,2026-07-02 04:00:00,1,ACME PRECISION,CNT-99100,Turbo Housing Shell,Injection Molding,active,99100,5200,900,10,2026-07-02 05:00:00,2026-07-02
MX-9201,43.6,35.0,2026-07-02 04:20:00,1,ACME PRECISION,CNT-99100,Turbo Housing Shell,Injection Molding,active,99100,5200,900,10,2026-07-02 05:20:00,2026-07-02
MX-9201,43.5,35.0,2026-07-02 04:40:00,1,ACME PRECISION,CNT-99100,Turbo Housing Shell,Injection Molding,active,99100,5200,900,10,2026-07-02 05:40:00,2026-07-02
MX-9201,36.9,35.0,2026-07-02 05:00:00,1,ACME PRECISION,CNT-99100,Turbo Housing Shell,Injection Molding,active,99100,5200,900,10,2026-07-02 06:00:00,2026-07-02
MX-9201,38.2,35.0,2026-07-02 05:20:00,1,ACME PRECISION,CNT-99100,Turbo Housing Shell,Injection Molding,active,99100,5200,900,10,2026-07-02 06:20:00,2026-07-02
MX-9201,30.1,35.0,2026-07-02 05:40:00,1,ACME PRECISION,CNT-99100,Turbo Housing Shell,Injection Molding,active,99100,5200,900,10,2026-07-02 06:40:00,2026-07-02
MX-9201,41.1,35.0,2026-07-02 06:00:00,1,ACME PRECISION,CNT-99100,Turbo Housing Shell,Injection Molding,active,99100,5200,900,10,2026-07-02 07:00:00,2026-07-02
MX-9201,36.1,35.0,2026-07-02 06:20:00,1,ACME PRECISION,CNT-99100,Turbo Housing Shell,Injection Molding,active,99100,5200,900,10,2026-07-02 07:20:00,2026-07-02
MX-9201,41.6,35.0,2026-07-02 06:40:00,1,ACME PRECISION,CNT-99100,Turbo Housing Shell,Injection Molding,active,99100,5200,900,10,2026-07-02 07:40:00,2026-07-02
MX-9201,42.3,35.0,2026-07-02 07:00:00,1,ACME PRECISION,CNT-99100,Turbo Housing Shell,Injection Molding,active,99100,5200,900,10,2026-07-02 08:00:00,2026-07-02
MX-9201,32.6,35.0,2026-07-02 07:20:00,1,ACME PRECISION,CNT-99100,Turbo Housing Shell,Injection Molding,active,99100,5200,900,10,2026-07-02 08:20:00,2026-07-02
MX-9201,34.3,35.0,2026-07-02 07:40:00,1,ACME PRECISION,CNT-99100,Turbo Housing Shell,Injection Molding,active,99100,5200,900,10,2026-07-02 08:40:00,2026-07-02
MX-9201,37.8,35.0,2026-07-02 08:00:00,1,ACME PRECISION,CNT-99100,Turbo Housing Shell,Injection Molding,active,99100,5200,900,10,2026-07-02 09:00:00,2026-07-02
MX-9201,36.9,35.0,2026-07-02 08:20:00,1,ACME PRECISION,CNT-99100,Turbo Housing Shell,Injection Molding,active,99100,5200,900,10,2026-07-02 09:20:00,2026-07-02
MX-9201,40.4,35.0,2026-07-02 08:40:00,1,ACME PRECISION,CNT-99100,Turbo Housing Shell,Injection Molding,active,99100,5200,900,10,2026-07-02 09:40:00,2026-07-02
MX-9201,33.6,35.0,2026-07-02 09:00:00,1,ACME PRECISION,CNT-99100,Turbo Housing Shell,Injection Molding,active,99100,5200,900,10,2026-07-02 10:00:00,2026-07-02
MX-9201,39.8,35.0,2026-07-02 09:20:00,1,ACME PRECISION,CNT-99100,Turbo Housing Shell,Injection Molding,active,99100,5200,900,10,2026-07-02 10:20:00,2026-07-02
MX-9201,30.9,35.0,2026-07-02 09:40:00,1,ACME PRECISION,CNT-99100,Turbo Housing Shell,Injection Molding,active,99100,5200,900,10,2026-07-02 10:40:00,2026-07-02
MX-9201,28.5,35.0,2026-07-02 10:00:00,1,ACME PRECISION,CNT-99100,Turbo Housing Shell,Injection Molding,active,99100,5200,900,10,2026-07-02 11:00:00,2026-07-02
MX-9201,43.2,35.0,2026-07-02 10:20:00,1,ACME PRECISION,CNT-99100,Turbo Housing Shell,Injection Molding,active,99100,5200,900,10,2026-07-02 11:20:00,2026-07-02
MX-9201,32.8,35.0,2026-07-02 10:40:00,1,ACME PRECISION,CNT-99100,Turbo Housing Shell,Injection Molding,active,99100,5200,900,10,2026-07-02 11:40:00,2026-07-02
MX-9201,36.7,35.0,2026-07-02 11:00:00,1,ACME PRECISION,CNT-99100,Turbo Housing Shell,Injection Molding,active,99100,5200,900,10,2026-07-02 12:00:00,2026-07-02
MX-9201,32.3,35.0,2026-07-02 11:20:00,1,ACME PRECISION,CNT-99100,Turbo Housing Shell,Injection Molding,active,99100,5200,900,10,2026-07-02 12:20:00,2026-07-02
MX-9201,32.3,35.0,2026-07-02 11:40:00,1,ACME PRECISION,CNT-99100,Turbo Housing Shell,Injection Molding,active,99100,5200,900,10,2026-07-02 12:40:00,2026-07-02
MX-9201,37.5,35.0,2026-07-02 12:00:00,1,ACME PRECISION,CNT-99100,Turbo Housing Shell,Injection Molding,active,99100,5200,900,10,2026-07-02 13:00:00,2026-07-02
MX-9201,37.4,35.0,2026-07-02 12:20:00,1,ACME PRECISION,CNT-99100,Turbo Housing Shell,Injection Molding,active,99100,5200,900,10,2026-07-02 13:20:00,2026-07-02
MX-9201,44.6,35.0,2026-07-02 12:40:00,1,ACME PRECISION,CNT-99100,Turbo Housing Shell,Injection Molding,active,99100,5200,900,10,2026-07-02 13:40:00,2026-07-02
MX-9201,41.9,35.0,2026-07-02 13:00:00,1,ACME PRECISION,CNT-99100,Turbo Housing Shell,Injection Molding,active,99100,5200,900,10,2026-07-02 14:00:00,2026-07-02
MX-9201,38.2,35.0,2026-07-02 13:20:00,1,ACME PRECISION,CNT-99100,Turbo Housing Shell,Injection Molding,active,99100,5200,900,10,2026-07-02 14:20:00,2026-07-02
MX-9201,43.4,35.0,2026-07-02 13:40:00,1,ACME PRECISION,CNT-99100,Turbo Housing Shell,Injection Molding,active,99100,5200,900,10,2026-07-02 14:40:00,2026-07-02
MX-9201,45.3,35.0,2026-07-02 14:00:00,1,ACME PRECISION,CNT-99100,Turbo Housing Shell,Injection Molding,active,99100,5200,900,10,2026-07-02 15:00:00,2026-07-02
MX-9201,41.7,35.0,2026-07-02 14:20:00,1,ACME PRECISION,CNT-99100,Turbo Housing Shell,Injection Molding,active,99100,5200,900,10,2026-07-02 15:20:00,2026-07-02
MX-9201,37.5,35.0,2026-07-02 14:40:00,1,ACME PRECISION,CNT-99100,Turbo Housing Shell,Injection Molding,active,99100,5200,900,10,2026-07-02 15:40:00,2026-07-02
MX-9201,44.8,35.0,2026-07-02 15:00:00,1,ACME PRECISION,CNT-99100,Turbo Housing Shell,Injection Molding,active,99100,5200,900,10,2026-07-02 16:00:00,2026-07-02
MX-9201,48.6,35.0,2026-07-02 15:20:00,1,ACME PRECISION,CNT-99100,Turbo Housing Shell,Injection Molding,active,99100,5200,900,10,2026-07-02 16:20:00,2026-07-02
MX-9201,42.9,35.0,2026-07-02 15:40:00,1,ACME PRECISION,CNT-99100,Turbo Housing Shell,Injection Molding,active,99100,5200,900,10,2026-07-02 16:40:00,2026-07-02
MX-9201,48.7,35.0,2026-07-02 16:00:00,1,ACME PRECISION,CNT-99100,Turbo Housing Shell,Injection Molding,active,99100,5200,900,10,2026-07-02 17:00:00,2026-07-02
MX-9201,44.3,35.0,2026-07-02 16:20:00,1,ACME PRECISION,CNT-99100,Turbo Housing Shell,Injection Molding,active,99100,5200,900,10,2026-07-02 17:20:00,2026-07-02
MX-9201,43.9,35.0,2026-07-02 16:40:00,1,ACME PRECISION,CNT-99100,Turbo Housing Shell,Injection Molding,active,99100,5200,900,10,2026-07-02 17:40:00,2026-07-02
MX-9201,33.9,35.0,2026-07-02 17:00:00,1,ACME PRECISION,CNT-99100,Turbo Housing Shell,Injection Molding,active,99100,5200,900,10,2026-07-02 18:00:00,2026-07-02
MX-9201,33.8,35.0,2026-07-02 17:20:00,1,ACME PRECISION,CNT-99100,Turbo Housing Shell,Injection Molding,active,99100,5200,900,10,2026-07-02 18:20:00,2026-07-02
MX-9201,39.3,35.0,2026-07-02 17:40:00,1,ACME PRECISION,CNT-99100,Turbo Housing Shell,Injection Molding,active,99100,5200,900,10,2026-07-02 18:40:00,2026-07-02
MX-9201,31.0,35.0,2026-07-02 18:00:00,1,ACME PRECISION,CNT-99100,Turbo Housing Shell,Injection Molding,active,99100,5200,900,10,2026-07-02 19:00:00,2026-07-02
MX-9201,36.5,35.0,2026-07-02 18:20:00,1,ACME PRECISION,CNT-99100,Turbo Housing Shell,Injection Molding,active,99100,5200,900,10,2026-07-02 19:20:00,2026-07-02
MX-9201,44.0,35.0,2026-07-02 18:40:00,1,ACME PRECISION,CNT-99100,Turbo Housing Shell,Injection Molding,active,99100,5200,900,10,2026-07-02 19:40:00,2026-07-02
MX-9201,36.1,35.0,2026-07-02 19:00:00,1,ACME PRECISION,CNT-99100,Turbo Housing Shell,Injection Molding,active,99100,5200,900,10,2026-07-02 20:00:00,2026-07-02
MX-9201,42.3,35.0,2026-07-02 19:20:00,1,ACME PRECISION,CNT-99100,Turbo Housing Shell,Injection Molding,active,99100,5200,900,10,2026-07-02 20:20:00,2026-07-02
MX-9201,32.6,35.0,2026-07-02 19:40:00,1,ACME PRECISION,CNT-99100,Turbo Housing Shell,Injection Molding,active,99100,5200,900,10,2026-07-02 20:40:00,2026-07-02
MX-9201,37.0,35.0,2026-07-02 20:00:00,1,ACME PRECISION,CNT-99100,Turbo Housing Shell,Injection Molding,active,99100,5200,900,10,2026-07-02 21:00:00,2026-07-02
MX-9201,44.8,35.0,2026-07-02 20:20:00,1,ACME PRECISION,CNT-99100,Turbo Housing Shell,Injection Molding,active,99100,5200,900,10,2026-07-02 21:20:00,2026-07-02
MX-9201,40.6,35.0,2026-07-02 20:40:00,1,ACME PRECISION,CNT-99100,Turbo Housing Shell,Injection Molding,active,99100,5200,900,10,2026-07-02 21:40:00,2026-07-02
MX-9201,41.0,35.0,2026-07-02 21:00:00,1,ACME PRECISION,CNT-99100,Turbo Housing Shell,Injection Molding,active,99100,5200,900,10,2026-07-02 22:00:00,2026-07-02
MX-9201,48.3,35.0,2026-07-02 21:20:00,1,ACME PRECISION,CNT-99100,Turbo Housing Shell,Injection Molding,active,99100,5200,900,10,2026-07-02 22:20:00,2026-07-02
MX-9201,46.2,35.0,2026-07-02 21:40:00,1,ACME PRECISION,CNT-99100,Turbo Housing Shell,Injection Molding,active,99100,5200,900,10,2026-07-02 22:40:00,2026-07-02
MX-9201,35.0,35.0,2026-07-02 22:00:00,1,ACME PRECISION,CNT-99100,Turbo Housing Shell,Injection Molding,active,99100,5200,900,10,2026-07-02 23:00:00,2026-07-02
MX-9201,46.3,35.0,2026-07-02 22:20:00,1,ACME PRECISION,CNT-99100,Turbo Housing Shell,Injection Molding,active,99100,5200,900,10,2026-07-02 23:20:00,2026-07-02
MX-9201,36.4,35.0,2026-07-02 22:40:00,1,ACME PRECISION,CNT-99100,Turbo Housing Shell,Injection Molding,active,99100,5200,900,10,2026-07-02 23:40:00,2026-07-02
MX-9201,39.5,35.0,2026-07-02 23:00:00,1,ACME PRECISION,CNT-99100,Turbo Housing Shell,Injection Molding,active,99100,5200,900,10,2026-07-03 00:00:00,2026-07-02
MX-9201,39.6,35.0,2026-07-02 23:20:00,1,ACME PRECISION,CNT-99100,Turbo Housing Shell,Injection Molding,active,99100,5200,900,10,2026-07-03 00:20:00,2026-07-02
MX-9201,45.1,35.0,2026-07-02 23:40:00,1,ACME PRECISION,CNT-99100,Turbo Housing Shell,Injection Molding,active,99100,5200,900,10,2026-07-03 00:40:00,2026-07-02
MX-9201,33.7,35.0,2026-07-03 00:00:00,1,ACME PRECISION,CNT-99100,Turbo Housing Shell,Injection Molding,active,99100,5200,900,10,2026-07-03 01:00:00,2026-07-03
MX-9201,41.9,35.0,2026-07-03 00:20:00,1,ACME PRECISION,CNT-99100,Turbo Housing Shell,Injection Molding,active,99100,5200,900,10,2026-07-03 01:20:00,2026-07-03
MX-9201,42.2,35.0,2026-07-03 00:40:00,1,ACME PRECISION,CNT-99100,Turbo Housing Shell,Injection Molding,active,99100,5200,900,10,2026-07-03 01:40:00,2026-07-03
MX-9201,43.7,35.0,2026-07-03 01:00:00,1,ACME PRECISION,CNT-99100,Turbo Housing Shell,Injection Molding,active,99100,5200,900,10,2026-07-03 02:00:00,2026-07-03
MX-9201,38.5,35.0,2026-07-03 01:20:00,1,ACME PRECISION,CNT-99100,Turbo Housing Shell,Injection Molding,active,99100,5200,900,10,2026-07-03 02:20:00,2026-07-03
MX-9201,44.7,35.0,2026-07-03 01:40:00,1,ACME PRECISION,CNT-99100,Turbo Housing Shell,Injection Molding,active,99100,5200,900,10,2026-07-03 02:40:00,2026-07-03
MX-9201,35.9,35.0,2026-07-03 02:00:00,1,ACME PRECISION,CNT-99100,Turbo Housing Shell,Injection Molding,active,99100,5200,900,10,2026-07-03 03:00:00,2026-07-03
MX-9201,45.4,35.0,2026-07-03 02:20:00,1,ACME PRECISION,CNT-99100,Turbo Housing Shell,Injection Molding,active,99100,5200,900,10,2026-07-03 03:20:00,2026-07-03
MX-9201,41.4,35.0,2026-07-03 02:40:00,1,ACME PRECISION,CNT-99100,Turbo Housing Shell,Injection Molding,active,99100,5200,900,10,2026-07-03 03:40:00,2026-07-03
MX-9201,32.4,35.0,2026-07-03 03:00:00,1,ACME PRECISION,CNT-99100,Turbo Housing Shell,Injection Molding,active,99100,5200,900,10,2026-07-03 04:00:00,2026-07-03
MX-9201,41.6,35.0,2026-07-03 03:20:00,1,ACME PRECISION,CNT-99100,Turbo Housing Shell,Injection Molding,active,99100,5200,900,10,2026-07-03 04:20:00,2026-07-03
MX-9201,40.5,35.0,2026-07-03 03:40:00,1,ACME PRECISION,CNT-99100,Turbo Housing Shell,Injection Molding,active,99100,5200,900,10,2026-07-03 04:40:00,2026-07-03
MX-9201,37.7,35.0,2026-07-03 04:00:00,1,ACME PRECISION,CNT-99100,Turbo Housing Shell,Injection Molding,active,99100,5200,900,10,2026-07-03 05:00:00,2026-07-03
MX-9201,35.8,35.0,2026-07-03 04:20:00,1,ACME PRECISION,CNT-99100,Turbo Housing Shell,Injection Molding,active,99100,5200,900,10,2026-07-03 05:20:00,2026-07-03
MX-9201,38.3,35.0,2026-07-03 04:40:00,1,ACME PRECISION,CNT-99100,Turbo Housing Shell,Injection Molding,active,99100,5200,900,10,2026-07-03 05:40:00,2026-07-03
MX-9201,32.1,35.0,2026-07-03 05:00:00,1,ACME PRECISION,CNT-99100,Turbo Housing Shell,Injection Molding,active,99100,5200,900,10,2026-07-03 06:00:00,2026-07-03
MX-9201,48.2,35.0,2026-07-03 05:20:00,1,ACME PRECISION,CNT-99100,Turbo Housing Shell,Injection Molding,active,99100,5200,900,10,2026-07-03 06:20:00,2026-07-03
MX-9201,33.7,35.0,2026-07-03 05:40:00,1,ACME PRECISION,CNT-99100,Turbo Housing Shell,Injection Molding,active,99100,5200,900,10,2026-07-03 06:40:00,2026-07-03
MX-9201,36.2,35.0,2026-07-03 06:00:00,1,ACME PRECISION,CNT-99100,Turbo Housing Shell,Injection Molding,active,99100,5200,900,10,2026-07-03 07:00:00,2026-07-03
MX-9201,45.4,35.0,2026-07-03 06:20:00,1,ACME PRECISION,CNT-99100,Turbo Housing Shell,Injection Molding,active,99100,5200,900,10,2026-07-03 07:20:00,2026-07-03
MX-9201,42.6,35.0,2026-07-03 06:40:00,1,ACME PRECISION,CNT-99100,Turbo Housing Shell,Injection Molding,active,99100,5200,900,10,2026-07-03 07:40:00,2026-07-03
MX-9201,43.3,35.0,2026-07-03 07:00:00,1,ACME PRECISION,CNT-99100,Turbo Housing Shell,Injection Molding,active,99100,5200,900,10,2026-07-03 08:00:00,2026-07-03
MX-9201,47.3,35.0,2026-07-03 07:20:00,1,ACME PRECISION,CNT-99100,Turbo Housing Shell,Injection Molding,active,99100,5200,900,10,2026-07-03 08:20:00,2026-07-03
MX-9201,37.9,35.0,2026-07-03 07:40:00,1,ACME PRECISION,CNT-99100,Turbo Housing Shell,Injection Molding,active,99100,5200,900,10,2026-07-03 08:40:00,2026-07-03
MX-9201,34.2,35.0,2026-07-03 08:00:00,1,ACME PRECISION,CNT-99100,Turbo Housing Shell,Injection Molding,active,99100,5200,900,10,2026-07-03 09:00:00,2026-07-03
MX-9201,43.9,35.0,2026-07-03 08:20:00,1,ACME PRECISION,CNT-99100,Turbo Housing Shell,Injection Molding,active,99100,5200,900,10,2026-07-03 09:20:00,2026-07-03
MX-9201,43.6,35.0,2026-07-03 08:40:00,1,ACME PRECISION,CNT-99100,Turbo Housing Shell,Injection Molding,active,99100,5200,900,10,2026-07-03 09:40:00,2026-07-03
MX-9201,37.9,35.0,2026-07-03 09:00:00,1,ACME PRECISION,CNT-99100,Turbo Housing Shell,Injection Molding,active,99100,5200,900,10,2026-07-03 10:00:00,2026-07-03
MX-9201,33.0,35.0,2026-07-03 09:20:00,1,ACME PRECISION,CNT-99100,Turbo Housing Shell,Injection Molding,active,99100,5200,900,10,2026-07-03 10:20:00,2026-07-03
MX-9201,45.9,35.0,2026-07-03 09:40:00,1,ACME PRECISION,CNT-99100,Turbo Housing Shell,Injection Molding,active,99100,5200,900,10,2026-07-03 10:40:00,2026-07-03
MX-9201,42.5,35.0,2026-07-03 10:00:00,1,ACME PRECISION,CNT-99100,Turbo Housing Shell,Injection Molding,active,99100,5200,900,10,2026-07-03 11:00:00,2026-07-03
MX-9201,32.5,35.0,2026-07-03 10:20:00,1,ACME PRECISION,CNT-99100,Turbo Housing Shell,Injection Molding,active,99100,5200,900,10,2026-07-03 11:20:00,2026-07-03
MX-9201,43.6,35.0,2026-07-03 10:40:00,1,ACME PRECISION,CNT-99100,Turbo Housing Shell,Injection Molding,active,99100,5200,900,10,2026-07-03 11:40:00,2026-07-03
MX-9201,32.1,35.0,2026-07-03 11:00:00,1,ACME PRECISION,CNT-99100,Turbo Housing Shell,Injection Molding,active,99100,5200,900,10,2026-07-03 12:00:00,2026-07-03
MX-9201,37.1,35.0,2026-07-03 11:20:00,1,ACME PRECISION,CNT-99100,Turbo Housing Shell,Injection Molding,active,99100,5200,900,10,2026-07-03 12:20:00,2026-07-03
MX-9201,33.8,35.0,2026-07-03 11:40:00,1,ACME PRECISION,CNT-99100,Turbo Housing Shell,Injection Molding,active,99100,5200,900,10,2026-07-03 12:40:00,2026-07-03
MX-9201,36.3,35.0,2026-07-03 12:00:00,1,ACME PRECISION,CNT-99100,Turbo Housing Shell,Injection Molding,active,99100,5200,900,10,2026-07-03 13:00:00,2026-07-03
MX-9201,35.3,35.0,2026-07-03 12:20:00,1,ACME PRECISION,CNT-99100,Turbo Housing Shell,Injection Molding,active,99100,5200,900,10,2026-07-03 13:20:00,2026-07-03
MX-9201,36.4,35.0,2026-07-03 12:40:00,1,ACME PRECISION,CNT-99100,Turbo Housing Shell,Injection Molding,active,99100,5200,900,10,2026-07-03 13:40:00,2026-07-03
MX-9201,43.3,35.0,2026-07-03 13:00:00,1,ACME PRECISION,CNT-99100,Turbo Housing Shell,Injection Molding,active,99100,5200,900,10,2026-07-03 14:00:00,2026-07-03
MX-9201,41.1,35.0,2026-07-03 13:20:00,1,ACME PRECISION,CNT-99100,Turbo Housing Shell,Injection Molding,active,99100,5200,900,10,2026-07-03 14:20:00,2026-07-03
MX-9201,42.8,35.0,2026-07-03 13:40:00,1,ACME PRECISION,CNT-99100,Turbo Housing Shell,Injection Molding,active,99100,5200,900,10,2026-07-03 14:40:00,2026-07-03
MX-9201,45.2,35.0,2026-07-03 14:00:00,1,ACME PRECISION,CNT-99100,Turbo Housing Shell,Injection Molding,active,99100,5200,900,10,2026-07-03 15:00:00,2026-07-03
MX-9201,37.6,35.0,2026-07-03 14:20:00,1,ACME PRECISION,CNT-99100,Turbo Housing Shell,Injection Molding,active,99100,5200,900,10,2026-07-03 15:20:00,2026-07-03
MX-9201,40.0,35.0,2026-07-03 14:40:00,1,ACME PRECISION,CNT-99100,Turbo Housing Shell,Injection Molding,active,99100,5200,900,10,2026-07-03 15:40:00,2026-07-03
MX-9201,42.3,35.0,2026-07-03 15:00:00,1,ACME PRECISION,CNT-99100,Turbo Housing Shell,Injection Molding,active,99100,5200,900,10,2026-07-03 16:00:00,2026-07-03
MX-9201,48.3,35.0,2026-07-03 15:20:00,1,ACME PRECISION,CNT-99100,Turbo Housing Shell,Injection Molding,active,99100,5200,900,10,2026-07-03 16:20:00,2026-07-03
MX-9201,44.2,35.0,2026-07-03 15:40:00,1,ACME PRECISION,CNT-99100,Turbo Housing Shell,Injection Molding,active,99100,5200,900,10,2026-07-03 16:40:00,2026-07-03
MX-9201,46.7,35.0,2026-07-03 16:00:00,1,ACME PRECISION,CNT-99100,Turbo Housing Shell,Injection Molding,active,99100,5200,900,10,2026-07-03 17:00:00,2026-07-03
MX-9201,44.8,35.0,2026-07-03 16:20:00,1,ACME PRECISION,CNT-99100,Turbo Housing Shell,Injection Molding,active,99100,5200,900,10,2026-07-03 17:20:00,2026-07-03
MX-9201,45.0,35.0,2026-07-03 16:40:00,1,ACME PRECISION,CNT-99100,Turbo Housing Shell,Injection Molding,active,99100,5200,900,10,2026-07-03 17:40:00,2026-07-03
MX-9201,30.4,35.0,2026-07-03 17:00:00,1,ACME PRECISION,CNT-99100,Turbo Housing Shell,Injection Molding,active,99100,5200,900,10,2026-07-03 18:00:00,2026-07-03
MX-9201,44.1,35.0,2026-07-03 17:20:00,1,ACME PRECISION,CNT-99100,Turbo Housing Shell,Injection Molding,active,99100,5200,900,10,2026-07-03 18:20:00,2026-07-03
MX-9201,40.6,35.0,2026-07-03 17:40:00,1,ACME PRECISION,CNT-99100,Turbo Housing Shell,Injection Molding,active,99100,5200,900,10,2026-07-03 18:40:00,2026-07-03
MX-9201,39.8,35.0,2026-07-03 18:00:00,1,ACME PRECISION,CNT-99100,Turbo Housing Shell,Injection Molding,active,99100,5200,900,10,2026-07-03 19:00:00,2026-07-03
MX-9201,36.8,35.0,2026-07-03 18:20:00,1,ACME PRECISION,CNT-99100,Turbo Housing Shell,Injection Molding,active,99100,5200,900,10,2026-07-03 19:20:00,2026-07-03
MX-9201,37.4,35.0,2026-07-03 18:40:00,1,ACME PRECISION,CNT-99100,Turbo Housing Shell,Injection Molding,active,99100,5200,900,10,2026-07-03 19:40:00,2026-07-03
MX-9201,41.7,35.0,2026-07-03 19:00:00,1,ACME PRECISION,CNT-99100,Turbo Housing Shell,Injection Molding,active,99100,5200,900,10,2026-07-03 20:00:00,2026-07-03
MX-9201,43.9,35.0,2026-07-03 19:20:00,1,ACME PRECISION,CNT-99100,Turbo Housing Shell,Injection Molding,active,99100,5200,900,10,2026-07-03 20:20:00,2026-07-03
MX-9201,31.8,35.0,2026-07-03 19:40:00,1,ACME PRECISION,CNT-99100,Turbo Housing Shell,Injection Molding,active,99100,5200,900,10,2026-07-03 20:40:00,2026-07-03
MX-9201,40.7,35.0,2026-07-03 20:00:00,1,ACME PRECISION,CNT-99100,Turbo Housing Shell,Injection Molding,active,99100,5200,900,10,2026-07-03 21:00:00,2026-07-03
MX-9201,36.7,35.0,2026-07-03 20:20:00,1,ACME PRECISION,CNT-99100,Turbo Housing Shell,Injection Molding,active,99100,5200,900,10,2026-07-03 21:20:00,2026-07-03
MX-9201,34.7,35.0,2026-07-03 20:40:00,1,ACME PRECISION,CNT-99100,Turbo Housing Shell,Injection Molding,active,99100,5200,900,10,2026-07-03 21:40:00,2026-07-03
MX-9201,41.6,35.0,2026-07-03 21:00:00,1,ACME PRECISION,CNT-99100,Turbo Housing Shell,Injection Molding,active,99100,5200,900,10,2026-07-03 22:00:00,2026-07-03
MX-9201,37.9,35.0,2026-07-03 21:20:00,1,ACME PRECISION,CNT-99100,Turbo Housing Shell,Injection Molding,active,99100,5200,900,10,2026-07-03 22:20:00,2026-07-03
MX-9201,36.2,35.0,2026-07-03 21:40:00,1,ACME PRECISION,CNT-99100,Turbo Housing Shell,Injection Molding,active,99100,5200,900,10,2026-07-03 22:40:00,2026-07-03
MX-9201,35.6,35.0,2026-07-03 22:00:00,1,ACME PRECISION,CNT-99100,Turbo Housing Shell,Injection Molding,active,99100,5200,900,10,2026-07-03 23:00:00,2026-07-03
MX-9201,41.0,35.0,2026-07-03 22:20:00,1,ACME PRECISION,CNT-99100,Turbo Housing Shell,Injection Molding,active,99100,5200,900,10,2026-07-03 23:20:00,2026-07-03
MX-9201,39.5,35.0,2026-07-03 22:40:00,1,ACME PRECISION,CNT-99100,Turbo Housing Shell,Injection Molding,active,99100,5200,900,10,2026-07-03 23:40:00,2026-07-03
MX-9201,33.9,35.0,2026-07-03 23:00:00,1,ACME PRECISION,CNT-99100,Turbo Housing Shell,Injection Molding,active,99100,5200,900,10,2026-07-04 00:00:00,2026-07-03
MX-9201,35.2,35.0,2026-07-03 23:20:00,1,ACME PRECISION,CNT-99100,Turbo Housing Shell,Injection Molding,active,99100,5200,900,10,2026-07-04 00:20:00,2026-07-03
MX-9201,38.6,35.0,2026-07-03 23:40:00,1,ACME PRECISION,CNT-99100,Turbo Housing Shell,Injection Molding,active,99100,5200,900,10,2026-07-04 00:40:00,2026-07-03
MX-9201,41.6,35.0,2026-07-04 00:00:00,1,ACME PRECISION,CNT-99100,Turbo Housing Shell,Injection Molding,active,99100,5200,900,10,2026-07-04 01:00:00,2026-07-04
MX-9201,34.2,35.0,2026-07-04 00:20:00,1,ACME PRECISION,CNT-99100,Turbo Housing Shell,Injection Molding,active,99100,5200,900,10,2026-07-04 01:20:00,2026-07-04
MX-9201,42.1,35.0,2026-07-04 00:40:00,1,ACME PRECISION,CNT-99100,Turbo Housing Shell,Injection Molding,active,99100,5200,900,10,2026-07-04 01:40:00,2026-07-04
MX-9201,35.3,35.0,2026-07-04 01:00:00,1,ACME PRECISION,CNT-99100,Turbo Housing Shell,Injection Molding,active,99100,5200,900,10,2026-07-04 02:00:00,2026-07-04
MX-9201,53.6,35.0,2026-07-04 01:20:00,1,ACME PRECISION,CNT-99100,Turbo Housing Shell,Injection Molding,active,99100,5200,900,10,2026-07-04 02:20:00,2026-07-04
MX-9201,34.7,35.0,2026-07-04 01:40:00,1,ACME PRECISION,CNT-99100,Turbo Housing Shell,Injection Molding,active,99100,5200,900,10,2026-07-04 02:40:00,2026-07-04
MX-9201,35.5,35.0,2026-07-04 02:00:00,1,ACME PRECISION,CNT-99100,Turbo Housing Shell,Injection Molding,active,99100,5200,900,10,2026-07-04 03:00:00,2026-07-04
MX-9201,40.5,35.0,2026-07-04 02:20:00,1,ACME PRECISION,CNT-99100,Turbo Housing Shell,Injection Molding,active,99100,5200,900,10,2026-07-04 03:20:00,2026-07-04
MX-9201,34.9,35.0,2026-07-04 02:40:00,1,ACME PRECISION,CNT-99100,Turbo Housing Shell,Injection Molding,active,99100,5200,900,10,2026-07-04 03:40:00,2026-07-04
MX-9201,43.8,35.0,2026-07-04 03:00:00,1,ACME PRECISION,CNT-99100,Turbo Housing Shell,Injection Molding,active,99100,5200,900,10,2026-07-04 04:00:00,2026-07-04
MX-9201,48.8,35.0,2026-07-04 03:20:00,1,ACME PRECISION,CNT-99100,Turbo Housing Shell,Injection Molding,active,99100,5200,900,10,2026-07-04 04:20:00,2026-07-04
MX-9201,37.6,35.0,2026-07-04 03:40:00,1,ACME PRECISION,CNT-99100,Turbo Housing Shell,Injection Molding,active,99100,5200,900,10,2026-07-04 04:40:00,2026-07-04
MX-9201,40.4,35.0,2026-07-04 04:00:00,1,ACME PRECISION,CNT-99100,Turbo Housing Shell,Injection Molding,active,99100,5200,900,10,2026-07-04 05:00:00,2026-07-04
MX-9201,36.9,35.0,2026-07-04 04:20:00,1,ACME PRECISION,CNT-99100,Turbo Housing Shell,Injection Molding,active,99100,5200,900,10,2026-07-04 05:20:00,2026-07-04
MX-9201,39.5,35.0,2026-07-04 04:40:00,1,ACME PRECISION,CNT-99100,Turbo Housing Shell,Injection Molding,active,99100,5200,900,10,2026-07-04 05:40:00,2026-07-04
MX-9201,46.9,35.0,2026-07-04 05:00:00,1,ACME PRECISION,CNT-99100,Turbo Housing Shell,Injection Molding,active,99100,5200,900,10,2026-07-04 06:00:00,2026-07-04
MX-9201,44.1,35.0,2026-07-04 05:20:00,1,ACME PRECISION,CNT-99100,Turbo Housing Shell,Injection Molding,active,99100,5200,900,10,2026-07-04 06:20:00,2026-07-04
MX-9201,34.9,35.0,2026-07-04 05:40:00,1,ACME PRECISION,CNT-99100,Turbo Housing Shell,Injection Molding,active,99100,5200,900,10,2026-07-04 06:40:00,2026-07-04
MX-9201,47.5,35.0,2026-07-04 06:00:00,1,ACME PRECISION,CNT-99100,Turbo Housing Shell,Injection Molding,active,99100,5200,900,10,2026-07-04 07:00:00,2026-07-04
MX-9201,45.5,35.0,2026-07-04 06:20:00,1,ACME PRECISION,CNT-99100,Turbo Housing Shell,Injection Molding,active,99100,5200,900,10,2026-07-04 07:20:00,2026-07-04
MX-9201,42.1,35.0,2026-07-04 06:40:00,1,ACME PRECISION,CNT-99100,Turbo Housing Shell,Injection Molding,active,99100,5200,900,10,2026-07-04 07:40:00,2026-07-04
MX-9201,36.2,35.0,2026-07-04 07:00:00,1,ACME PRECISION,CNT-99100,Turbo Housing Shell,Injection Molding,active,99100,5200,900,10,2026-07-04 08:00:00,2026-07-04
MX-9201,39.9,35.0,2026-07-04 07:20:00,1,ACME PRECISION,CNT-99100,Turbo Housing Shell,Injection Molding,active,99100,5200,900,10,2026-07-04 08:20:00,2026-07-04
MX-9201,35.5,35.0,2026-07-04 07:40:00,1,ACME PRECISION,CNT-99100,Turbo Housing Shell,Injection Molding,active,99100,5200,900,10,2026-07-04 08:40:00,2026-07-04
MX-9201,42.0,35.0,2026-07-04 08:00:00,1,ACME PRECISION,CNT-99100,Turbo Housing Shell,Injection Molding,active,99100,5200,900,10,2026-07-04 09:00:00,2026-07-04
MX-9201,37.9,35.0,2026-07-04 08:20:00,1,ACME PRECISION,CNT-99100,Turbo Housing Shell,Injection Molding,active,99100,5200,900,10,2026-07-04 09:20:00,2026-07-04
MX-9201,28.1,35.0,2026-07-04 08:40:00,1,ACME PRECISION,CNT-99100,Turbo Housing Shell,Injection Molding,active,99100,5200,900,10,2026-07-04 09:40:00,2026-07-04
MX-9201,44.3,35.0,2026-07-04 09:00:00,1,ACME PRECISION,CNT-99100,Turbo Housing Shell,Injection Molding,active,99100,5200,900,10,2026-07-04 10:00:00,2026-07-04
MX-9201,40.5,35.0,2026-07-04 09:20:00,1,ACME PRECISION,CNT-99100,Turbo Housing Shell,Injection Molding,active,99100,5200,900,10,2026-07-04 10:20:00,2026-07-04
MX-9201,45.1,35.0,2026-07-04 09:40:00,1,ACME PRECISION,CNT-99100,Turbo Housing Shell,Injection Molding,active,99100,5200,900,10,2026-07-04 10:40:00,2026-07-04
MX-9201,38.8,35.0,2026-07-04 10:00:00,1,ACME PRECISION,CNT-99100,Turbo Housing Shell,Injection Molding,active,99100,5200,900,10,2026-07-04 11:00:00,2026-07-04
MX-9201,40.5,35.0,2026-07-04 10:20:00,1,ACME PRECISION,CNT-99100,Turbo Housing Shell,Injection Molding,active,99100,5200,900,10,2026-07-04 11:20:00,2026-07-04
MX-9201,45.3,35.0,2026-07-04 10:40:00,1,ACME PRECISION,CNT-99100,Turbo Housing Shell,Injection Molding,active,99100,5200,900,10,2026-07-04 11:40:00,2026-07-04
MX-9201,41.5,35.0,2026-07-04 11:00:00,1,ACME PRECISION,CNT-99100,Turbo Housing Shell,Injection Molding,active,99100,5200,900,10,2026-07-04 12:00:00,2026-07-04
MX-9201,41.0,35.0,2026-07-04 11:20:00,1,ACME PRECISION,CNT-99100,Turbo Housing Shell,Injection Molding,active,99100,5200,900,10,2026-07-04 12:20:00,2026-07-04
MX-9201,56.1,35.0,2026-07-04 11:40:00,1,ACME PRECISION,CNT-99100,Turbo Housing Shell,Injection Molding,active,99100,5200,900,10,2026-07-04 12:40:00,2026-07-04
MX-9201,38.7,35.0,2026-07-04 12:00:00,1,ACME PRECISION,CNT-99100,Turbo Housing Shell,Injection Molding,active,99100,5200,900,10,2026-07-04 13:00:00,2026-07-04
MX-9201,40.4,35.0,2026-07-04 12:20:00,1,ACME PRECISION,CNT-99100,Turbo Housing Shell,Injection Molding,active,99100,5200,900,10,2026-07-04 13:20:00,2026-07-04
MX-9201,48.5,35.0,2026-07-04 12:40:00,1,ACME PRECISION,CNT-99100,Turbo Housing Shell,Injection Molding,active,99100,5200,900,10,2026-07-04 13:40:00,2026-07-04
MX-9201,35.4,35.0,2026-07-04 13:00:00,1,ACME PRECISION,CNT-99100,Turbo Housing Shell,Injection Molding,active,99100,5200,900,10,2026-07-04 14:00:00,2026-07-04
MX-9201,34.2,35.0,2026-07-04 13:20:00,1,ACME PRECISION,CNT-99100,Turbo Housing Shell,Injection Molding,active,99100,5200,900,10,2026-07-04 14:20:00,2026-07-04
MX-9201,32.2,35.0,2026-07-04 13:40:00,1,ACME PRECISION,CNT-99100,Turbo Housing Shell,Injection Molding,active,99100,5200,900,10,2026-07-04 14:40:00,2026-07-04
MX-9201,42.3,35.0,2026-07-04 14:00:00,1,ACME PRECISION,CNT-99100,Turbo Housing Shell,Injection Molding,active,99100,5200,900,10,2026-07-04 15:00:00,2026-07-04
MX-9201,42.8,35.0,2026-07-04 14:20:00,1,ACME PRECISION,CNT-99100,Turbo Housing Shell,Injection Molding,active,99100,5200,900,10,2026-07-04 15:20:00,2026-07-04
MX-9201,43.4,35.0,2026-07-04 14:40:00,1,ACME PRECISION,CNT-99100,Turbo Housing Shell,Injection Molding,active,99100,5200,900,10,2026-07-04 15:40:00,2026-07-04
MX-9201,32.6,35.0,2026-07-04 15:00:00,1,ACME PRECISION,CNT-99100,Turbo Housing Shell,Injection Molding,active,99100,5200,900,10,2026-07-04 16:00:00,2026-07-04
MX-9201,44.7,35.0,2026-07-04 15:20:00,1,ACME PRECISION,CNT-99100,Turbo Housing Shell,Injection Molding,active,99100,5200,900,10,2026-07-04 16:20:00,2026-07-04
MX-9201,45.7,35.0,2026-07-04 15:40:00,1,ACME PRECISION,CNT-99100,Turbo Housing Shell,Injection Molding,active,99100,5200,900,10,2026-07-04 16:40:00,2026-07-04
MX-9201,39.0,35.0,2026-07-04 16:00:00,1,ACME PRECISION,CNT-99100,Turbo Housing Shell,Injection Molding,active,99100,5200,900,10,2026-07-04 17:00:00,2026-07-04
MX-9201,39.7,35.0,2026-07-04 16:20:00,1,ACME PRECISION,CNT-99100,Turbo Housing Shell,Injection Molding,active,99100,5200,900,10,2026-07-04 17:20:00,2026-07-04
MX-9201,43.0,35.0,2026-07-04 16:40:00,1,ACME PRECISION,CNT-99100,Turbo Housing Shell,Injection Molding,active,99100,5200,900,10,2026-07-04 17:40:00,2026-07-04
MX-9201,41.4,35.0,2026-07-04 17:00:00,1,ACME PRECISION,CNT-99100,Turbo Housing Shell,Injection Molding,active,99100,5200,900,10,2026-07-04 18:00:00,2026-07-04
MX-9201,42.9,35.0,2026-07-04 17:20:00,1,ACME PRECISION,CNT-99100,Turbo Housing Shell,Injection Molding,active,99100,5200,900,10,2026-07-04 18:20:00,2026-07-04
MX-9201,34.0,35.0,2026-07-04 17:40:00,1,ACME PRECISION,CNT-99100,Turbo Housing Shell,Injection Molding,active,99100,5200,900,10,2026-07-04 18:40:00,2026-07-04
MX-9201,38.7,35.0,2026-07-04 18:00:00,1,ACME PRECISION,CNT-99100,Turbo Housing Shell,Injection Molding,active,99100,5200,900,10,2026-07-04 19:00:00,2026-07-04
MX-9201,33.3,35.0,2026-07-04 18:20:00,1,ACME PRECISION,CNT-99100,Turbo Housing Shell,Injection Molding,active,99100,5200,900,10,2026-07-04 19:20:00,2026-07-04
MX-9201,42.8,35.0,2026-07-04 18:40:00,1,ACME PRECISION,CNT-99100,Turbo Housing Shell,Injection Molding,active,99100,5200,900,10,2026-07-04 19:40:00,2026-07-04
MX-9201,42.3,35.0,2026-07-04 19:00:00,1,ACME PRECISION,CNT-99100,Turbo Housing Shell,Injection Molding,active,99100,5200,900,10,2026-07-04 20:00:00,2026-07-04
MX-9201,39.0,35.0,2026-07-04 19:20:00,1,ACME PRECISION,CNT-99100,Turbo Housing Shell,Injection Molding,active,99100,5200,900,10,2026-07-04 20:20:00,2026-07-04
MX-9201,41.1,35.0,2026-07-04 19:40:00,1,ACME PRECISION,CNT-99100,Turbo Housing Shell,Injection Molding,active,99100,5200,900,10,2026-07-04 20:40:00,2026-07-04
MX-9201,31.5,35.0,2026-07-04 20:00:00,1,ACME PRECISION,CNT-99100,Turbo Housing Shell,Injection Molding,active,99100,5200,900,10,2026-07-04 21:00:00,2026-07-04
MX-9201,44.0,35.0,2026-07-04 20:20:00,1,ACME PRECISION,CNT-99100,Turbo Housing Shell,Injection Molding,active,99100,5200,900,10,2026-07-04 21:20:00,2026-07-04
MX-9201,37.1,35.0,2026-07-04 20:40:00,1,ACME PRECISION,CNT-99100,Turbo Housing Shell,Injection Molding,active,99100,5200,900,10,2026-07-04 21:40:00,2026-07-04
MX-9201,40.2,35.0,2026-07-04 21:00:00,1,ACME PRECISION,CNT-99100,Turbo Housing Shell,Injection Molding,active,99100,5200,900,10,2026-07-04 22:00:00,2026-07-04
MX-9201,45.3,35.0,2026-07-04 21:20:00,1,ACME PRECISION,CNT-99100,Turbo Housing Shell,Injection Molding,active,99100,5200,900,10,2026-07-04 22:20:00,2026-07-04
MX-9201,35.7,35.0,2026-07-04 21:40:00,1,ACME PRECISION,CNT-99100,Turbo Housing Shell,Injection Molding,active,99100,5200,900,10,2026-07-04 22:40:00,2026-07-04
MX-9201,45.7,35.0,2026-07-04 22:00:00,1,ACME PRECISION,CNT-99100,Turbo Housing Shell,Injection Molding,active,99100,5200,900,10,2026-07-04 23:00:00,2026-07-04
MX-9201,40.2,35.0,2026-07-04 22:20:00,1,ACME PRECISION,CNT-99100,Turbo Housing Shell,Injection Molding,active,99100,5200,900,10,2026-07-04 23:20:00,2026-07-04
MX-9201,39.7,35.0,2026-07-04 22:40:00,1,ACME PRECISION,CNT-99100,Turbo Housing Shell,Injection Molding,active,99100,5200,900,10,2026-07-04 23:40:00,2026-07-04
MX-9201,42.4,35.0,2026-07-04 23:00:00,1,ACME PRECISION,CNT-99100,Turbo Housing Shell,Injection Molding,active,99100,5200,900,10,2026-07-05 00:00:00,2026-07-04
MX-9201,33.1,35.0,2026-07-04 23:20:00,1,ACME PRECISION,CNT-99100,Turbo Housing Shell,Injection Molding,active,99100,5200,900,10,2026-07-05 00:20:00,2026-07-04
MX-9201,42.6,35.0,2026-07-04 23:40:00,1,ACME PRECISION,CNT-99100,Turbo Housing Shell,Injection Molding,active,99100,5200,900,10,2026-07-05 00:40:00,2026-07-04
MX-9201,39.9,35.0,2026-07-05 00:00:00,1,ACME PRECISION,CNT-99100,Turbo Housing Shell,Injection Molding,active,99100,5200,900,10,2026-07-05 01:00:00,2026-07-05
MX-9201,44.9,35.0,2026-07-05 00:20:00,1,ACME PRECISION,CNT-99100,Turbo Housing Shell,Injection Molding,active,99100,5200,900,10,2026-07-05 01:20:00,2026-07-05
MX-9201,38.4,35.0,2026-07-05 00:40:00,1,ACME PRECISION,CNT-99100,Turbo Housing Shell,Injection Molding,active,99100,5200,900,10,2026-07-05 01:40:00,2026-07-05
MX-9201,37.7,35.0,2026-07-05 01:00:00,1,ACME PRECISION,CNT-99100,Turbo Housing Shell,Injection Molding,active,99100,5200,900,10,2026-07-05 02:00:00,2026-07-05
MX-9201,41.5,35.0,2026-07-05 01:20:00,1,ACME PRECISION,CNT-99100,Turbo Housing Shell,Injection Molding,active,99100,5200,900,10,2026-07-05 02:20:00,2026-07-05
MX-9201,39.2,35.0,2026-07-05 01:40:00,1,ACME PRECISION,CNT-99100,Turbo Housing Shell,Injection Molding,active,99100,5200,900,10,2026-07-05 02:40:00,2026-07-05
MX-9201,33.5,35.0,2026-07-05 02:00:00,1,ACME PRECISION,CNT-99100,Turbo Housing Shell,Injection Molding,active,99100,5200,900,10,2026-07-05 03:00:00,2026-07-05
MX-9201,38.6,35.0,2026-07-05 02:20:00,1,ACME PRECISION,CNT-99100,Turbo Housing Shell,Injection Molding,active,99100,5200,900,10,2026-07-05 03:20:00,2026-07-05
MX-9201,46.1,35.0,2026-07-05 02:40:00,1,ACME PRECISION,CNT-99100,Turbo Housing Shell,Injection Molding,active,99100,5200,900,10,2026-07-05 03:40:00,2026-07-05
MX-9201,39.1,35.0,2026-07-05 03:00:00,1,ACME PRECISION,CNT-99100,Turbo Housing Shell,Injection Molding,active,99100,5200,900,10,2026-07-05 04:00:00,2026-07-05
MX-9201,35.1,35.0,2026-07-05 03:20:00,1,ACME PRECISION,CNT-99100,Turbo Housing Shell,Injection Molding,active,99100,5200,900,10,2026-07-05 04:20:00,2026-07-05
MX-9201,43.2,35.0,2026-07-05 03:40:00,1,ACME PRECISION,CNT-99100,Turbo Housing Shell,Injection Molding,active,99100,5200,900,10,2026-07-05 04:40:00,2026-07-05
MX-9201,30.0,35.0,2026-07-05 04:00:00,1,ACME PRECISION,CNT-99100,Turbo Housing Shell,Injection Molding,active,99100,5200,900,10,2026-07-05 05:00:00,2026-07-05
MX-9201,28.6,35.0,2026-07-05 04:20:00,1,ACME PRECISION,CNT-99100,Turbo Housing Shell,Injection Molding,active,99100,5200,900,10,2026-07-05 05:20:00,2026-07-05
MX-9201,39.5,35.0,2026-07-05 04:40:00,1,ACME PRECISION,CNT-99100,Turbo Housing Shell,Injection Molding,active,99100,5200,900,10,2026-07-05 05:40:00,2026-07-05
MX-9201,40.5,35.0,2026-07-05 05:00:00,1,ACME PRECISION,CNT-99100,Turbo Housing Shell,Injection Molding,active,99100,5200,900,10,2026-07-05 06:00:00,2026-07-05
MX-9201,40.7,35.0,2026-07-05 05:20:00,1,ACME PRECISION,CNT-99100,Turbo Housing Shell,Injection Molding,active,99100,5200,900,10,2026-07-05 06:20:00,2026-07-05
MX-9201,35.0,35.0,2026-07-05 05:40:00,1,ACME PRECISION,CNT-99100,Turbo Housing Shell,Injection Molding,active,99100,5200,900,10,2026-07-05 06:40:00,2026-07-05
MX-9201,38.8,35.0,2026-07-05 06:00:00,1,ACME PRECISION,CNT-99100,Turbo Housing Shell,Injection Molding,active,99100,5200,900,10,2026-07-05 07:00:00,2026-07-05
MX-9201,32.4,35.0,2026-07-05 06:20:00,1,ACME PRECISION,CNT-99100,Turbo Housing Shell,Injection Molding,active,99100,5200,900,10,2026-07-05 07:20:00,2026-07-05
MX-9201,40.7,35.0,2026-07-05 06:40:00,1,ACME PRECISION,CNT-99100,Turbo Housing Shell,Injection Molding,active,99100,5200,900,10,2026-07-05 07:40:00,2026-07-05
MX-9201,31.2,35.0,2026-07-05 07:00:00,1,ACME PRECISION,CNT-99100,Turbo Housing Shell,Injection Molding,active,99100,5200,900,10,2026-07-05 08:00:00,2026-07-05
MX-9201,38.8,35.0,2026-07-05 07:20:00,1,ACME PRECISION,CNT-99100,Turbo Housing Shell,Injection Molding,active,99100,5200,900,10,2026-07-05 08:20:00,2026-07-05
MX-9201,40.9,35.0,2026-07-05 07:40:00,1,ACME PRECISION,CNT-99100,Turbo Housing Shell,Injection Molding,active,99100,5200,900,10,2026-07-05 08:40:00,2026-07-05
MX-9201,30.5,35.0,2026-07-05 08:00:00,1,ACME PRECISION,CNT-99100,Turbo Housing Shell,Injection Molding,active,99100,5200,900,10,2026-07-05 09:00:00,2026-07-05
MX-9201,36.9,35.0,2026-07-05 08:20:00,1,ACME PRECISION,CNT-99100,Turbo Housing Shell,Injection Molding,active,99100,5200,900,10,2026-07-05 09:20:00,2026-07-05
MX-9201,43.6,35.0,2026-07-05 08:40:00,1,ACME PRECISION,CNT-99100,Turbo Housing Shell,Injection Molding,active,99100,5200,900,10,2026-07-05 09:40:00,2026-07-05
MX-9201,47.5,35.0,2026-07-05 09:00:00,1,ACME PRECISION,CNT-99100,Turbo Housing Shell,Injection Molding,active,99100,5200,900,10,2026-07-05 10:00:00,2026-07-05
MX-9201,31.8,35.0,2026-07-05 09:20:00,1,ACME PRECISION,CNT-99100,Turbo Housing Shell,Injection Molding,active,99100,5200,900,10,2026-07-05 10:20:00,2026-07-05
MX-9201,41.3,35.0,2026-07-05 09:40:00,1,ACME PRECISION,CNT-99100,Turbo Housing Shell,Injection Molding,active,99100,5200,900,10,2026-07-05 10:40:00,2026-07-05
MX-9201,33.2,35.0,2026-07-05 10:00:00,1,ACME PRECISION,CNT-99100,Turbo Housing Shell,Injection Molding,active,99100,5200,900,10,2026-07-05 11:00:00,2026-07-05
MX-9201,32.6,35.0,2026-07-05 10:20:00,1,ACME PRECISION,CNT-99100,Turbo Housing Shell,Injection Molding,active,99100,5200,900,10,2026-07-05 11:20:00,2026-07-05
MX-9201,47.8,35.0,2026-07-05 10:40:00,1,ACME PRECISION,CNT-99100,Turbo Housing Shell,Injection Molding,active,99100,5200,900,10,2026-07-05 11:40:00,2026-07-05
MX-9201,43.0,35.0,2026-07-05 11:00:00,1,ACME PRECISION,CNT-99100,Turbo Housing Shell,Injection Molding,active,99100,5200,900,10,2026-07-05 12:00:00,2026-07-05
MX-9201,35.4,35.0,2026-07-05 11:20:00,1,ACME PRECISION,CNT-99100,Turbo Housing Shell,Injection Molding,active,99100,5200,900,10,2026-07-05 12:20:00,2026-07-05
MX-9201,40.7,35.0,2026-07-05 11:40:00,1,ACME PRECISION,CNT-99100,Turbo Housing Shell,Injection Molding,active,99100,5200,900,10,2026-07-05 12:40:00,2026-07-05
MX-9201,42.9,35.0,2026-07-05 12:00:00,1,ACME PRECISION,CNT-99100,Turbo Housing Shell,Injection Molding,active,99100,5200,900,10,2026-07-05 13:00:00,2026-07-05
MX-9201,40.5,35.0,2026-07-05 12:20:00,1,ACME PRECISION,CNT-99100,Turbo Housing Shell,Injection Molding,active,99100,5200,900,10,2026-07-05 13:20:00,2026-07-05
MX-9201,51.1,35.0,2026-07-05 12:40:00,1,ACME PRECISION,CNT-99100,Turbo Housing Shell,Injection Molding,active,99100,5200,900,10,2026-07-05 13:40:00,2026-07-05
MX-9201,42.7,35.0,2026-07-05 13:00:00,1,ACME PRECISION,CNT-99100,Turbo Housing Shell,Injection Molding,active,99100,5200,900,10,2026-07-05 14:00:00,2026-07-05
MX-9201,24.2,35.0,2026-07-05 13:20:00,1,ACME PRECISION,CNT-99100,Turbo Housing Shell,Injection Molding,active,99100,5200,900,10,2026-07-05 14:20:00,2026-07-05
MX-9201,38.1,35.0,2026-07-05 13:40:00,1,ACME PRECISION,CNT-99100,Turbo Housing Shell,Injection Molding,active,99100,5200,900,10,2026-07-05 14:40:00,2026-07-05
MX-9201,35.8,35.0,2026-07-05 14:00:00,1,ACME PRECISION,CNT-99100,Turbo Housing Shell,Injection Molding,active,99100,5200,900,10,2026-07-05 15:00:00,2026-07-05
MX-9201,38.5,35.0,2026-07-05 14:20:00,1,ACME PRECISION,CNT-99100,Turbo Housing Shell,Injection Molding,active,99100,5200,900,10,2026-07-05 15:20:00,2026-07-05
MX-9201,39.6,35.0,2026-07-05 14:40:00,1,ACME PRECISION,CNT-99100,Turbo Housing Shell,Injection Molding,active,99100,5200,900,10,2026-07-05 15:40:00,2026-07-05
MX-9201,36.2,35.0,2026-07-05 15:00:00,1,ACME PRECISION,CNT-99100,Turbo Housing Shell,Injection Molding,active,99100,5200,900,10,2026-07-05 16:00:00,2026-07-05
MX-9201,34.0,35.0,2026-07-05 15:20:00,1,ACME PRECISION,CNT-99100,Turbo Housing Shell,Injection Molding,active,99100,5200,900,10,2026-07-05 16:20:00,2026-07-05
MX-9201,46.6,35.0,2026-07-05 15:40:00,1,ACME PRECISION,CNT-99100,Turbo Housing Shell,Injection Molding,active,99100,5200,900,10,2026-07-05 16:40:00,2026-07-05
MX-9201,42.6,35.0,2026-07-05 16:00:00,1,ACME PRECISION,CNT-99100,Turbo Housing Shell,Injection Molding,active,99100,5200,900,10,2026-07-05 17:00:00,2026-07-05
MX-9201,36.1,35.0,2026-07-05 16:20:00,1,ACME PRECISION,CNT-99100,Turbo Housing Shell,Injection Molding,active,99100,5200,900,10,2026-07-05 17:20:00,2026-07-05
MX-9201,43.0,35.0,2026-07-05 16:40:00,1,ACME PRECISION,CNT-99100,Turbo Housing Shell,Injection Molding,active,99100,5200,900,10,2026-07-05 17:40:00,2026-07-05
MX-9201,43.0,35.0,2026-07-05 17:00:00,1,ACME PRECISION,CNT-99100,Turbo Housing Shell,Injection Molding,active,99100,5200,900,10,2026-07-05 18:00:00,2026-07-05
MX-9201,46.1,35.0,2026-07-05 17:20:00,1,ACME PRECISION,CNT-99100,Turbo Housing Shell,Injection Molding,active,99100,5200,900,10,2026-07-05 18:20:00,2026-07-05
MX-9201,34.1,35.0,2026-07-05 17:40:00,1,ACME PRECISION,CNT-99100,Turbo Housing Shell,Injection Molding,active,99100,5200,900,10,2026-07-05 18:40:00,2026-07-05
MX-9201,43.6,35.0,2026-07-05 18:00:00,1,ACME PRECISION,CNT-99100,Turbo Housing Shell,Injection Molding,active,99100,5200,900,10,2026-07-05 19:00:00,2026-07-05
MX-9201,36.4,35.0,2026-07-05 18:20:00,1,ACME PRECISION,CNT-99100,Turbo Housing Shell,Injection Molding,active,99100,5200,900,10,2026-07-05 19:20:00,2026-07-05
MX-9201,45.5,35.0,2026-07-05 18:40:00,1,ACME PRECISION,CNT-99100,Turbo Housing Shell,Injection Molding,active,99100,5200,900,10,2026-07-05 19:40:00,2026-07-05
MX-9201,38.6,35.0,2026-07-05 19:00:00,1,ACME PRECISION,CNT-99100,Turbo Housing Shell,Injection Molding,active,99100,5200,900,10,2026-07-05 20:00:00,2026-07-05
MX-9201,27.9,35.0,2026-07-05 19:20:00,1,ACME PRECISION,CNT-99100,Turbo Housing Shell,Injection Molding,active,99100,5200,900,10,2026-07-05 20:20:00,2026-07-05
MX-9201,39.7,35.0,2026-07-05 19:40:00,1,ACME PRECISION,CNT-99100,Turbo Housing Shell,Injection Molding,active,99100,5200,900,10,2026-07-05 20:40:00,2026-07-05
MX-9201,30.4,35.0,2026-07-05 20:00:00,1,ACME PRECISION,CNT-99100,Turbo Housing Shell,Injection Molding,active,99100,5200,900,10,2026-07-05 21:00:00,2026-07-05
MX-9201,38.4,35.0,2026-07-05 20:20:00,1,ACME PRECISION,CNT-99100,Turbo Housing Shell,Injection Molding,active,99100,5200,900,10,2026-07-05 21:20:00,2026-07-05
MX-9201,39.3,35.0,2026-07-05 20:40:00,1,ACME PRECISION,CNT-99100,Turbo Housing Shell,Injection Molding,active,99100,5200,900,10,2026-07-05 21:40:00,2026-07-05
MX-9201,37.5,35.0,2026-07-05 21:00:00,1,ACME PRECISION,CNT-99100,Turbo Housing Shell,Injection Molding,active,99100,5200,900,10,2026-07-05 22:00:00,2026-07-05
MX-9201,31.9,35.0,2026-07-05 21:20:00,1,ACME PRECISION,CNT-99100,Turbo Housing Shell,Injection Molding,active,99100,5200,900,10,2026-07-05 22:20:00,2026-07-05
MX-9201,33.8,35.0,2026-07-05 21:40:00,1,ACME PRECISION,CNT-99100,Turbo Housing Shell,Injection Molding,active,99100,5200,900,10,2026-07-05 22:40:00,2026-07-05
MX-9201,35.2,35.0,2026-07-05 22:00:00,1,ACME PRECISION,CNT-99100,Turbo Housing Shell,Injection Molding,active,99100,5200,900,10,2026-07-05 23:00:00,2026-07-05
MX-9201,38.3,35.0,2026-07-05 22:20:00,1,ACME PRECISION,CNT-99100,Turbo Housing Shell,Injection Molding,active,99100,5200,900,10,2026-07-05 23:20:00,2026-07-05
MX-9201,46.2,35.0,2026-07-05 22:40:00,1,ACME PRECISION,CNT-99100,Turbo Housing Shell,Injection Molding,active,99100,5200,900,10,2026-07-05 23:40:00,2026-07-05
MX-9201,43.2,35.0,2026-07-05 23:00:00,1,ACME PRECISION,CNT-99100,Turbo Housing Shell,Injection Molding,active,99100,5200,900,10,2026-07-06 00:00:00,2026-07-05
MX-9201,37.1,35.0,2026-07-05 23:20:00,1,ACME PRECISION,CNT-99100,Turbo Housing Shell,Injection Molding,active,99100,5200,900,10,2026-07-06 00:20:00,2026-07-05
MX-9201,46.1,35.0,2026-07-05 23:40:00,1,ACME PRECISION,CNT-99100,Turbo Housing Shell,Injection Molding,active,99100,5200,900,10,2026-07-06 00:40:00,2026-07-05
MX-9201,32.5,35.0,2026-07-06 00:00:00,1,ACME PRECISION,CNT-99100,Turbo Housing Shell,Injection Molding,active,99100,5200,900,10,2026-07-06 01:00:00,2026-07-06
MX-9201,43.1,35.0,2026-07-06 00:20:00,1,ACME PRECISION,CNT-99100,Turbo Housing Shell,Injection Molding,active,99100,5200,900,10,2026-07-06 01:20:00,2026-07-06
MX-9201,38.6,35.0,2026-07-06 00:40:00,1,ACME PRECISION,CNT-99100,Turbo Housing Shell,Injection Molding,active,99100,5200,900,10,2026-07-06 01:40:00,2026-07-06
MX-9201,40.8,35.0,2026-07-06 01:00:00,1,ACME PRECISION,CNT-99100,Turbo Housing Shell,Injection Molding,active,99100,5200,900,10,2026-07-06 02:00:00,2026-07-06
MX-9201,42.8,35.0,2026-07-06 01:20:00,1,ACME PRECISION,CNT-99100,Turbo Housing Shell,Injection Molding,active,99100,5200,900,10,2026-07-06 02:20:00,2026-07-06
MX-9201,36.1,35.0,2026-07-06 01:40:00,1,ACME PRECISION,CNT-99100,Turbo Housing Shell,Injection Molding,active,99100,5200,900,10,2026-07-06 02:40:00,2026-07-06
MX-9201,43.7,35.0,2026-07-06 02:00:00,1,ACME PRECISION,CNT-99100,Turbo Housing Shell,Injection Molding,active,99100,5200,900,10,2026-07-06 03:00:00,2026-07-06
MX-9201,39.5,35.0,2026-07-06 02:20:00,1,ACME PRECISION,CNT-99100,Turbo Housing Shell,Injection Molding,active,99100,5200,900,10,2026-07-06 03:20:00,2026-07-06
MX-9201,52.0,35.0,2026-07-06 02:40:00,1,ACME PRECISION,CNT-99100,Turbo Housing Shell,Injection Molding,active,99100,5200,900,10,2026-07-06 03:40:00,2026-07-06
MX-9201,38.0,35.0,2026-07-06 03:00:00,1,ACME PRECISION,CNT-99100,Turbo Housing Shell,Injection Molding,active,99100,5200,900,10,2026-07-06 04:00:00,2026-07-06
MX-9201,46.1,35.0,2026-07-06 03:20:00,1,ACME PRECISION,CNT-99100,Turbo Housing Shell,Injection Molding,active,99100,5200,900,10,2026-07-06 04:20:00,2026-07-06
MX-9201,42.9,35.0,2026-07-06 03:40:00,1,ACME PRECISION,CNT-99100,Turbo Housing Shell,Injection Molding,active,99100,5200,900,10,2026-07-06 04:40:00,2026-07-06
MX-9201,33.5,35.0,2026-07-06 04:00:00,1,ACME PRECISION,CNT-99100,Turbo Housing Shell,Injection Molding,active,99100,5200,900,10,2026-07-06 05:00:00,2026-07-06
MX-9201,46.5,35.0,2026-07-06 04:20:00,1,ACME PRECISION,CNT-99100,Turbo Housing Shell,Injection Molding,active,99100,5200,900,10,2026-07-06 05:20:00,2026-07-06
MX-9201,35.3,35.0,2026-07-06 06:00:00,1,ACME PRECISION,CNT-99100,Turbo Housing Shell,Injection Molding,active,99100,5200,900,10,2026-07-06 07:00:00,2026-07-06
MX-9201,29.1,35.0,2026-07-06 06:20:00,1,ACME PRECISION,CNT-99100,Turbo Housing Shell,Injection Molding,active,99100,5200,900,10,2026-07-06 07:20:00,2026-07-06
MX-9201,45.5,35.0,2026-07-06 06:40:00,1,ACME PRECISION,CNT-99100,Turbo Housing Shell,Injection Molding,active,99100,5200,900,10,2026-07-06 07:40:00,2026-07-06
MX-9201,46.6,35.0,2026-07-06 07:00:00,1,ACME PRECISION,CNT-99100,Turbo Housing Shell,Injection Molding,active,99100,5200,900,10,2026-07-06 08:00:00,2026-07-06
MX-9201,41.2,35.0,2026-07-06 07:20:00,1,ACME PRECISION,CNT-99100,Turbo Housing Shell,Injection Molding,active,99100,5200,900,10,2026-07-06 08:20:00,2026-07-06
MX-9201,39.6,35.0,2026-07-06 07:40:00,1,ACME PRECISION,CNT-99100,Turbo Housing Shell,Injection Molding,active,99100,5200,900,10,2026-07-06 08:40:00,2026-07-06
MX-9201,49.4,35.0,2026-07-06 08:00:00,1,ACME PRECISION,CNT-99100,Turbo Housing Shell,Injection Molding,active,99100,5200,900,10,2026-07-06 09:00:00,2026-07-06
MX-9201,44.7,35.0,2026-07-06 08:20:00,1,ACME PRECISION,CNT-99100,Turbo Housing Shell,Injection Molding,active,99100,5200,900,10,2026-07-06 09:20:00,2026-07-06
MX-9201,37.5,35.0,2026-07-06 08:40:00,1,ACME PRECISION,CNT-99100,Turbo Housing Shell,Injection Molding,active,99100,5200,900,10,2026-07-06 09:40:00,2026-07-06
MX-9201,44.8,35.0,2026-07-06 09:00:00,1,ACME PRECISION,CNT-99100,Turbo Housing Shell,Injection Molding,active,99100,5200,900,10,2026-07-06 10:00:00,2026-07-06
MX-9201,34.3,35.0,2026-07-06 09:20:00,1,ACME PRECISION,CNT-99100,Turbo Housing Shell,Injection Molding,active,99100,5200,900,10,2026-07-06 10:20:00,2026-07-06
MX-9201,38.0,35.0,2026-07-06 09:40:00,1,ACME PRECISION,CNT-99100,Turbo Housing Shell,Injection Molding,active,99100,5200,900,10,2026-07-06 10:40:00,2026-07-06
MX-9201,35.4,35.0,2026-07-06 10:00:00,1,ACME PRECISION,CNT-99100,Turbo Housing Shell,Injection Molding,active,99100,5200,900,10,2026-07-06 11:00:00,2026-07-06
MX-9201,29.2,35.0,2026-07-06 10:20:00,1,ACME PRECISION,CNT-99100,Turbo Housing Shell,Injection Molding,active,99100,5200,900,10,2026-07-06 11:20:00,2026-07-06
MX-9201,34.7,35.0,2026-07-06 10:40:00,1,ACME PRECISION,CNT-99100,Turbo Housing Shell,Injection Molding,active,99100,5200,900,10,2026-07-06 11:40:00,2026-07-06
MX-9201,47.5,35.0,2026-07-06 11:00:00,1,ACME PRECISION,CNT-99100,Turbo Housing Shell,Injection Molding,active,99100,5200,900,10,2026-07-06 12:00:00,2026-07-06
MX-9201,35.1,35.0,2026-07-06 11:20:00,1,ACME PRECISION,CNT-99100,Turbo Housing Shell,Injection Molding,active,99100,5200,900,10,2026-07-06 12:20:00,2026-07-06
MX-9201,38.0,35.0,2026-07-06 11:40:00,1,ACME PRECISION,CNT-99100,Turbo Housing Shell,Injection Molding,active,99100,5200,900,10,2026-07-06 12:40:00,2026-07-06
MX-9201,34.8,35.0,2026-07-06 12:00:00,1,ACME PRECISION,CNT-99100,Turbo Housing Shell,Injection Molding,active,99100,5200,900,10,2026-07-06 13:00:00,2026-07-06
MX-9201,45.6,35.0,2026-07-06 12:20:00,1,ACME PRECISION,CNT-99100,Turbo Housing Shell,Injection Molding,active,99100,5200,900,10,2026-07-06 13:20:00,2026-07-06
MX-9201,41.0,35.0,2026-07-06 12:40:00,1,ACME PRECISION,CNT-99100,Turbo Housing Shell,Injection Molding,active,99100,5200,900,10,2026-07-06 13:40:00,2026-07-06
MX-9201,43.6,35.0,2026-07-06 13:00:00,1,ACME PRECISION,CNT-99100,Turbo Housing Shell,Injection Molding,active,99100,5200,900,10,2026-07-06 14:00:00,2026-07-06
MX-9201,40.4,35.0,2026-07-06 13:20:00,1,ACME PRECISION,CNT-99100,Turbo Housing Shell,Injection Molding,active,99100,5200,900,10,2026-07-06 14:20:00,2026-07-06
MX-9201,34.7,35.0,2026-07-06 13:40:00,1,ACME PRECISION,CNT-99100,Turbo Housing Shell,Injection Molding,active,99100,5200,900,10,2026-07-06 14:40:00,2026-07-06
MX-9201,35.8,35.0,2026-07-06 14:00:00,1,ACME PRECISION,CNT-99100,Turbo Housing Shell,Injection Molding,active,99100,5200,900,10,2026-07-06 15:00:00,2026-07-06
MX-9201,45.4,35.0,2026-07-06 14:20:00,1,ACME PRECISION,CNT-99100,Turbo Housing Shell,Injection Molding,active,99100,5200,900,10,2026-07-06 15:20:00,2026-07-06
MX-9201,40.6,35.0,2026-07-06 14:40:00,1,ACME PRECISION,CNT-99100,Turbo Housing Shell,Injection Molding,active,99100,5200,900,10,2026-07-06 15:40:00,2026-07-06
MX-9201,45.1,35.0,2026-07-06 15:00:00,1,ACME PRECISION,CNT-99100,Turbo Housing Shell,Injection Molding,active,99100,5200,900,10,2026-07-06 16:00:00,2026-07-06
MX-9201,24.1,35.0,2026-07-06 15:20:00,1,ACME PRECISION,CNT-99100,Turbo Housing Shell,Injection Molding,active,99100,5200,900,10,2026-07-06 16:20:00,2026-07-06
MX-9201,46.9,35.0,2026-07-06 15:40:00,1,ACME PRECISION,CNT-99100,Turbo Housing Shell,Injection Molding,active,99100,5200,900,10,2026-07-06 16:40:00,2026-07-06
MX-9201,38.3,35.0,2026-07-06 16:00:00,1,ACME PRECISION,CNT-99100,Turbo Housing Shell,Injection Molding,active,99100,5200,900,10,2026-07-06 17:00:00,2026-07-06
MX-9201,52.5,35.0,2026-07-06 16:20:00,1,ACME PRECISION,CNT-99100,Turbo Housing Shell,Injection Molding,active,99100,5200,900,10,2026-07-06 17:20:00,2026-07-06
MX-9201,38.2,35.0,2026-07-06 16:40:00,1,ACME PRECISION,CNT-99100,Turbo Housing Shell,Injection Molding,active,99100,5200,900,10,2026-07-06 17:40:00,2026-07-06
MX-9201,41.1,35.0,2026-07-06 17:00:00,1,ACME PRECISION,CNT-99100,Turbo Housing Shell,Injection Molding,active,99100,5200,900,10,2026-07-06 18:00:00,2026-07-06
MX-9201,44.5,35.0,2026-07-06 17:20:00,1,ACME PRECISION,CNT-99100,Turbo Housing Shell,Injection Molding,active,99100,5200,900,10,2026-07-06 18:20:00,2026-07-06
MX-9201,36.3,35.0,2026-07-06 17:40:00,1,ACME PRECISION,CNT-99100,Turbo Housing Shell,Injection Molding,active,99100,5200,900,10,2026-07-06 18:40:00,2026-07-06
MX-9201,45.6,35.0,2026-07-06 18:00:00,1,ACME PRECISION,CNT-99100,Turbo Housing Shell,Injection Molding,active,99100,5200,900,10,2026-07-06 19:00:00,2026-07-06
MX-9201,37.5,35.0,2026-07-06 18:20:00,1,ACME PRECISION,CNT-99100,Turbo Housing Shell,Injection Molding,active,99100,5200,900,10,2026-07-06 19:20:00,2026-07-06
MX-9201,47.8,35.0,2026-07-06 18:40:00,1,ACME PRECISION,CNT-99100,Turbo Housing Shell,Injection Molding,active,99100,5200,900,10,2026-07-06 19:40:00,2026-07-06
MX-9201,45.2,35.0,2026-07-06 19:00:00,1,ACME PRECISION,CNT-99100,Turbo Housing Shell,Injection Molding,active,99100,5200,900,10,2026-07-06 20:00:00,2026-07-06
MX-9201,43.6,35.0,2026-07-06 19:20:00,1,ACME PRECISION,CNT-99100,Turbo Housing Shell,Injection Molding,active,99100,5200,900,10,2026-07-06 20:20:00,2026-07-06
MX-9201,37.1,35.0,2026-07-06 19:40:00,1,ACME PRECISION,CNT-99100,Turbo Housing Shell,Injection Molding,active,99100,5200,900,10,2026-07-06 20:40:00,2026-07-06
MX-9201,39.8,35.0,2026-07-06 20:00:00,1,ACME PRECISION,CNT-99100,Turbo Housing Shell,Injection Molding,active,99100,5200,900,10,2026-07-06 21:00:00,2026-07-06
MX-9201,42.5,35.0,2026-07-06 20:20:00,1,ACME PRECISION,CNT-99100,Turbo Housing Shell,Injection Molding,active,99100,5200,900,10,2026-07-06 21:20:00,2026-07-06
MX-9201,30.1,35.0,2026-07-06 20:40:00,1,ACME PRECISION,CNT-99100,Turbo Housing Shell,Injection Molding,active,99100,5200,900,10,2026-07-06 21:40:00,2026-07-06
MX-9201,38.0,35.0,2026-07-06 21:00:00,1,ACME PRECISION,CNT-99100,Turbo Housing Shell,Injection Molding,active,99100,5200,900,10,2026-07-06 22:00:00,2026-07-06
MX-9201,45.9,35.0,2026-07-06 21:20:00,1,ACME PRECISION,CNT-99100,Turbo Housing Shell,Injection Molding,active,99100,5200,900,10,2026-07-06 22:20:00,2026-07-06
MX-9201,34.2,35.0,2026-07-06 21:40:00,1,ACME PRECISION,CNT-99100,Turbo Housing Shell,Injection Molding,active,99100,5200,900,10,2026-07-06 22:40:00,2026-07-06
MX-9201,47.8,35.0,2026-07-06 22:00:00,1,ACME PRECISION,CNT-99100,Turbo Housing Shell,Injection Molding,active,99100,5200,900,10,2026-07-06 23:00:00,2026-07-06
MX-9201,37.6,35.0,2026-07-06 22:20:00,1,ACME PRECISION,CNT-99100,Turbo Housing Shell,Injection Molding,active,99100,5200,900,10,2026-07-06 23:20:00,2026-07-06
MX-9201,42.7,35.0,2026-07-06 22:40:00,1,ACME PRECISION,CNT-99100,Turbo Housing Shell,Injection Molding,active,99100,5200,900,10,2026-07-06 23:40:00,2026-07-06
MX-9201,34.8,35.0,2026-07-06 23:00:00,1,ACME PRECISION,CNT-99100,Turbo Housing Shell,Injection Molding,active,99100,5200,900,10,2026-07-07 00:00:00,2026-07-06
MX-9201,43.5,35.0,2026-07-06 23:20:00,1,ACME PRECISION,CNT-99100,Turbo Housing Shell,Injection Molding,active,99100,5200,900,10,2026-07-07 00:20:00,2026-07-06
MX-9201,43.4,35.0,2026-07-06 23:40:00,1,ACME PRECISION,CNT-99100,Turbo Housing Shell,Injection Molding,active,99100,5200,900,10,2026-07-07 00:40:00,2026-07-06
MX-9201,47.0,35.0,2026-07-07 00:00:00,1,ACME PRECISION,CNT-99100,Turbo Housing Shell,Injection Molding,active,99100,5200,900,10,2026-07-07 01:00:00,2026-07-07
MX-9201,48.2,35.0,2026-07-07 00:20:00,1,ACME PRECISION,CNT-99100,Turbo Housing Shell,Injection Molding,active,99100,5200,900,10,2026-07-07 01:20:00,2026-07-07
MX-9201,47.6,35.0,2026-07-07 00:40:00,1,ACME PRECISION,CNT-99100,Turbo Housing Shell,Injection Molding,active,99100,5200,900,10,2026-07-07 01:40:00,2026-07-07
MX-9201,42.1,35.0,2026-07-07 01:00:00,1,ACME PRECISION,CNT-99100,Turbo Housing Shell,Injection Molding,active,99100,5200,900,10,2026-07-07 02:00:00,2026-07-07
MX-9201,34.4,35.0,2026-07-07 01:20:00,1,ACME PRECISION,CNT-99100,Turbo Housing Shell,Injection Molding,active,99100,5200,900,10,2026-07-07 02:20:00,2026-07-07
MX-9201,48.0,35.0,2026-07-07 01:40:00,1,ACME PRECISION,CNT-99100,Turbo Housing Shell,Injection Molding,active,99100,5200,900,10,2026-07-07 02:40:00,2026-07-07
MX-9201,34.0,35.0,2026-07-07 02:00:00,1,ACME PRECISION,CNT-99100,Turbo Housing Shell,Injection Molding,active,99100,5200,900,10,2026-07-07 03:00:00,2026-07-07
MX-9201,38.6,35.0,2026-07-07 02:20:00,1,ACME PRECISION,CNT-99100,Turbo Housing Shell,Injection Molding,active,99100,5200,900,10,2026-07-07 03:20:00,2026-07-07
MX-9201,44.9,35.0,2026-07-07 02:40:00,1,ACME PRECISION,CNT-99100,Turbo Housing Shell,Injection Molding,active,99100,5200,900,10,2026-07-07 03:40:00,2026-07-07
MX-9201,43.3,35.0,2026-07-07 03:00:00,1,ACME PRECISION,CNT-99100,Turbo Housing Shell,Injection Molding,active,99100,5200,900,10,2026-07-07 04:00:00,2026-07-07
MX-9201,49.4,35.0,2026-07-07 03:20:00,1,ACME PRECISION,CNT-99100,Turbo Housing Shell,Injection Molding,active,99100,5200,900,10,2026-07-07 04:20:00,2026-07-07
MX-9201,40.9,35.0,2026-07-07 03:40:00,1,ACME PRECISION,CNT-99100,Turbo Housing Shell,Injection Molding,active,99100,5200,900,10,2026-07-07 04:40:00,2026-07-07
MX-9201,32.0,35.0,2026-07-07 04:00:00,1,ACME PRECISION,CNT-99100,Turbo Housing Shell,Injection Molding,active,99100,5200,900,10,2026-07-07 05:00:00,2026-07-07
MX-9201,39.5,35.0,2026-07-07 04:20:00,1,ACME PRECISION,CNT-99100,Turbo Housing Shell,Injection Molding,active,99100,5200,900,10,2026-07-07 05:20:00,2026-07-07
MX-9201,41.9,35.0,2026-07-07 04:40:00,1,ACME PRECISION,CNT-99100,Turbo Housing Shell,Injection Molding,active,99100,5200,900,10,2026-07-07 05:40:00,2026-07-07
MX-9201,39.1,35.0,2026-07-07 05:00:00,1,ACME PRECISION,CNT-99100,Turbo Housing Shell,Injection Molding,active,99100,5200,900,10,2026-07-07 06:00:00,2026-07-07
MX-9201,48.5,35.0,2026-07-07 05:20:00,1,ACME PRECISION,CNT-99100,Turbo Housing Shell,Injection Molding,active,99100,5200,900,10,2026-07-07 06:20:00,2026-07-07
MX-9201,39.6,35.0,2026-07-07 05:40:00,1,ACME PRECISION,CNT-99100,Turbo Housing Shell,Injection Molding,active,99100,5200,900,10,2026-07-07 06:40:00,2026-07-07
MX-9201,33.3,35.0,2026-07-07 06:00:00,1,ACME PRECISION,CNT-99100,Turbo Housing Shell,Injection Molding,active,99100,5200,900,10,2026-07-07 07:00:00,2026-07-07
MX-9201,43.4,35.0,2026-07-07 06:20:00,1,ACME PRECISION,CNT-99100,Turbo Housing Shell,Injection Molding,active,99100,5200,900,10,2026-07-07 07:20:00,2026-07-07
MX-9201,34.8,35.0,2026-07-07 06:40:00,1,ACME PRECISION,CNT-99100,Turbo Housing Shell,Injection Molding,active,99100,5200,900,10,2026-07-07 07:40:00,2026-07-07
MX-9201,50.0,35.0,2026-07-07 07:00:00,1,ACME PRECISION,CNT-99100,Turbo Housing Shell,Injection Molding,active,99100,5200,900,10,2026-07-07 08:00:00,2026-07-07
MX-9201,42.4,35.0,2026-07-07 07:20:00,1,ACME PRECISION,CNT-99100,Turbo Housing Shell,Injection Molding,active,99100,5200,900,10,2026-07-07 08:20:00,2026-07-07
MX-9201,33.5,35.0,2026-07-07 07:40:00,1,ACME PRECISION,CNT-99100,Turbo Housing Shell,Injection Molding,active,99100,5200,900,10,2026-07-07 08:40:00,2026-07-07
MX-9201,46.7,35.0,2026-07-07 08:00:00,1,ACME PRECISION,CNT-99100,Turbo Housing Shell,Injection Molding,active,99100,5200,900,10,2026-07-07 09:00:00,2026-07-07
MX-9201,53.6,35.0,2026-07-07 08:20:00,1,ACME PRECISION,CNT-99100,Turbo Housing Shell,Injection Molding,active,99100,5200,900,10,2026-07-07 09:20:00,2026-07-07
MX-9201,30.3,35.0,2026-07-07 08:40:00,1,ACME PRECISION,CNT-99100,Turbo Housing Shell,Injection Molding,active,99100,5200,900,10,2026-07-07 09:40:00,2026-07-07
MX-9201,45.8,35.0,2026-07-07 09:00:00,1,ACME PRECISION,CNT-99100,Turbo Housing Shell,Injection Molding,active,99100,5200,900,10,2026-07-07 10:00:00,2026-07-07
MX-9201,43.5,35.0,2026-07-07 09:20:00,1,ACME PRECISION,CNT-99100,Turbo Housing Shell,Injection Molding,active,99100,5200,900,10,2026-07-07 10:20:00,2026-07-07
MX-9201,41.9,35.0,2026-07-07 09:40:00,1,ACME PRECISION,CNT-99100,Turbo Housing Shell,Injection Molding,active,99100,5200,900,10,2026-07-07 10:40:00,2026-07-07
MX-9201,42.8,35.0,2026-07-07 10:00:00,1,ACME PRECISION,CNT-99100,Turbo Housing Shell,Injection Molding,active,99100,5200,900,10,2026-07-07 11:00:00,2026-07-07
MX-9201,43.6,35.0,2026-07-07 10:20:00,1,ACME PRECISION,CNT-99100,Turbo Housing Shell,Injection Molding,active,99100,5200,900,10,2026-07-07 11:20:00,2026-07-07
MX-9201,37.3,35.0,2026-07-07 10:40:00,1,ACME PRECISION,CNT-99100,Turbo Housing Shell,Injection Molding,active,99100,5200,900,10,2026-07-07 11:40:00,2026-07-07
MX-9201,48.5,35.0,2026-07-07 11:00:00,1,ACME PRECISION,CNT-99100,Turbo Housing Shell,Injection Molding,active,99100,5200,900,10,2026-07-07 12:00:00,2026-07-07
MX-9201,33.8,35.0,2026-07-07 11:20:00,1,ACME PRECISION,CNT-99100,Turbo Housing Shell,Injection Molding,active,99100,5200,900,10,2026-07-07 12:20:00,2026-07-07
MX-9201,51.4,35.0,2026-07-07 11:40:00,1,ACME PRECISION,CNT-99100,Turbo Housing Shell,Injection Molding,active,99100,5200,900,10,2026-07-07 12:40:00,2026-07-07
MX-9201,49.1,35.0,2026-07-07 12:00:00,1,ACME PRECISION,CNT-99100,Turbo Housing Shell,Injection Molding,active,99100,5200,900,10,2026-07-07 13:00:00,2026-07-07
MX-9201,34.6,35.0,2026-07-07 12:20:00,1,ACME PRECISION,CNT-99100,Turbo Housing Shell,Injection Molding,active,99100,5200,900,10,2026-07-07 13:20:00,2026-07-07
MX-9201,40.9,35.0,2026-07-07 12:40:00,1,ACME PRECISION,CNT-99100,Turbo Housing Shell,Injection Molding,active,99100,5200,900,10,2026-07-07 13:40:00,2026-07-07
MX-9201,48.5,35.0,2026-07-07 13:00:00,1,ACME PRECISION,CNT-99100,Turbo Housing Shell,Injection Molding,active,99100,5200,900,10,2026-07-07 14:00:00,2026-07-07
MX-9201,38.3,35.0,2026-07-07 13:20:00,1,ACME PRECISION,CNT-99100,Turbo Housing Shell,Injection Molding,active,99100,5200,900,10,2026-07-07 14:20:00,2026-07-07
MX-9201,40.1,35.0,2026-07-07 13:40:00,1,ACME PRECISION,CNT-99100,Turbo Housing Shell,Injection Molding,active,99100,5200,900,10,2026-07-07 14:40:00,2026-07-07
MX-9201,38.8,35.0,2026-07-07 14:00:00,1,ACME PRECISION,CNT-99100,Turbo Housing Shell,Injection Molding,active,99100,5200,900,10,2026-07-07 15:00:00,2026-07-07
MX-9201,47.2,35.0,2026-07-07 14:20:00,1,ACME PRECISION,CNT-99100,Turbo Housing Shell,Injection Molding,active,99100,5200,900,10,2026-07-07 15:20:00,2026-07-07
MX-9201,37.7,35.0,2026-07-07 14:40:00,1,ACME PRECISION,CNT-99100,Turbo Housing Shell,Injection Molding,active,99100,5200,900,10,2026-07-07 15:40:00,2026-07-07
MX-9201,40.9,35.0,2026-07-07 15:00:00,1,ACME PRECISION,CNT-99100,Turbo Housing Shell,Injection Molding,active,99100,5200,900,10,2026-07-07 16:00:00,2026-07-07
MX-9201,43.8,35.0,2026-07-07 15:20:00,1,ACME PRECISION,CNT-99100,Turbo Housing Shell,Injection Molding,active,99100,5200,900,10,2026-07-07 16:20:00,2026-07-07
MX-9201,39.8,35.0,2026-07-07 15:40:00,1,ACME PRECISION,CNT-99100,Turbo Housing Shell,Injection Molding,active,99100,5200,900,10,2026-07-07 16:40:00,2026-07-07
MX-9201,36.3,35.0,2026-07-07 16:00:00,1,ACME PRECISION,CNT-99100,Turbo Housing Shell,Injection Molding,active,99100,5200,900,10,2026-07-07 17:00:00,2026-07-07
MX-9201,33.8,35.0,2026-07-07 16:20:00,1,ACME PRECISION,CNT-99100,Turbo Housing Shell,Injection Molding,active,99100,5200,900,10,2026-07-07 17:20:00,2026-07-07
MX-9201,32.9,35.0,2026-07-07 16:40:00,1,ACME PRECISION,CNT-99100,Turbo Housing Shell,Injection Molding,active,99100,5200,900,10,2026-07-07 17:40:00,2026-07-07
MX-9201,34.7,35.0,2026-07-07 17:00:00,1,ACME PRECISION,CNT-99100,Turbo Housing Shell,Injection Molding,active,99100,5200,900,10,2026-07-07 18:00:00,2026-07-07
MX-9201,31.8,35.0,2026-07-07 17:20:00,1,ACME PRECISION,CNT-99100,Turbo Housing Shell,Injection Molding,active,99100,5200,900,10,2026-07-07 18:20:00,2026-07-07
MX-9201,37.1,35.0,2026-07-07 17:40:00,1,ACME PRECISION,CNT-99100,Turbo Housing Shell,Injection Molding,active,99100,5200,900,10,2026-07-07 18:40:00,2026-07-07
MX-9201,42.5,35.0,2026-07-07 18:00:00,1,ACME PRECISION,CNT-99100,Turbo Housing Shell,Injection Molding,active,99100,5200,900,10,2026-07-07 19:00:00,2026-07-07
MX-9201,41.2,35.0,2026-07-07 18:20:00,1,ACME PRECISION,CNT-99100,Turbo Housing Shell,Injection Molding,active,99100,5200,900,10,2026-07-07 19:20:00,2026-07-07
MX-9201,36.5,35.0,2026-07-07 18:40:00,1,ACME PRECISION,CNT-99100,Turbo Housing Shell,Injection Molding,active,99100,5200,900,10,2026-07-07 19:40:00,2026-07-07
MX-9201,35.5,35.0,2026-07-07 19:00:00,1,ACME PRECISION,CNT-99100,Turbo Housing Shell,Injection Molding,active,99100,5200,900,10,2026-07-07 20:00:00,2026-07-07
MX-9201,35.7,35.0,2026-07-07 19:20:00,1,ACME PRECISION,CNT-99100,Turbo Housing Shell,Injection Molding,active,99100,5200,900,10,2026-07-07 20:20:00,2026-07-07
MX-9201,33.6,35.0,2026-07-07 19:40:00,1,ACME PRECISION,CNT-99100,Turbo Housing Shell,Injection Molding,active,99100,5200,900,10,2026-07-07 20:40:00,2026-07-07
MX-9201,34.4,35.0,2026-07-07 20:00:00,1,ACME PRECISION,CNT-99100,Turbo Housing Shell,Injection Molding,active,99100,5200,900,10,2026-07-07 21:00:00,2026-07-07
MX-9201,44.8,35.0,2026-07-07 20:20:00,1,ACME PRECISION,CNT-99100,Turbo Housing Shell,Injection Molding,active,99100,5200,900,10,2026-07-07 21:20:00,2026-07-07
MX-9201,33.5,35.0,2026-07-07 20:40:00,1,ACME PRECISION,CNT-99100,Turbo Housing Shell,Injection Molding,active,99100,5200,900,10,2026-07-07 21:40:00,2026-07-07
MX-9201,41.0,35.0,2026-07-07 21:00:00,1,ACME PRECISION,CNT-99100,Turbo Housing Shell,Injection Molding,active,99100,5200,900,10,2026-07-07 22:00:00,2026-07-07
MX-9201,37.7,35.0,2026-07-07 21:20:00,1,ACME PRECISION,CNT-99100,Turbo Housing Shell,Injection Molding,active,99100,5200,900,10,2026-07-07 22:20:00,2026-07-07
MX-9201,53.9,35.0,2026-07-07 21:40:00,1,ACME PRECISION,CNT-99100,Turbo Housing Shell,Injection Molding,active,99100,5200,900,10,2026-07-07 22:40:00,2026-07-07
MX-9201,31.4,35.0,2026-07-07 22:00:00,1,ACME PRECISION,CNT-99100,Turbo Housing Shell,Injection Molding,active,99100,5200,900,10,2026-07-07 23:00:00,2026-07-07
MX-9201,42.0,35.0,2026-07-07 22:20:00,1,ACME PRECISION,CNT-99100,Turbo Housing Shell,Injection Molding,active,99100,5200,900,10,2026-07-07 23:20:00,2026-07-07
MX-9201,39.2,35.0,2026-07-07 22:40:00,1,ACME PRECISION,CNT-99100,Turbo Housing Shell,Injection Molding,active,99100,5200,900,10,2026-07-07 23:40:00,2026-07-07
MX-9201,36.8,35.0,2026-07-07 23:00:00,1,ACME PRECISION,CNT-99100,Turbo Housing Shell,Injection Molding,active,99100,5200,900,10,2026-07-08 00:00:00,2026-07-07
MX-9201,42.6,35.0,2026-07-07 23:20:00,1,ACME PRECISION,CNT-99100,Turbo Housing Shell,Injection Molding,active,99100,5200,900,10,2026-07-08 00:20:00,2026-07-07
MX-9201,41.8,35.0,2026-07-07 23:40:00,1,ACME PRECISION,CNT-99100,Turbo Housing Shell,Injection Molding,active,99100,5200,900,10,2026-07-08 00:40:00,2026-07-07
MX-9201,35.3,35.0,2026-07-08 00:00:00,1,ACME PRECISION,CNT-99100,Turbo Housing Shell,Injection Molding,active,99100,5200,900,10,2026-07-08 01:00:00,2026-07-08
MX-9201,43.2,35.0,2026-07-08 00:20:00,1,ACME PRECISION,CNT-99100,Turbo Housing Shell,Injection Molding,active,99100,5200,900,10,2026-07-08 01:20:00,2026-07-08
MX-9201,43.0,35.0,2026-07-08 00:40:00,1,ACME PRECISION,CNT-99100,Turbo Housing Shell,Injection Molding,active,99100,5200,900,10,2026-07-08 01:40:00,2026-07-08
MX-9201,47.9,35.0,2026-07-08 01:00:00,1,ACME PRECISION,CNT-99100,Turbo Housing Shell,Injection Molding,active,99100,5200,900,10,2026-07-08 02:00:00,2026-07-08
MX-9201,37.7,35.0,2026-07-08 01:20:00,1,ACME PRECISION,CNT-99100,Turbo Housing Shell,Injection Molding,active,99100,5200,900,10,2026-07-08 02:20:00,2026-07-08
MX-9201,48.8,35.0,2026-07-08 01:40:00,1,ACME PRECISION,CNT-99100,Turbo Housing Shell,Injection Molding,active,99100,5200,900,10,2026-07-08 02:40:00,2026-07-08
MX-9201,39.9,35.0,2026-07-08 02:00:00,1,ACME PRECISION,CNT-99100,Turbo Housing Shell,Injection Molding,active,99100,5200,900,10,2026-07-08 03:00:00,2026-07-08
MX-9201,30.4,35.0,2026-07-08 02:20:00,1,ACME PRECISION,CNT-99100,Turbo Housing Shell,Injection Molding,active,99100,5200,900,10,2026-07-08 03:20:00,2026-07-08
MX-9201,43.7,35.0,2026-07-08 02:40:00,1,ACME PRECISION,CNT-99100,Turbo Housing Shell,Injection Molding,active,99100,5200,900,10,2026-07-08 03:40:00,2026-07-08
MX-9201,40.5,35.0,2026-07-08 03:00:00,1,ACME PRECISION,CNT-99100,Turbo Housing Shell,Injection Molding,active,99100,5200,900,10,2026-07-08 04:00:00,2026-07-08
MX-9201,36.3,35.0,2026-07-08 03:20:00,1,ACME PRECISION,CNT-99100,Turbo Housing Shell,Injection Molding,active,99100,5200,900,10,2026-07-08 04:20:00,2026-07-08
MX-9201,45.9,35.0,2026-07-08 03:40:00,1,ACME PRECISION,CNT-99100,Turbo Housing Shell,Injection Molding,active,99100,5200,900,10,2026-07-08 04:40:00,2026-07-08
MX-9201,38.4,35.0,2026-07-08 04:00:00,1,ACME PRECISION,CNT-99100,Turbo Housing Shell,Injection Molding,active,99100,5200,900,10,2026-07-08 05:00:00,2026-07-08
MX-9201,46.4,35.0,2026-07-08 04:20:00,1,ACME PRECISION,CNT-99100,Turbo Housing Shell,Injection Molding,active,99100,5200,900,10,2026-07-08 05:20:00,2026-07-08
MX-9201,40.5,35.0,2026-07-08 04:40:00,1,ACME PRECISION,CNT-99100,Turbo Housing Shell,Injection Molding,active,99100,5200,900,10,2026-07-08 05:40:00,2026-07-08
MX-9201,44.9,35.0,2026-07-08 05:00:00,1,ACME PRECISION,CNT-99100,Turbo Housing Shell,Injection Molding,active,99100,5200,900,10,2026-07-08 06:00:00,2026-07-08
MX-9201,44.6,35.0,2026-07-08 05:20:00,1,ACME PRECISION,CNT-99100,Turbo Housing Shell,Injection Molding,active,99100,5200,900,10,2026-07-08 06:20:00,2026-07-08
MX-9201,43.5,35.0,2026-07-08 05:40:00,1,ACME PRECISION,CNT-99100,Turbo Housing Shell,Injection Molding,active,99100,5200,900,10,2026-07-08 06:40:00,2026-07-08
MX-9201,35.5,35.0,2026-07-08 06:00:00,1,ACME PRECISION,CNT-99100,Turbo Housing Shell,Injection Molding,active,99100,5200,900,10,2026-07-08 07:00:00,2026-07-08
MX-9201,45.8,35.0,2026-07-08 06:20:00,1,ACME PRECISION,CNT-99100,Turbo Housing Shell,Injection Molding,active,99100,5200,900,10,2026-07-08 07:20:00,2026-07-08
MX-9201,41.1,35.0,2026-07-08 06:40:00,1,ACME PRECISION,CNT-99100,Turbo Housing Shell,Injection Molding,active,99100,5200,900,10,2026-07-08 07:40:00,2026-07-08
MX-9201,51.6,35.0,2026-07-08 07:00:00,1,ACME PRECISION,CNT-99100,Turbo Housing Shell,Injection Molding,active,99100,5200,900,10,2026-07-08 08:00:00,2026-07-08
MX-9201,43.5,35.0,2026-07-08 07:20:00,1,ACME PRECISION,CNT-99100,Turbo Housing Shell,Injection Molding,active,99100,5200,900,10,2026-07-08 08:20:00,2026-07-08
MX-9201,44.9,35.0,2026-07-08 07:40:00,1,ACME PRECISION,CNT-99100,Turbo Housing Shell,Injection Molding,active,99100,5200,900,10,2026-07-08 08:40:00,2026-07-08
MX-9201,36.9,35.0,2026-07-08 08:00:00,1,ACME PRECISION,CNT-99100,Turbo Housing Shell,Injection Molding,active,99100,5200,900,10,2026-07-08 09:00:00,2026-07-08
MX-9201,38.8,35.0,2026-07-08 08:20:00,1,ACME PRECISION,CNT-99100,Turbo Housing Shell,Injection Molding,active,99100,5200,900,10,2026-07-08 09:20:00,2026-07-08
MX-9201,41.5,35.0,2026-07-08 08:40:00,1,ACME PRECISION,CNT-99100,Turbo Housing Shell,Injection Molding,active,99100,5200,900,10,2026-07-08 09:40:00,2026-07-08
MX-9201,34.7,35.0,2026-07-08 09:00:00,1,ACME PRECISION,CNT-99100,Turbo Housing Shell,Injection Molding,active,99100,5200,900,10,2026-07-08 10:00:00,2026-07-08
MX-9201,34.7,35.0,2026-07-08 09:20:00,1,ACME PRECISION,CNT-99100,Turbo Housing Shell,Injection Molding,active,99100,5200,900,10,2026-07-08 10:20:00,2026-07-08
MX-9201,40.4,35.0,2026-07-08 09:40:00,1,ACME PRECISION,CNT-99100,Turbo Housing Shell,Injection Molding,active,99100,5200,900,10,2026-07-08 10:40:00,2026-07-08
MX-9201,40.5,35.0,2026-07-08 10:00:00,1,ACME PRECISION,CNT-99100,Turbo Housing Shell,Injection Molding,active,99100,5200,900,10,2026-07-08 11:00:00,2026-07-08
MX-9201,42.0,35.0,2026-07-08 10:20:00,1,ACME PRECISION,CNT-99100,Turbo Housing Shell,Injection Molding,active,99100,5200,900,10,2026-07-08 11:20:00,2026-07-08
MX-9201,46.9,35.0,2026-07-08 10:40:00,1,ACME PRECISION,CNT-99100,Turbo Housing Shell,Injection Molding,active,99100,5200,900,10,2026-07-08 11:40:00,2026-07-08
MX-9201,38.8,35.0,2026-07-08 11:00:00,1,ACME PRECISION,CNT-99100,Turbo Housing Shell,Injection Molding,active,99100,5200,900,10,2026-07-08 12:00:00,2026-07-08
MX-9201,44.6,35.0,2026-07-08 11:20:00,1,ACME PRECISION,CNT-99100,Turbo Housing Shell,Injection Molding,active,99100,5200,900,10,2026-07-08 12:20:00,2026-07-08
MX-9201,40.2,35.0,2026-07-08 11:40:00,1,ACME PRECISION,CNT-99100,Turbo Housing Shell,Injection Molding,active,99100,5200,900,10,2026-07-08 12:40:00,2026-07-08
MX-9201,39.9,35.0,2026-07-08 12:00:00,1,ACME PRECISION,CNT-99100,Turbo Housing Shell,Injection Molding,active,99100,5200,900,10,2026-07-08 13:00:00,2026-07-08
MX-9201,42.3,35.0,2026-07-08 12:20:00,1,ACME PRECISION,CNT-99100,Turbo Housing Shell,Injection Molding,active,99100,5200,900,10,2026-07-08 13:20:00,2026-07-08
MX-9201,29.9,35.0,2026-07-08 12:40:00,1,ACME PRECISION,CNT-99100,Turbo Housing Shell,Injection Molding,active,99100,5200,900,10,2026-07-08 13:40:00,2026-07-08
MX-9201,41.3,35.0,2026-07-08 13:00:00,1,ACME PRECISION,CNT-99100,Turbo Housing Shell,Injection Molding,active,99100,5200,900,10,2026-07-08 14:00:00,2026-07-08
MX-9201,37.6,35.0,2026-07-08 13:20:00,1,ACME PRECISION,CNT-99100,Turbo Housing Shell,Injection Molding,active,99100,5200,900,10,2026-07-08 14:20:00,2026-07-08
MX-9201,36.0,35.0,2026-07-08 13:40:00,1,ACME PRECISION,CNT-99100,Turbo Housing Shell,Injection Molding,active,99100,5200,900,10,2026-07-08 14:40:00,2026-07-08
MX-9201,30.9,35.0,2026-07-08 14:00:00,1,ACME PRECISION,CNT-99100,Turbo Housing Shell,Injection Molding,active,99100,5200,900,10,2026-07-08 15:00:00,2026-07-08
MX-9201,38.6,35.0,2026-07-08 14:20:00,1,ACME PRECISION,CNT-99100,Turbo Housing Shell,Injection Molding,active,99100,5200,900,10,2026-07-08 15:20:00,2026-07-08
MX-9201,31.0,35.0,2026-07-08 14:40:00,1,ACME PRECISION,CNT-99100,Turbo Housing Shell,Injection Molding,active,99100,5200,900,10,2026-07-08 15:40:00,2026-07-08
MX-9201,45.6,35.0,2026-07-08 15:00:00,1,ACME PRECISION,CNT-99100,Turbo Housing Shell,Injection Molding,active,99100,5200,900,10,2026-07-08 16:00:00,2026-07-08
MX-9201,39.7,35.0,2026-07-08 15:20:00,1,ACME PRECISION,CNT-99100,Turbo Housing Shell,Injection Molding,active,99100,5200,900,10,2026-07-08 16:20:00,2026-07-08
MX-9201,32.0,35.0,2026-07-08 15:40:00,1,ACME PRECISION,CNT-99100,Turbo Housing Shell,Injection Molding,active,99100,5200,900,10,2026-07-08 16:40:00,2026-07-08
MX-9201,37.4,35.0,2026-07-08 16:00:00,1,ACME PRECISION,CNT-99100,Turbo Housing Shell,Injection Molding,active,99100,5200,900,10,2026-07-08 17:00:00,2026-07-08
MX-9201,45.0,35.0,2026-07-08 16:20:00,1,ACME PRECISION,CNT-99100,Turbo Housing Shell,Injection Molding,active,99100,5200,900,10,2026-07-08 17:20:00,2026-07-08
MX-9201,37.8,35.0,2026-07-08 16:40:00,1,ACME PRECISION,CNT-99100,Turbo Housing Shell,Injection Molding,active,99100,5200,900,10,2026-07-08 17:40:00,2026-07-08
MX-9201,39.5,35.0,2026-07-08 17:00:00,1,ACME PRECISION,CNT-99100,Turbo Housing Shell,Injection Molding,active,99100,5200,900,10,2026-07-08 18:00:00,2026-07-08
MX-9201,39.0,35.0,2026-07-08 17:20:00,1,ACME PRECISION,CNT-99100,Turbo Housing Shell,Injection Molding,active,99100,5200,900,10,2026-07-08 18:20:00,2026-07-08
MX-9201,40.3,35.0,2026-07-08 17:40:00,1,ACME PRECISION,CNT-99100,Turbo Housing Shell,Injection Molding,active,99100,5200,900,10,2026-07-08 18:40:00,2026-07-08
MX-9201,31.9,35.0,2026-07-08 18:00:00,1,ACME PRECISION,CNT-99100,Turbo Housing Shell,Injection Molding,active,99100,5200,900,10,2026-07-08 19:00:00,2026-07-08
MX-9201,40.7,35.0,2026-07-08 18:20:00,1,ACME PRECISION,CNT-99100,Turbo Housing Shell,Injection Molding,active,99100,5200,900,10,2026-07-08 19:20:00,2026-07-08
MX-9201,38.0,35.0,2026-07-08 18:40:00,1,ACME PRECISION,CNT-99100,Turbo Housing Shell,Injection Molding,active,99100,5200,900,10,2026-07-08 19:40:00,2026-07-08
MX-9201,56.7,35.0,2026-07-08 19:00:00,1,ACME PRECISION,CNT-99100,Turbo Housing Shell,Injection Molding,active,99100,5200,900,10,2026-07-08 20:00:00,2026-07-08
MX-9201,39.8,35.0,2026-07-08 19:20:00,1,ACME PRECISION,CNT-99100,Turbo Housing Shell,Injection Molding,active,99100,5200,900,10,2026-07-08 20:20:00,2026-07-08
MX-9201,38.5,35.0,2026-07-08 19:40:00,1,ACME PRECISION,CNT-99100,Turbo Housing Shell,Injection Molding,active,99100,5200,900,10,2026-07-08 20:40:00,2026-07-08
MX-9201,46.2,35.0,2026-07-08 20:00:00,1,ACME PRECISION,CNT-99100,Turbo Housing Shell,Injection Molding,active,99100,5200,900,10,2026-07-08 21:00:00,2026-07-08
MX-9201,40.1,35.0,2026-07-08 20:20:00,1,ACME PRECISION,CNT-99100,Turbo Housing Shell,Injection Molding,active,99100,5200,900,10,2026-07-08 21:20:00,2026-07-08
MX-9201,42.3,35.0,2026-07-08 20:40:00,1,ACME PRECISION,CNT-99100,Turbo Housing Shell,Injection Molding,active,99100,5200,900,10,2026-07-08 21:40:00,2026-07-08
MX-9201,36.3,35.0,2026-07-08 21:00:00,1,ACME PRECISION,CNT-99100,Turbo Housing Shell,Injection Molding,active,99100,5200,900,10,2026-07-08 22:00:00,2026-07-08
MX-9201,49.2,35.0,2026-07-08 21:20:00,1,ACME PRECISION,CNT-99100,Turbo Housing Shell,Injection Molding,active,99100,5200,900,10,2026-07-08 22:20:00,2026-07-08
MX-9201,37.6,35.0,2026-07-08 21:40:00,1,ACME PRECISION,CNT-99100,Turbo Housing Shell,Injection Molding,active,99100,5200,900,10,2026-07-08 22:40:00,2026-07-08
MX-9201,42.9,35.0,2026-07-08 22:00:00,1,ACME PRECISION,CNT-99100,Turbo Housing Shell,Injection Molding,active,99100,5200,900,10,2026-07-08 23:00:00,2026-07-08
MX-9201,47.0,35.0,2026-07-08 22:20:00,1,ACME PRECISION,CNT-99100,Turbo Housing Shell,Injection Molding,active,99100,5200,900,10,2026-07-08 23:20:00,2026-07-08
MX-9201,39.3,35.0,2026-07-08 22:40:00,1,ACME PRECISION,CNT-99100,Turbo Housing Shell,Injection Molding,active,99100,5200,900,10,2026-07-08 23:40:00,2026-07-08
MX-9201,40.9,35.0,2026-07-08 23:00:00,1,ACME PRECISION,CNT-99100,Turbo Housing Shell,Injection Molding,active,99100,5200,900,10,2026-07-09 00:00:00,2026-07-08
MX-9201,44.1,35.0,2026-07-08 23:20:00,1,ACME PRECISION,CNT-99100,Turbo Housing Shell,Injection Molding,active,99100,5200,900,10,2026-07-09 00:20:00,2026-07-08
MX-9201,44.6,35.0,2026-07-08 23:40:00,1,ACME PRECISION,CNT-99100,Turbo Housing Shell,Injection Molding,active,99100,5200,900,10,2026-07-09 00:40:00,2026-07-08
MX-9201,35.1,35.0,2026-07-09 00:00:00,1,ACME PRECISION,CNT-99100,Turbo Housing Shell,Injection Molding,active,99100,5200,900,10,2026-07-09 01:00:00,2026-07-09
MX-9201,41.9,35.0,2026-07-09 00:20:00,1,ACME PRECISION,CNT-99100,Turbo Housing Shell,Injection Molding,active,99100,5200,900,10,2026-07-09 01:20:00,2026-07-09
MX-9201,35.9,35.0,2026-07-09 00:40:00,1,ACME PRECISION,CNT-99100,Turbo Housing Shell,Injection Molding,active,99100,5200,900,10,2026-07-09 01:40:00,2026-07-09
MX-9201,37.0,35.0,2026-07-09 01:00:00,1,ACME PRECISION,CNT-99100,Turbo Housing Shell,Injection Molding,active,99100,5200,900,10,2026-07-09 02:00:00,2026-07-09
MX-9201,37.5,35.0,2026-07-09 01:20:00,1,ACME PRECISION,CNT-99100,Turbo Housing Shell,Injection Molding,active,99100,5200,900,10,2026-07-09 02:20:00,2026-07-09
MX-9201,47.4,35.0,2026-07-09 01:40:00,1,ACME PRECISION,CNT-99100,Turbo Housing Shell,Injection Molding,active,99100,5200,900,10,2026-07-09 02:40:00,2026-07-09
MX-9201,49.4,35.0,2026-07-09 02:00:00,1,ACME PRECISION,CNT-99100,Turbo Housing Shell,Injection Molding,active,99100,5200,900,10,2026-07-09 03:00:00,2026-07-09
MX-9201,54.8,35.0,2026-07-09 02:20:00,1,ACME PRECISION,CNT-99100,Turbo Housing Shell,Injection Molding,active,99100,5200,900,10,2026-07-09 03:20:00,2026-07-09
MX-9201,40.6,35.0,2026-07-09 02:40:00,1,ACME PRECISION,CNT-99100,Turbo Housing Shell,Injection Molding,active,99100,5200,900,10,2026-07-09 03:40:00,2026-07-09
MX-9201,36.5,35.0,2026-07-09 03:00:00,1,ACME PRECISION,CNT-99100,Turbo Housing Shell,Injection Molding,active,99100,5200,900,10,2026-07-09 04:00:00,2026-07-09
MX-9201,35.8,35.0,2026-07-09 03:20:00,1,ACME PRECISION,CNT-99100,Turbo Housing Shell,Injection Molding,active,99100,5200,900,10,2026-07-09 04:20:00,2026-07-09
MX-9201,49.5,35.0,2026-07-09 03:40:00,1,ACME PRECISION,CNT-99100,Turbo Housing Shell,Injection Molding,active,99100,5200,900,10,2026-07-09 04:40:00,2026-07-09
MX-9201,32.8,35.0,2026-07-09 04:00:00,1,ACME PRECISION,CNT-99100,Turbo Housing Shell,Injection Molding,active,99100,5200,900,10,2026-07-09 05:00:00,2026-07-09
MX-9201,39.3,35.0,2026-07-09 04:20:00,1,ACME PRECISION,CNT-99100,Turbo Housing Shell,Injection Molding,active,99100,5200,900,10,2026-07-09 05:20:00,2026-07-09
MX-9201,37.9,35.0,2026-07-09 04:40:00,1,ACME PRECISION,CNT-99100,Turbo Housing Shell,Injection Molding,active,99100,5200,900,10,2026-07-09 05:40:00,2026-07-09
MX-9201,50.3,35.0,2026-07-09 05:00:00,1,ACME PRECISION,CNT-99100,Turbo Housing Shell,Injection Molding,active,99100,5200,900,10,2026-07-09 06:00:00,2026-07-09
MX-9201,35.6,35.0,2026-07-09 05:20:00,1,ACME PRECISION,CNT-99100,Turbo Housing Shell,Injection Molding,active,99100,5200,900,10,2026-07-09 06:20:00,2026-07-09
MX-9201,46.8,35.0,2026-07-09 05:40:00,1,ACME PRECISION,CNT-99100,Turbo Housing Shell,Injection Molding,active,99100,5200,900,10,2026-07-09 06:40:00,2026-07-09
MX-9201,47.9,35.0,2026-07-09 06:00:00,1,ACME PRECISION,CNT-99100,Turbo Housing Shell,Injection Molding,active,99100,5200,900,10,2026-07-09 07:00:00,2026-07-09
MX-9201,40.1,35.0,2026-07-09 06:20:00,1,ACME PRECISION,CNT-99100,Turbo Housing Shell,Injection Molding,active,99100,5200,900,10,2026-07-09 07:20:00,2026-07-09
MX-9201,43.4,35.0,2026-07-09 06:40:00,1,ACME PRECISION,CNT-99100,Turbo Housing Shell,Injection Molding,active,99100,5200,900,10,2026-07-09 07:40:00,2026-07-09
MX-9201,32.8,35.0,2026-07-09 07:00:00,1,ACME PRECISION,CNT-99100,Turbo Housing Shell,Injection Molding,active,99100,5200,900,10,2026-07-09 08:00:00,2026-07-09
MX-9201,40.5,35.0,2026-07-09 07:20:00,1,ACME PRECISION,CNT-99100,Turbo Housing Shell,Injection Molding,active,99100,5200,900,10,2026-07-09 08:20:00,2026-07-09
MX-9201,39.8,35.0,2026-07-09 07:40:00,1,ACME PRECISION,CNT-99100,Turbo Housing Shell,Injection Molding,active,99100,5200,900,10,2026-07-09 08:40:00,2026-07-09
MX-9201,27.2,35.0,2026-07-09 08:00:00,1,ACME PRECISION,CNT-99100,Turbo Housing Shell,Injection Molding,active,99100,5200,900,10,2026-07-09 09:00:00,2026-07-09
MX-9201,43.2,35.0,2026-07-09 08:20:00,1,ACME PRECISION,CNT-99100,Turbo Housing Shell,Injection Molding,active,99100,5200,900,10,2026-07-09 09:20:00,2026-07-09
MX-9201,42.8,35.0,2026-07-09 08:40:00,1,ACME PRECISION,CNT-99100,Turbo Housing Shell,Injection Molding,active,99100,5200,900,10,2026-07-09 09:40:00,2026-07-09
MX-9201,31.9,35.0,2026-07-09 09:00:00,1,ACME PRECISION,CNT-99100,Turbo Housing Shell,Injection Molding,active,99100,5200,900,10,2026-07-09 10:00:00,2026-07-09
MX-9201,33.4,35.0,2026-07-09 09:20:00,1,ACME PRECISION,CNT-99100,Turbo Housing Shell,Injection Molding,active,99100,5200,900,10,2026-07-09 10:20:00,2026-07-09
MX-9201,37.0,35.0,2026-07-09 09:40:00,1,ACME PRECISION,CNT-99100,Turbo Housing Shell,Injection Molding,active,99100,5200,900,10,2026-07-09 10:40:00,2026-07-09
MX-9201,38.1,35.0,2026-07-09 10:00:00,1,ACME PRECISION,CNT-99100,Turbo Housing Shell,Injection Molding,active,99100,5200,900,10,2026-07-09 11:00:00,2026-07-09
MX-9201,39.3,35.0,2026-07-09 10:20:00,1,ACME PRECISION,CNT-99100,Turbo Housing Shell,Injection Molding,active,99100,5200,900,10,2026-07-09 11:20:00,2026-07-09
MX-9201,35.8,35.0,2026-07-09 10:40:00,1,ACME PRECISION,CNT-99100,Turbo Housing Shell,Injection Molding,active,99100,5200,900,10,2026-07-09 11:40:00,2026-07-09
MX-9201,35.6,35.0,2026-07-09 11:00:00,1,ACME PRECISION,CNT-99100,Turbo Housing Shell,Injection Molding,active,99100,5200,900,10,2026-07-09 12:00:00,2026-07-09
MX-9201,42.6,35.0,2026-07-09 11:20:00,1,ACME PRECISION,CNT-99100,Turbo Housing Shell,Injection Molding,active,99100,5200,900,10,2026-07-09 12:20:00,2026-07-09
MX-9201,38.4,35.0,2026-07-09 11:40:00,1,ACME PRECISION,CNT-99100,Turbo Housing Shell,Injection Molding,active,99100,5200,900,10,2026-07-09 12:40:00,2026-07-09
MX-9201,40.4,35.0,2026-07-09 12:00:00,1,ACME PRECISION,CNT-99100,Turbo Housing Shell,Injection Molding,active,99100,5200,900,10,2026-07-09 13:00:00,2026-07-09
MX-9201,39.7,35.0,2026-07-09 12:20:00,1,ACME PRECISION,CNT-99100,Turbo Housing Shell,Injection Molding,active,99100,5200,900,10,2026-07-09 13:20:00,2026-07-09
MX-9201,43.4,35.0,2026-07-09 12:40:00,1,ACME PRECISION,CNT-99100,Turbo Housing Shell,Injection Molding,active,99100,5200,900,10,2026-07-09 13:40:00,2026-07-09
MX-9201,40.1,35.0,2026-07-09 13:00:00,1,ACME PRECISION,CNT-99100,Turbo Housing Shell,Injection Molding,active,99100,5200,900,10,2026-07-09 14:00:00,2026-07-09
MX-9201,45.5,35.0,2026-07-09 13:20:00,1,ACME PRECISION,CNT-99100,Turbo Housing Shell,Injection Molding,active,99100,5200,900,10,2026-07-09 14:20:00,2026-07-09
MX-9201,41.5,35.0,2026-07-09 13:40:00,1,ACME PRECISION,CNT-99100,Turbo Housing Shell,Injection Molding,active,99100,5200,900,10,2026-07-09 14:40:00,2026-07-09
MX-9201,45.7,35.0,2026-07-09 14:00:00,1,ACME PRECISION,CNT-99100,Turbo Housing Shell,Injection Molding,active,99100,5200,900,10,2026-07-09 15:00:00,2026-07-09
MX-9201,47.6,35.0,2026-07-09 14:20:00,1,ACME PRECISION,CNT-99100,Turbo Housing Shell,Injection Molding,active,99100,5200,900,10,2026-07-09 15:20:00,2026-07-09
MX-9201,33.2,35.0,2026-07-09 14:40:00,1,ACME PRECISION,CNT-99100,Turbo Housing Shell,Injection Molding,active,99100,5200,900,10,2026-07-09 15:40:00,2026-07-09
MX-9201,45.9,35.0,2026-07-09 15:00:00,1,ACME PRECISION,CNT-99100,Turbo Housing Shell,Injection Molding,active,99100,5200,900,10,2026-07-09 16:00:00,2026-07-09
MX-9201,50.4,35.0,2026-07-09 15:20:00,1,ACME PRECISION,CNT-99100,Turbo Housing Shell,Injection Molding,active,99100,5200,900,10,2026-07-09 16:20:00,2026-07-09
MX-9201,35.8,35.0,2026-07-09 15:40:00,1,ACME PRECISION,CNT-99100,Turbo Housing Shell,Injection Molding,active,99100,5200,900,10,2026-07-09 16:40:00,2026-07-09
MX-9201,40.8,35.0,2026-07-09 16:00:00,1,ACME PRECISION,CNT-99100,Turbo Housing Shell,Injection Molding,active,99100,5200,900,10,2026-07-09 17:00:00,2026-07-09
MX-9201,39.0,35.0,2026-07-09 16:20:00,1,ACME PRECISION,CNT-99100,Turbo Housing Shell,Injection Molding,active,99100,5200,900,10,2026-07-09 17:20:00,2026-07-09
MX-9201,43.3,35.0,2026-07-09 16:40:00,1,ACME PRECISION,CNT-99100,Turbo Housing Shell,Injection Molding,active,99100,5200,900,10,2026-07-09 17:40:00,2026-07-09
MX-9201,43.7,35.0,2026-07-09 17:00:00,1,ACME PRECISION,CNT-99100,Turbo Housing Shell,Injection Molding,active,99100,5200,900,10,2026-07-09 18:00:00,2026-07-09
MX-9201,37.4,35.0,2026-07-09 17:20:00,1,ACME PRECISION,CNT-99100,Turbo Housing Shell,Injection Molding,active,99100,5200,900,10,2026-07-09 18:20:00,2026-07-09
MX-9201,47.9,35.0,2026-07-09 17:40:00,1,ACME PRECISION,CNT-99100,Turbo Housing Shell,Injection Molding,active,99100,5200,900,10,2026-07-09 18:40:00,2026-07-09
MX-9201,36.4,35.0,2026-07-09 18:00:00,1,ACME PRECISION,CNT-99100,Turbo Housing Shell,Injection Molding,active,99100,5200,900,10,2026-07-09 19:00:00,2026-07-09
MX-9201,40.2,35.0,2026-07-09 18:20:00,1,ACME PRECISION,CNT-99100,Turbo Housing Shell,Injection Molding,active,99100,5200,900,10,2026-07-09 19:20:00,2026-07-09
MX-9201,46.4,35.0,2026-07-09 18:40:00,1,ACME PRECISION,CNT-99100,Turbo Housing Shell,Injection Molding,active,99100,5200,900,10,2026-07-09 19:40:00,2026-07-09
MX-9201,51.3,35.0,2026-07-09 19:00:00,1,ACME PRECISION,CNT-99100,Turbo Housing Shell,Injection Molding,active,99100,5200,900,10,2026-07-09 20:00:00,2026-07-09
MX-9201,38.2,35.0,2026-07-09 19:20:00,1,ACME PRECISION,CNT-99100,Turbo Housing Shell,Injection Molding,active,99100,5200,900,10,2026-07-09 20:20:00,2026-07-09
MX-9201,45.1,35.0,2026-07-09 19:40:00,1,ACME PRECISION,CNT-99100,Turbo Housing Shell,Injection Molding,active,99100,5200,900,10,2026-07-09 20:40:00,2026-07-09
MX-9201,42.1,35.0,2026-07-09 20:00:00,1,ACME PRECISION,CNT-99100,Turbo Housing Shell,Injection Molding,active,99100,5200,900,10,2026-07-09 21:00:00,2026-07-09
MX-9201,32.5,35.0,2026-07-09 20:20:00,1,ACME PRECISION,CNT-99100,Turbo Housing Shell,Injection Molding,active,99100,5200,900,10,2026-07-09 21:20:00,2026-07-09
MX-9201,35.9,35.0,2026-07-09 20:40:00,1,ACME PRECISION,CNT-99100,Turbo Housing Shell,Injection Molding,active,99100,5200,900,10,2026-07-09 21:40:00,2026-07-09
MX-9201,34.5,35.0,2026-07-09 21:00:00,1,ACME PRECISION,CNT-99100,Turbo Housing Shell,Injection Molding,active,99100,5200,900,10,2026-07-09 22:00:00,2026-07-09
MX-9201,38.3,35.0,2026-07-09 21:20:00,1,ACME PRECISION,CNT-99100,Turbo Housing Shell,Injection Molding,active,99100,5200,900,10,2026-07-09 22:20:00,2026-07-09
MX-9201,38.7,35.0,2026-07-09 21:40:00,1,ACME PRECISION,CNT-99100,Turbo Housing Shell,Injection Molding,active,99100,5200,900,10,2026-07-09 22:40:00,2026-07-09
MX-9201,41.1,35.0,2026-07-09 22:00:00,1,ACME PRECISION,CNT-99100,Turbo Housing Shell,Injection Molding,active,99100,5200,900,10,2026-07-09 23:00:00,2026-07-09
MX-9201,47.8,35.0,2026-07-09 22:20:00,1,ACME PRECISION,CNT-99100,Turbo Housing Shell,Injection Molding,active,99100,5200,900,10,2026-07-09 23:20:00,2026-07-09
MX-9201,43.2,35.0,2026-07-09 22:40:00,1,ACME PRECISION,CNT-99100,Turbo Housing Shell,Injection Molding,active,99100,5200,900,10,2026-07-09 23:40:00,2026-07-09
MX-9201,55.1,35.0,2026-07-09 23:00:00,1,ACME PRECISION,CNT-99100,Turbo Housing Shell,Injection Molding,active,99100,5200,900,10,2026-07-10 00:00:00,2026-07-09
MX-9201,39.7,35.0,2026-07-09 23:20:00,1,ACME PRECISION,CNT-99100,Turbo Housing Shell,Injection Molding,active,99100,5200,900,10,2026-07-10 00:20:00,2026-07-09
MX-9201,45.2,35.0,2026-07-09 23:40:00,1,ACME PRECISION,CNT-99100,Turbo Housing Shell,Injection Molding,active,99100,5200,900,10,2026-07-10 00:40:00,2026-07-09
MX-9201,43.2,35.0,2026-07-10 00:00:00,1,ACME PRECISION,CNT-99100,Turbo Housing Shell,Injection Molding,active,99100,5200,900,10,2026-07-10 01:00:00,2026-07-10
MX-9201,49.0,35.0,2026-07-10 00:20:00,1,ACME PRECISION,CNT-99100,Turbo Housing Shell,Injection Molding,active,99100,5200,900,10,2026-07-10 01:20:00,2026-07-10
MX-9201,38.9,35.0,2026-07-10 00:40:00,1,ACME PRECISION,CNT-99100,Turbo Housing Shell,Injection Molding,active,99100,5200,900,10,2026-07-10 01:40:00,2026-07-10
MX-9201,45.4,35.0,2026-07-10 01:00:00,1,ACME PRECISION,CNT-99100,Turbo Housing Shell,Injection Molding,active,99100,5200,900,10,2026-07-10 02:00:00,2026-07-10
MX-9201,49.6,35.0,2026-07-10 01:20:00,1,ACME PRECISION,CNT-99100,Turbo Housing Shell,Injection Molding,active,99100,5200,900,10,2026-07-10 02:20:00,2026-07-10
MX-9201,37.1,35.0,2026-07-10 01:40:00,1,ACME PRECISION,CNT-99100,Turbo Housing Shell,Injection Molding,active,99100,5200,900,10,2026-07-10 02:40:00,2026-07-10
MX-9201,40.6,35.0,2026-07-10 02:00:00,1,ACME PRECISION,CNT-99100,Turbo Housing Shell,Injection Molding,active,99100,5200,900,10,2026-07-10 03:00:00,2026-07-10
MX-9201,43.6,35.0,2026-07-10 02:20:00,1,ACME PRECISION,CNT-99100,Turbo Housing Shell,Injection Molding,active,99100,5200,900,10,2026-07-10 03:20:00,2026-07-10
MX-9201,38.6,35.0,2026-07-10 02:40:00,1,ACME PRECISION,CNT-99100,Turbo Housing Shell,Injection Molding,active,99100,5200,900,10,2026-07-10 03:40:00,2026-07-10
MX-9201,36.3,35.0,2026-07-10 03:00:00,1,ACME PRECISION,CNT-99100,Turbo Housing Shell,Injection Molding,active,99100,5200,900,10,2026-07-10 04:00:00,2026-07-10
MX-9201,50.7,35.0,2026-07-10 03:20:00,1,ACME PRECISION,CNT-99100,Turbo Housing Shell,Injection Molding,active,99100,5200,900,10,2026-07-10 04:20:00,2026-07-10
MX-9201,39.7,35.0,2026-07-10 03:40:00,1,ACME PRECISION,CNT-99100,Turbo Housing Shell,Injection Molding,active,99100,5200,900,10,2026-07-10 04:40:00,2026-07-10
MX-9201,50.2,35.0,2026-07-10 04:00:00,1,ACME PRECISION,CNT-99100,Turbo Housing Shell,Injection Molding,active,99100,5200,900,10,2026-07-10 05:00:00,2026-07-10
MX-9201,38.2,35.0,2026-07-10 04:20:00,1,ACME PRECISION,CNT-99100,Turbo Housing Shell,Injection Molding,active,99100,5200,900,10,2026-07-10 05:20:00,2026-07-10
MX-9201,39.8,35.0,2026-07-10 04:40:00,1,ACME PRECISION,CNT-99100,Turbo Housing Shell,Injection Molding,active,99100,5200,900,10,2026-07-10 05:40:00,2026-07-10
MX-9201,45.2,35.0,2026-07-10 05:00:00,1,ACME PRECISION,CNT-99100,Turbo Housing Shell,Injection Molding,active,99100,5200,900,10,2026-07-10 06:00:00,2026-07-10
MX-9201,39.9,35.0,2026-07-10 05:20:00,1,ACME PRECISION,CNT-99100,Turbo Housing Shell,Injection Molding,active,99100,5200,900,10,2026-07-10 06:20:00,2026-07-10
MX-9201,36.2,35.0,2026-07-10 05:40:00,1,ACME PRECISION,CNT-99100,Turbo Housing Shell,Injection Molding,active,99100,5200,900,10,2026-07-10 06:40:00,2026-07-10
MX-9201,37.1,35.0,2026-07-10 06:00:00,1,ACME PRECISION,CNT-99100,Turbo Housing Shell,Injection Molding,active,99100,5200,900,10,2026-07-10 07:00:00,2026-07-10
MX-9201,42.4,35.0,2026-07-10 06:20:00,1,ACME PRECISION,CNT-99100,Turbo Housing Shell,Injection Molding,active,99100,5200,900,10,2026-07-10 07:20:00,2026-07-10
MX-9201,37.4,35.0,2026-07-10 06:40:00,1,ACME PRECISION,CNT-99100,Turbo Housing Shell,Injection Molding,active,99100,5200,900,10,2026-07-10 07:40:00,2026-07-10
MX-9201,41.4,35.0,2026-07-10 07:00:00,1,ACME PRECISION,CNT-99100,Turbo Housing Shell,Injection Molding,active,99100,5200,900,10,2026-07-10 08:00:00,2026-07-10
MX-9201,28.9,35.0,2026-07-10 07:20:00,1,ACME PRECISION,CNT-99100,Turbo Housing Shell,Injection Molding,active,99100,5200,900,10,2026-07-10 08:20:00,2026-07-10
MX-9201,38.0,35.0,2026-07-10 07:40:00,1,ACME PRECISION,CNT-99100,Turbo Housing Shell,Injection Molding,active,99100,5200,900,10,2026-07-10 08:40:00,2026-07-10
MX-9201,40.0,35.0,2026-07-10 08:00:00,1,ACME PRECISION,CNT-99100,Turbo Housing Shell,Injection Molding,active,99100,5200,900,10,2026-07-10 09:00:00,2026-07-10
MX-9201,38.2,35.0,2026-07-10 08:20:00,1,ACME PRECISION,CNT-99100,Turbo Housing Shell,Injection Molding,active,99100,5200,900,10,2026-07-10 09:20:00,2026-07-10
MX-9201,35.7,35.0,2026-07-10 08:40:00,1,ACME PRECISION,CNT-99100,Turbo Housing Shell,Injection Molding,active,99100,5200,900,10,2026-07-10 09:40:00,2026-07-10
MX-9201,36.2,35.0,2026-07-10 09:00:00,1,ACME PRECISION,CNT-99100,Turbo Housing Shell,Injection Molding,active,99100,5200,900,10,2026-07-10 10:00:00,2026-07-10
MX-9201,41.3,35.0,2026-07-10 09:20:00,1,ACME PRECISION,CNT-99100,Turbo Housing Shell,Injection Molding,active,99100,5200,900,10,2026-07-10 10:20:00,2026-07-10
MX-9201,48.9,35.0,2026-07-10 09:40:00,1,ACME PRECISION,CNT-99100,Turbo Housing Shell,Injection Molding,active,99100,5200,900,10,2026-07-10 10:40:00,2026-07-10
MX-9201,33.5,35.0,2026-07-10 10:00:00,1,ACME PRECISION,CNT-99100,Turbo Housing Shell,Injection Molding,active,99100,5200,900,10,2026-07-10 11:00:00,2026-07-10
MX-9201,39.5,35.0,2026-07-10 10:20:00,1,ACME PRECISION,CNT-99100,Turbo Housing Shell,Injection Molding,active,99100,5200,900,10,2026-07-10 11:20:00,2026-07-10
MX-9201,46.2,35.0,2026-07-10 10:40:00,1,ACME PRECISION,CNT-99100,Turbo Housing Shell,Injection Molding,active,99100,5200,900,10,2026-07-10 11:40:00,2026-07-10
MX-9201,42.7,35.0,2026-07-10 11:00:00,1,ACME PRECISION,CNT-99100,Turbo Housing Shell,Injection Molding,active,99100,5200,900,10,2026-07-10 12:00:00,2026-07-10
MX-9201,40.5,35.0,2026-07-10 11:20:00,1,ACME PRECISION,CNT-99100,Turbo Housing Shell,Injection Molding,active,99100,5200,900,10,2026-07-10 12:20:00,2026-07-10
MX-9201,38.6,35.0,2026-07-10 11:40:00,1,ACME PRECISION,CNT-99100,Turbo Housing Shell,Injection Molding,active,99100,5200,900,10,2026-07-10 12:40:00,2026-07-10
MX-9201,41.0,35.0,2026-07-10 12:00:00,1,ACME PRECISION,CNT-99100,Turbo Housing Shell,Injection Molding,active,99100,5200,900,10,2026-07-10 13:00:00,2026-07-10
MX-9201,40.4,35.0,2026-07-10 12:20:00,1,ACME PRECISION,CNT-99100,Turbo Housing Shell,Injection Molding,active,99100,5200,900,10,2026-07-10 13:20:00,2026-07-10
MX-9201,29.3,35.0,2026-07-10 12:40:00,1,ACME PRECISION,CNT-99100,Turbo Housing Shell,Injection Molding,active,99100,5200,900,10,2026-07-10 13:40:00,2026-07-10
MX-9201,37.1,35.0,2026-07-10 13:00:00,1,ACME PRECISION,CNT-99100,Turbo Housing Shell,Injection Molding,active,99100,5200,900,10,2026-07-10 14:00:00,2026-07-10
MX-9201,30.6,35.0,2026-07-10 13:20:00,1,ACME PRECISION,CNT-99100,Turbo Housing Shell,Injection Molding,active,99100,5200,900,10,2026-07-10 14:20:00,2026-07-10
MX-9201,47.8,35.0,2026-07-10 13:40:00,1,ACME PRECISION,CNT-99100,Turbo Housing Shell,Injection Molding,active,99100,5200,900,10,2026-07-10 14:40:00,2026-07-10
MX-9201,45.3,35.0,2026-07-10 14:00:00,1,ACME PRECISION,CNT-99100,Turbo Housing Shell,Injection Molding,active,99100,5200,900,10,2026-07-10 15:00:00,2026-07-10
MX-9201,36.8,35.0,2026-07-10 14:20:00,1,ACME PRECISION,CNT-99100,Turbo Housing Shell,Injection Molding,active,99100,5200,900,10,2026-07-10 15:20:00,2026-07-10
MX-9201,45.2,35.0,2026-07-10 14:40:00,1,ACME PRECISION,CNT-99100,Turbo Housing Shell,Injection Molding,active,99100,5200,900,10,2026-07-10 15:40:00,2026-07-10
MX-9201,54.0,35.0,2026-07-10 15:00:00,1,ACME PRECISION,CNT-99100,Turbo Housing Shell,Injection Molding,active,99100,5200,900,10,2026-07-10 16:00:00,2026-07-10
MX-9201,37.6,35.0,2026-07-10 15:20:00,1,ACME PRECISION,CNT-99100,Turbo Housing Shell,Injection Molding,active,99100,5200,900,10,2026-07-10 16:20:00,2026-07-10
MX-9201,47.9,35.0,2026-07-10 15:40:00,1,ACME PRECISION,CNT-99100,Turbo Housing Shell,Injection Molding,active,99100,5200,900,10,2026-07-10 16:40:00,2026-07-10
MX-9201,42.9,35.0,2026-07-10 16:00:00,1,ACME PRECISION,CNT-99100,Turbo Housing Shell,Injection Molding,active,99100,5200,900,10,2026-07-10 17:00:00,2026-07-10
MX-9201,39.7,35.0,2026-07-10 16:20:00,1,ACME PRECISION,CNT-99100,Turbo Housing Shell,Injection Molding,active,99100,5200,900,10,2026-07-10 17:20:00,2026-07-10
MX-9201,35.1,35.0,2026-07-10 16:40:00,1,ACME PRECISION,CNT-99100,Turbo Housing Shell,Injection Molding,active,99100,5200,900,10,2026-07-10 17:40:00,2026-07-10
MX-9201,38.0,35.0,2026-07-10 17:00:00,1,ACME PRECISION,CNT-99100,Turbo Housing Shell,Injection Molding,active,99100,5200,900,10,2026-07-10 18:00:00,2026-07-10
MX-9201,38.8,35.0,2026-07-10 17:20:00,1,ACME PRECISION,CNT-99100,Turbo Housing Shell,Injection Molding,active,99100,5200,900,10,2026-07-10 18:20:00,2026-07-10
MX-9201,28.6,35.0,2026-07-10 17:40:00,1,ACME PRECISION,CNT-99100,Turbo Housing Shell,Injection Molding,active,99100,5200,900,10,2026-07-10 18:40:00,2026-07-10
MX-9201,43.8,35.0,2026-07-10 18:00:00,1,ACME PRECISION,CNT-99100,Turbo Housing Shell,Injection Molding,active,99100,5200,900,10,2026-07-10 19:00:00,2026-07-10
MX-9201,39.2,35.0,2026-07-10 18:20:00,1,ACME PRECISION,CNT-99100,Turbo Housing Shell,Injection Molding,active,99100,5200,900,10,2026-07-10 19:20:00,2026-07-10
MX-9201,43.4,35.0,2026-07-10 18:40:00,1,ACME PRECISION,CNT-99100,Turbo Housing Shell,Injection Molding,active,99100,5200,900,10,2026-07-10 19:40:00,2026-07-10
MX-9201,38.7,35.0,2026-07-10 19:00:00,1,ACME PRECISION,CNT-99100,Turbo Housing Shell,Injection Molding,active,99100,5200,900,10,2026-07-10 20:00:00,2026-07-10
MX-9201,56.9,35.0,2026-07-10 19:20:00,1,ACME PRECISION,CNT-99100,Turbo Housing Shell,Injection Molding,active,99100,5200,900,10,2026-07-10 20:20:00,2026-07-10
MX-9201,32.1,35.0,2026-07-10 19:40:00,1,ACME PRECISION,CNT-99100,Turbo Housing Shell,Injection Molding,active,99100,5200,900,10,2026-07-10 20:40:00,2026-07-10
MX-9201,36.0,35.0,2026-07-10 20:00:00,1,ACME PRECISION,CNT-99100,Turbo Housing Shell,Injection Molding,active,99100,5200,900,10,2026-07-10 21:00:00,2026-07-10
MX-9201,44.7,35.0,2026-07-10 20:20:00,1,ACME PRECISION,CNT-99100,Turbo Housing Shell,Injection Molding,active,99100,5200,900,10,2026-07-10 21:20:00,2026-07-10
MX-9201,53.5,35.0,2026-07-10 20:40:00,1,ACME PRECISION,CNT-99100,Turbo Housing Shell,Injection Molding,active,99100,5200,900,10,2026-07-10 21:40:00,2026-07-10
MX-9201,35.7,35.0,2026-07-10 21:00:00,1,ACME PRECISION,CNT-99100,Turbo Housing Shell,Injection Molding,active,99100,5200,900,10,2026-07-10 22:00:00,2026-07-10
MX-9201,50.7,35.0,2026-07-10 21:20:00,1,ACME PRECISION,CNT-99100,Turbo Housing Shell,Injection Molding,active,99100,5200,900,10,2026-07-10 22:20:00,2026-07-10
MX-9201,36.1,35.0,2026-07-10 21:40:00,1,ACME PRECISION,CNT-99100,Turbo Housing Shell,Injection Molding,active,99100,5200,900,10,2026-07-10 22:40:00,2026-07-10
MX-9201,47.8,35.0,2026-07-10 22:00:00,1,ACME PRECISION,CNT-99100,Turbo Housing Shell,Injection Molding,active,99100,5200,900,10,2026-07-10 23:00:00,2026-07-10
MX-9201,41.4,35.0,2026-07-10 22:20:00,1,ACME PRECISION,CNT-99100,Turbo Housing Shell,Injection Molding,active,99100,5200,900,10,2026-07-10 23:20:00,2026-07-10
MX-9201,52.8,35.0,2026-07-10 22:40:00,1,ACME PRECISION,CNT-99100,Turbo Housing Shell,Injection Molding,active,99100,5200,900,10,2026-07-10 23:40:00,2026-07-10
MX-9201,50.4,35.0,2026-07-10 23:00:00,1,ACME PRECISION,CNT-99100,Turbo Housing Shell,Injection Molding,active,99100,5200,900,10,2026-07-11 00:00:00,2026-07-10
MX-9201,37.5,35.0,2026-07-10 23:20:00,1,ACME PRECISION,CNT-99100,Turbo Housing Shell,Injection Molding,active,99100,5200,900,10,2026-07-11 00:20:00,2026-07-10
MX-9201,56.6,35.0,2026-07-10 23:40:00,1,ACME PRECISION,CNT-99100,Turbo Housing Shell,Injection Molding,active,99100,5200,900,10,2026-07-11 00:40:00,2026-07-10
MX-9201,35.0,35.0,2026-07-11 00:00:00,1,ACME PRECISION,CNT-99100,Turbo Housing Shell,Injection Molding,active,99100,5200,900,10,2026-07-11 01:00:00,2026-07-11
MX-9201,39.3,35.0,2026-07-11 00:20:00,1,ACME PRECISION,CNT-99100,Turbo Housing Shell,Injection Molding,active,99100,5200,900,10,2026-07-11 01:20:00,2026-07-11
MX-9201,50.6,35.0,2026-07-11 00:40:00,1,ACME PRECISION,CNT-99100,Turbo Housing Shell,Injection Molding,active,99100,5200,900,10,2026-07-11 01:40:00,2026-07-11
MX-9201,37.0,35.0,2026-07-11 01:00:00,1,ACME PRECISION,CNT-99100,Turbo Housing Shell,Injection Molding,active,99100,5200,900,10,2026-07-11 02:00:00,2026-07-11
MX-9201,37.5,35.0,2026-07-11 01:20:00,1,ACME PRECISION,CNT-99100,Turbo Housing Shell,Injection Molding,active,99100,5200,900,10,2026-07-11 02:20:00,2026-07-11
MX-9201,41.6,35.0,2026-07-11 01:40:00,1,ACME PRECISION,CNT-99100,Turbo Housing Shell,Injection Molding,active,99100,5200,900,10,2026-07-11 02:40:00,2026-07-11
MX-9201,43.4,35.0,2026-07-11 02:00:00,1,ACME PRECISION,CNT-99100,Turbo Housing Shell,Injection Molding,active,99100,5200,900,10,2026-07-11 03:00:00,2026-07-11
MX-9201,43.0,35.0,2026-07-11 02:20:00,1,ACME PRECISION,CNT-99100,Turbo Housing Shell,Injection Molding,active,99100,5200,900,10,2026-07-11 03:20:00,2026-07-11
MX-9201,37.0,35.0,2026-07-11 02:40:00,1,ACME PRECISION,CNT-99100,Turbo Housing Shell,Injection Molding,active,99100,5200,900,10,2026-07-11 03:40:00,2026-07-11
MX-9201,42.0,35.0,2026-07-11 03:00:00,1,ACME PRECISION,CNT-99100,Turbo Housing Shell,Injection Molding,active,99100,5200,900,10,2026-07-11 04:00:00,2026-07-11
MX-9201,44.3,35.0,2026-07-11 03:20:00,1,ACME PRECISION,CNT-99100,Turbo Housing Shell,Injection Molding,active,99100,5200,900,10,2026-07-11 04:20:00,2026-07-11
MX-9201,49.0,35.0,2026-07-11 03:40:00,1,ACME PRECISION,CNT-99100,Turbo Housing Shell,Injection Molding,active,99100,5200,900,10,2026-07-11 04:40:00,2026-07-11
MX-9201,42.7,35.0,2026-07-11 04:00:00,1,ACME PRECISION,CNT-99100,Turbo Housing Shell,Injection Molding,active,99100,5200,900,10,2026-07-11 05:00:00,2026-07-11
MX-9201,34.3,35.0,2026-07-11 04:20:00,1,ACME PRECISION,CNT-99100,Turbo Housing Shell,Injection Molding,active,99100,5200,900,10,2026-07-11 05:20:00,2026-07-11
MX-9201,41.1,35.0,2026-07-11 04:40:00,1,ACME PRECISION,CNT-99100,Turbo Housing Shell,Injection Molding,active,99100,5200,900,10,2026-07-11 05:40:00,2026-07-11
MX-9201,37.6,35.0,2026-07-11 05:00:00,1,ACME PRECISION,CNT-99100,Turbo Housing Shell,Injection Molding,active,99100,5200,900,10,2026-07-11 06:00:00,2026-07-11
MX-9201,48.0,35.0,2026-07-11 05:20:00,1,ACME PRECISION,CNT-99100,Turbo Housing Shell,Injection Molding,active,99100,5200,900,10,2026-07-11 06:20:00,2026-07-11
MX-9201,32.0,35.0,2026-07-11 05:40:00,1,ACME PRECISION,CNT-99100,Turbo Housing Shell,Injection Molding,active,99100,5200,900,10,2026-07-11 06:40:00,2026-07-11
MX-9201,43.9,35.0,2026-07-11 06:00:00,1,ACME PRECISION,CNT-99100,Turbo Housing Shell,Injection Molding,active,99100,5200,900,10,2026-07-11 07:00:00,2026-07-11
MX-9201,35.3,35.0,2026-07-11 06:20:00,1,ACME PRECISION,CNT-99100,Turbo Housing Shell,Injection Molding,active,99100,5200,900,10,2026-07-11 07:20:00,2026-07-11
MX-9201,47.7,35.0,2026-07-11 06:40:00,1,ACME PRECISION,CNT-99100,Turbo Housing Shell,Injection Molding,active,99100,5200,900,10,2026-07-11 07:40:00,2026-07-11
MX-9201,45.1,35.0,2026-07-11 07:00:00,1,ACME PRECISION,CNT-99100,Turbo Housing Shell,Injection Molding,active,99100,5200,900,10,2026-07-11 08:00:00,2026-07-11
MX-9201,42.1,35.0,2026-07-11 07:20:00,1,ACME PRECISION,CNT-99100,Turbo Housing Shell,Injection Molding,active,99100,5200,900,10,2026-07-11 08:20:00,2026-07-11
MX-9201,43.6,35.0,2026-07-11 07:40:00,1,ACME PRECISION,CNT-99100,Turbo Housing Shell,Injection Molding,active,99100,5200,900,10,2026-07-11 08:40:00,2026-07-11
MX-9201,39.2,35.0,2026-07-11 08:00:00,1,ACME PRECISION,CNT-99100,Turbo Housing Shell,Injection Molding,active,99100,5200,900,10,2026-07-11 09:00:00,2026-07-11
MX-9201,44.5,35.0,2026-07-11 08:20:00,1,ACME PRECISION,CNT-99100,Turbo Housing Shell,Injection Molding,active,99100,5200,900,10,2026-07-11 09:20:00,2026-07-11
MX-9201,40.7,35.0,2026-07-11 08:40:00,1,ACME PRECISION,CNT-99100,Turbo Housing Shell,Injection Molding,active,99100,5200,900,10,2026-07-11 09:40:00,2026-07-11
MX-9201,44.8,35.0,2026-07-11 09:00:00,1,ACME PRECISION,CNT-99100,Turbo Housing Shell,Injection Molding,active,99100,5200,900,10,2026-07-11 10:00:00,2026-07-11
MX-9201,41.3,35.0,2026-07-11 09:20:00,1,ACME PRECISION,CNT-99100,Turbo Housing Shell,Injection Molding,active,99100,5200,900,10,2026-07-11 10:20:00,2026-07-11
MX-9201,27.7,35.0,2026-07-11 09:40:00,1,ACME PRECISION,CNT-99100,Turbo Housing Shell,Injection Molding,active,99100,5200,900,10,2026-07-11 10:40:00,2026-07-11
MX-9201,38.2,35.0,2026-07-11 10:00:00,1,ACME PRECISION,CNT-99100,Turbo Housing Shell,Injection Molding,active,99100,5200,900,10,2026-07-11 11:00:00,2026-07-11
MX-9201,49.0,35.0,2026-07-11 10:20:00,1,ACME PRECISION,CNT-99100,Turbo Housing Shell,Injection Molding,active,99100,5200,900,10,2026-07-11 11:20:00,2026-07-11
MX-9201,48.7,35.0,2026-07-11 10:40:00,1,ACME PRECISION,CNT-99100,Turbo Housing Shell,Injection Molding,active,99100,5200,900,10,2026-07-11 11:40:00,2026-07-11
MX-9201,41.5,35.0,2026-07-11 11:00:00,1,ACME PRECISION,CNT-99100,Turbo Housing Shell,Injection Molding,active,99100,5200,900,10,2026-07-11 12:00:00,2026-07-11
MX-9201,40.3,35.0,2026-07-11 11:20:00,1,ACME PRECISION,CNT-99100,Turbo Housing Shell,Injection Molding,active,99100,5200,900,10,2026-07-11 12:20:00,2026-07-11
MX-9201,39.2,35.0,2026-07-11 11:40:00,1,ACME PRECISION,CNT-99100,Turbo Housing Shell,Injection Molding,active,99100,5200,900,10,2026-07-11 12:40:00,2026-07-11
MX-9201,44.3,35.0,2026-07-11 12:00:00,1,ACME PRECISION,CNT-99100,Turbo Housing Shell,Injection Molding,active,99100,5200,900,10,2026-07-11 13:00:00,2026-07-11
MX-9201,44.0,35.0,2026-07-11 12:20:00,1,ACME PRECISION,CNT-99100,Turbo Housing Shell,Injection Molding,active,99100,5200,900,10,2026-07-11 13:20:00,2026-07-11
MX-9201,35.7,35.0,2026-07-11 12:40:00,1,ACME PRECISION,CNT-99100,Turbo Housing Shell,Injection Molding,active,99100,5200,900,10,2026-07-11 13:40:00,2026-07-11
MX-9201,44.5,35.0,2026-07-11 13:00:00,1,ACME PRECISION,CNT-99100,Turbo Housing Shell,Injection Molding,active,99100,5200,900,10,2026-07-11 14:00:00,2026-07-11
MX-9201,47.5,35.0,2026-07-11 13:20:00,1,ACME PRECISION,CNT-99100,Turbo Housing Shell,Injection Molding,active,99100,5200,900,10,2026-07-11 14:20:00,2026-07-11
MX-9201,35.9,35.0,2026-07-11 13:40:00,1,ACME PRECISION,CNT-99100,Turbo Housing Shell,Injection Molding,active,99100,5200,900,10,2026-07-11 14:40:00,2026-07-11
MX-9201,40.0,35.0,2026-07-11 14:00:00,1,ACME PRECISION,CNT-99100,Turbo Housing Shell,Injection Molding,active,99100,5200,900,10,2026-07-11 15:00:00,2026-07-11
MX-9201,43.4,35.0,2026-07-11 14:20:00,1,ACME PRECISION,CNT-99100,Turbo Housing Shell,Injection Molding,active,99100,5200,900,10,2026-07-11 15:20:00,2026-07-11
MX-9201,44.8,35.0,2026-07-11 14:40:00,1,ACME PRECISION,CNT-99100,Turbo Housing Shell,Injection Molding,active,99100,5200,900,10,2026-07-11 15:40:00,2026-07-11
MX-9201,38.7,35.0,2026-07-11 15:00:00,1,ACME PRECISION,CNT-99100,Turbo Housing Shell,Injection Molding,active,99100,5200,900,10,2026-07-11 16:00:00,2026-07-11
MX-9201,38.1,35.0,2026-07-11 15:20:00,1,ACME PRECISION,CNT-99100,Turbo Housing Shell,Injection Molding,active,99100,5200,900,10,2026-07-11 16:20:00,2026-07-11
MX-9201,38.5,35.0,2026-07-11 15:40:00,1,ACME PRECISION,CNT-99100,Turbo Housing Shell,Injection Molding,active,99100,5200,900,10,2026-07-11 16:40:00,2026-07-11
MX-9201,43.0,35.0,2026-07-11 16:00:00,1,ACME PRECISION,CNT-99100,Turbo Housing Shell,Injection Molding,active,99100,5200,900,10,2026-07-11 17:00:00,2026-07-11
MX-9201,43.2,35.0,2026-07-11 16:20:00,1,ACME PRECISION,CNT-99100,Turbo Housing Shell,Injection Molding,active,99100,5200,900,10,2026-07-11 17:20:00,2026-07-11
MX-9201,40.8,35.0,2026-07-11 16:40:00,1,ACME PRECISION,CNT-99100,Turbo Housing Shell,Injection Molding,active,99100,5200,900,10,2026-07-11 17:40:00,2026-07-11
MX-9201,33.7,35.0,2026-07-11 17:00:00,1,ACME PRECISION,CNT-99100,Turbo Housing Shell,Injection Molding,active,99100,5200,900,10,2026-07-11 18:00:00,2026-07-11
MX-9201,35.1,35.0,2026-07-11 17:20:00,1,ACME PRECISION,CNT-99100,Turbo Housing Shell,Injection Molding,active,99100,5200,900,10,2026-07-11 18:20:00,2026-07-11
MX-9201,44.3,35.0,2026-07-11 17:40:00,1,ACME PRECISION,CNT-99100,Turbo Housing Shell,Injection Molding,active,99100,5200,900,10,2026-07-11 18:40:00,2026-07-11
MX-9201,34.4,35.0,2026-07-11 18:00:00,1,ACME PRECISION,CNT-99100,Turbo Housing Shell,Injection Molding,active,99100,5200,900,10,2026-07-11 19:00:00,2026-07-11
MX-9201,42.2,35.0,2026-07-11 18:20:00,1,ACME PRECISION,CNT-99100,Turbo Housing Shell,Injection Molding,active,99100,5200,900,10,2026-07-11 19:20:00,2026-07-11
MX-9201,39.0,35.0,2026-07-11 18:40:00,1,ACME PRECISION,CNT-99100,Turbo Housing Shell,Injection Molding,active,99100,5200,900,10,2026-07-11 19:40:00,2026-07-11
MX-9201,37.7,35.0,2026-07-11 19:00:00,1,ACME PRECISION,CNT-99100,Turbo Housing Shell,Injection Molding,active,99100,5200,900,10,2026-07-11 20:00:00,2026-07-11
MX-9201,41.1,35.0,2026-07-11 19:20:00,1,ACME PRECISION,CNT-99100,Turbo Housing Shell,Injection Molding,active,99100,5200,900,10,2026-07-11 20:20:00,2026-07-11
MX-9201,49.9,35.0,2026-07-11 19:40:00,1,ACME PRECISION,CNT-99100,Turbo Housing Shell,Injection Molding,active,99100,5200,900,10,2026-07-11 20:40:00,2026-07-11
MX-9201,42.5,35.0,2026-07-11 20:00:00,1,ACME PRECISION,CNT-99100,Turbo Housing Shell,Injection Molding,active,99100,5200,900,10,2026-07-11 21:00:00,2026-07-11
MX-9201,39.4,35.0,2026-07-11 20:20:00,1,ACME PRECISION,CNT-99100,Turbo Housing Shell,Injection Molding,active,99100,5200,900,10,2026-07-11 21:20:00,2026-07-11
MX-9201,33.1,35.0,2026-07-11 20:40:00,1,ACME PRECISION,CNT-99100,Turbo Housing Shell,Injection Molding,active,99100,5200,900,10,2026-07-11 21:40:00,2026-07-11
MX-9201,43.7,35.0,2026-07-11 21:00:00,1,ACME PRECISION,CNT-99100,Turbo Housing Shell,Injection Molding,active,99100,5200,900,10,2026-07-11 22:00:00,2026-07-11
MX-9201,47.0,35.0,2026-07-11 21:20:00,1,ACME PRECISION,CNT-99100,Turbo Housing Shell,Injection Molding,active,99100,5200,900,10,2026-07-11 22:20:00,2026-07-11
MX-9201,44.2,35.0,2026-07-11 21:40:00,1,ACME PRECISION,CNT-99100,Turbo Housing Shell,Injection Molding,active,99100,5200,900,10,2026-07-11 22:40:00,2026-07-11
MX-9201,47.2,35.0,2026-07-11 22:00:00,1,ACME PRECISION,CNT-99100,Turbo Housing Shell,Injection Molding,active,99100,5200,900,10,2026-07-11 23:00:00,2026-07-11
MX-9201,43.5,35.0,2026-07-11 22:20:00,1,ACME PRECISION,CNT-99100,Turbo Housing Shell,Injection Molding,active,99100,5200,900,10,2026-07-11 23:20:00,2026-07-11
MX-9201,34.0,35.0,2026-07-11 22:40:00,1,ACME PRECISION,CNT-99100,Turbo Housing Shell,Injection Molding,active,99100,5200,900,10,2026-07-11 23:40:00,2026-07-11
MX-9201,40.7,35.0,2026-07-11 23:00:00,1,ACME PRECISION,CNT-99100,Turbo Housing Shell,Injection Molding,active,99100,5200,900,10,2026-07-12 00:00:00,2026-07-11
MX-9201,43.7,35.0,2026-07-11 23:20:00,1,ACME PRECISION,CNT-99100,Turbo Housing Shell,Injection Molding,active,99100,5200,900,10,2026-07-12 00:20:00,2026-07-11
MX-9201,44.8,35.0,2026-07-11 23:40:00,1,ACME PRECISION,CNT-99100,Turbo Housing Shell,Injection Molding,active,99100,5200,900,10,2026-07-12 00:40:00,2026-07-11
MX-9201,38.3,35.0,2026-07-12 00:00:00,1,ACME PRECISION,CNT-99100,Turbo Housing Shell,Injection Molding,active,99100,5200,900,10,2026-07-12 01:00:00,2026-07-12
MX-9201,40.6,35.0,2026-07-12 00:20:00,1,ACME PRECISION,CNT-99100,Turbo Housing Shell,Injection Molding,active,99100,5200,900,10,2026-07-12 01:20:00,2026-07-12
MX-9201,42.9,35.0,2026-07-12 00:40:00,1,ACME PRECISION,CNT-99100,Turbo Housing Shell,Injection Molding,active,99100,5200,900,10,2026-07-12 01:40:00,2026-07-12
MX-9201,47.7,35.0,2026-07-12 01:00:00,1,ACME PRECISION,CNT-99100,Turbo Housing Shell,Injection Molding,active,99100,5200,900,10,2026-07-12 02:00:00,2026-07-12
MX-9201,46.3,35.0,2026-07-12 01:20:00,1,ACME PRECISION,CNT-99100,Turbo Housing Shell,Injection Molding,active,99100,5200,900,10,2026-07-12 02:20:00,2026-07-12
MX-9201,44.4,35.0,2026-07-12 01:40:00,1,ACME PRECISION,CNT-99100,Turbo Housing Shell,Injection Molding,active,99100,5200,900,10,2026-07-12 02:40:00,2026-07-12
MX-9201,43.1,35.0,2026-07-12 02:00:00,1,ACME PRECISION,CNT-99100,Turbo Housing Shell,Injection Molding,active,99100,5200,900,10,2026-07-12 03:00:00,2026-07-12
MX-9201,35.5,35.0,2026-07-12 02:20:00,1,ACME PRECISION,CNT-99100,Turbo Housing Shell,Injection Molding,active,99100,5200,900,10,2026-07-12 03:20:00,2026-07-12
MX-9201,35.1,35.0,2026-07-12 02:40:00,1,ACME PRECISION,CNT-99100,Turbo Housing Shell,Injection Molding,active,99100,5200,900,10,2026-07-12 03:40:00,2026-07-12
MX-9201,40.5,35.0,2026-07-12 03:00:00,1,ACME PRECISION,CNT-99100,Turbo Housing Shell,Injection Molding,active,99100,5200,900,10,2026-07-12 04:00:00,2026-07-12
MX-9201,46.5,35.0,2026-07-12 03:20:00,1,ACME PRECISION,CNT-99100,Turbo Housing Shell,Injection Molding,active,99100,5200,900,10,2026-07-12 04:20:00,2026-07-12
MX-9201,43.1,35.0,2026-07-12 03:40:00,1,ACME PRECISION,CNT-99100,Turbo Housing Shell,Injection Molding,active,99100,5200,900,10,2026-07-12 04:40:00,2026-07-12
MX-9201,43.9,35.0,2026-07-12 04:00:00,1,ACME PRECISION,CNT-99100,Turbo Housing Shell,Injection Molding,active,99100,5200,900,10,2026-07-12 05:00:00,2026-07-12
MX-9201,33.0,35.0,2026-07-12 04:20:00,1,ACME PRECISION,CNT-99100,Turbo Housing Shell,Injection Molding,active,99100,5200,900,10,2026-07-12 05:20:00,2026-07-12
MX-9201,33.2,35.0,2026-07-12 04:40:00,1,ACME PRECISION,CNT-99100,Turbo Housing Shell,Injection Molding,active,99100,5200,900,10,2026-07-12 05:40:00,2026-07-12
MX-9201,46.9,35.0,2026-07-12 05:00:00,1,ACME PRECISION,CNT-99100,Turbo Housing Shell,Injection Molding,active,99100,5200,900,10,2026-07-12 06:00:00,2026-07-12
MX-9201,40.8,35.0,2026-07-12 05:20:00,1,ACME PRECISION,CNT-99100,Turbo Housing Shell,Injection Molding,active,99100,5200,900,10,2026-07-12 06:20:00,2026-07-12
MX-9201,34.0,35.0,2026-07-12 05:40:00,1,ACME PRECISION,CNT-99100,Turbo Housing Shell,Injection Molding,active,99100,5200,900,10,2026-07-12 06:40:00,2026-07-12
MX-9201,45.6,35.0,2026-07-12 06:00:00,1,ACME PRECISION,CNT-99100,Turbo Housing Shell,Injection Molding,active,99100,5200,900,10,2026-07-12 07:00:00,2026-07-12
MX-9201,42.3,35.0,2026-07-12 06:20:00,1,ACME PRECISION,CNT-99100,Turbo Housing Shell,Injection Molding,active,99100,5200,900,10,2026-07-12 07:20:00,2026-07-12
MX-9201,56.7,35.0,2026-07-12 06:40:00,1,ACME PRECISION,CNT-99100,Turbo Housing Shell,Injection Molding,active,99100,5200,900,10,2026-07-12 07:40:00,2026-07-12
MX-9201,47.6,35.0,2026-07-12 07:00:00,1,ACME PRECISION,CNT-99100,Turbo Housing Shell,Injection Molding,active,99100,5200,900,10,2026-07-12 08:00:00,2026-07-12
MX-9201,42.8,35.0,2026-07-12 07:20:00,1,ACME PRECISION,CNT-99100,Turbo Housing Shell,Injection Molding,active,99100,5200,900,10,2026-07-12 08:20:00,2026-07-12
MX-9201,40.1,35.0,2026-07-12 07:40:00,1,ACME PRECISION,CNT-99100,Turbo Housing Shell,Injection Molding,active,99100,5200,900,10,2026-07-12 08:40:00,2026-07-12
MX-9201,42.2,35.0,2026-07-12 08:00:00,1,ACME PRECISION,CNT-99100,Turbo Housing Shell,Injection Molding,active,99100,5200,900,10,2026-07-12 09:00:00,2026-07-12
MX-9201,40.4,35.0,2026-07-12 08:20:00,1,ACME PRECISION,CNT-99100,Turbo Housing Shell,Injection Molding,active,99100,5200,900,10,2026-07-12 09:20:00,2026-07-12
MX-9201,33.3,35.0,2026-07-12 08:40:00,1,ACME PRECISION,CNT-99100,Turbo Housing Shell,Injection Molding,active,99100,5200,900,10,2026-07-12 09:40:00,2026-07-12
MX-9201,45.9,35.0,2026-07-12 09:00:00,1,ACME PRECISION,CNT-99100,Turbo Housing Shell,Injection Molding,active,99100,5200,900,10,2026-07-12 10:00:00,2026-07-12
MX-9201,42.4,35.0,2026-07-12 09:20:00,1,ACME PRECISION,CNT-99100,Turbo Housing Shell,Injection Molding,active,99100,5200,900,10,2026-07-12 10:20:00,2026-07-12
MX-9201,26.3,35.0,2026-07-12 09:40:00,1,ACME PRECISION,CNT-99100,Turbo Housing Shell,Injection Molding,active,99100,5200,900,10,2026-07-12 10:40:00,2026-07-12
MX-9201,37.6,35.0,2026-07-12 10:00:00,1,ACME PRECISION,CNT-99100,Turbo Housing Shell,Injection Molding,active,99100,5200,900,10,2026-07-12 11:00:00,2026-07-12
MX-9201,36.5,35.0,2026-07-12 10:20:00,1,ACME PRECISION,CNT-99100,Turbo Housing Shell,Injection Molding,active,99100,5200,900,10,2026-07-12 11:20:00,2026-07-12
MX-9201,46.2,35.0,2026-07-12 10:40:00,1,ACME PRECISION,CNT-99100,Turbo Housing Shell,Injection Molding,active,99100,5200,900,10,2026-07-12 11:40:00,2026-07-12
MX-9201,40.7,35.0,2026-07-12 11:00:00,1,ACME PRECISION,CNT-99100,Turbo Housing Shell,Injection Molding,active,99100,5200,900,10,2026-07-12 12:00:00,2026-07-12
MX-9201,48.9,35.0,2026-07-12 11:20:00,1,ACME PRECISION,CNT-99100,Turbo Housing Shell,Injection Molding,active,99100,5200,900,10,2026-07-12 12:20:00,2026-07-12
MX-9201,32.5,35.0,2026-07-12 11:40:00,1,ACME PRECISION,CNT-99100,Turbo Housing Shell,Injection Molding,active,99100,5200,900,10,2026-07-12 12:40:00,2026-07-12
MX-9201,35.2,35.0,2026-07-12 12:00:00,1,ACME PRECISION,CNT-99100,Turbo Housing Shell,Injection Molding,active,99100,5200,900,10,2026-07-12 13:00:00,2026-07-12
MX-9201,46.6,35.0,2026-07-12 12:20:00,1,ACME PRECISION,CNT-99100,Turbo Housing Shell,Injection Molding,active,99100,5200,900,10,2026-07-12 13:20:00,2026-07-12
MX-9201,37.5,35.0,2026-07-12 12:40:00,1,ACME PRECISION,CNT-99100,Turbo Housing Shell,Injection Molding,active,99100,5200,900,10,2026-07-12 13:40:00,2026-07-12
MX-9201,35.3,35.0,2026-07-12 13:00:00,1,ACME PRECISION,CNT-99100,Turbo Housing Shell,Injection Molding,active,99100,5200,900,10,2026-07-12 14:00:00,2026-07-12
MX-9201,38.1,35.0,2026-07-12 13:20:00,1,ACME PRECISION,CNT-99100,Turbo Housing Shell,Injection Molding,active,99100,5200,900,10,2026-07-12 14:20:00,2026-07-12
MX-9201,36.9,35.0,2026-07-12 13:40:00,1,ACME PRECISION,CNT-99100,Turbo Housing Shell,Injection Molding,active,99100,5200,900,10,2026-07-12 14:40:00,2026-07-12
MX-9201,43.8,35.0,2026-07-12 14:00:00,1,ACME PRECISION,CNT-99100,Turbo Housing Shell,Injection Molding,active,99100,5200,900,10,2026-07-12 15:00:00,2026-07-12
MX-9201,46.9,35.0,2026-07-12 14:20:00,1,ACME PRECISION,CNT-99100,Turbo Housing Shell,Injection Molding,active,99100,5200,900,10,2026-07-12 15:20:00,2026-07-12
MX-9201,32.5,35.0,2026-07-12 14:40:00,1,ACME PRECISION,CNT-99100,Turbo Housing Shell,Injection Molding,active,99100,5200,900,10,2026-07-12 15:40:00,2026-07-12
MX-9201,39.4,35.0,2026-07-12 15:00:00,1,ACME PRECISION,CNT-99100,Turbo Housing Shell,Injection Molding,active,99100,5200,900,10,2026-07-12 16:00:00,2026-07-12
MX-9201,41.0,35.0,2026-07-12 15:20:00,1,ACME PRECISION,CNT-99100,Turbo Housing Shell,Injection Molding,active,99100,5200,900,10,2026-07-12 16:20:00,2026-07-12
MX-9201,41.4,35.0,2026-07-12 15:40:00,1,ACME PRECISION,CNT-99100,Turbo Housing Shell,Injection Molding,active,99100,5200,900,10,2026-07-12 16:40:00,2026-07-12
MX-9201,45.4,35.0,2026-07-12 16:00:00,1,ACME PRECISION,CNT-99100,Turbo Housing Shell,Injection Molding,active,99100,5200,900,10,2026-07-12 17:00:00,2026-07-12
MX-9201,41.6,35.0,2026-07-12 16:20:00,1,ACME PRECISION,CNT-99100,Turbo Housing Shell,Injection Molding,active,99100,5200,900,10,2026-07-12 17:20:00,2026-07-12
MX-9201,37.9,35.0,2026-07-12 16:40:00,1,ACME PRECISION,CNT-99100,Turbo Housing Shell,Injection Molding,active,99100,5200,900,10,2026-07-12 17:40:00,2026-07-12
MX-9201,35.0,35.0,2026-07-12 17:00:00,1,ACME PRECISION,CNT-99100,Turbo Housing Shell,Injection Molding,active,99100,5200,900,10,2026-07-12 18:00:00,2026-07-12
MX-9201,31.2,35.0,2026-07-12 17:20:00,1,ACME PRECISION,CNT-99100,Turbo Housing Shell,Injection Molding,active,99100,5200,900,10,2026-07-12 18:20:00,2026-07-12
MX-9201,39.0,35.0,2026-07-12 17:40:00,1,ACME PRECISION,CNT-99100,Turbo Housing Shell,Injection Molding,active,99100,5200,900,10,2026-07-12 18:40:00,2026-07-12
MX-9201,41.0,35.0,2026-07-12 18:00:00,1,ACME PRECISION,CNT-99100,Turbo Housing Shell,Injection Molding,active,99100,5200,900,10,2026-07-12 19:00:00,2026-07-12
MX-9201,45.9,35.0,2026-07-12 18:20:00,1,ACME PRECISION,CNT-99100,Turbo Housing Shell,Injection Molding,active,99100,5200,900,10,2026-07-12 19:20:00,2026-07-12
MX-9201,38.9,35.0,2026-07-12 18:40:00,1,ACME PRECISION,CNT-99100,Turbo Housing Shell,Injection Molding,active,99100,5200,900,10,2026-07-12 19:40:00,2026-07-12
MX-9201,53.3,35.0,2026-07-12 19:00:00,1,ACME PRECISION,CNT-99100,Turbo Housing Shell,Injection Molding,active,99100,5200,900,10,2026-07-12 20:00:00,2026-07-12
MX-9201,40.5,35.0,2026-07-12 19:20:00,1,ACME PRECISION,CNT-99100,Turbo Housing Shell,Injection Molding,active,99100,5200,900,10,2026-07-12 20:20:00,2026-07-12
MX-9201,38.4,35.0,2026-07-12 19:40:00,1,ACME PRECISION,CNT-99100,Turbo Housing Shell,Injection Molding,active,99100,5200,900,10,2026-07-12 20:40:00,2026-07-12
MX-9201,43.0,35.0,2026-07-12 20:00:00,1,ACME PRECISION,CNT-99100,Turbo Housing Shell,Injection Molding,active,99100,5200,900,10,2026-07-12 21:00:00,2026-07-12
MX-9201,35.8,35.0,2026-07-12 20:20:00,1,ACME PRECISION,CNT-99100,Turbo Housing Shell,Injection Molding,active,99100,5200,900,10,2026-07-12 21:20:00,2026-07-12
MX-9201,42.1,35.0,2026-07-12 20:40:00,1,ACME PRECISION,CNT-99100,Turbo Housing Shell,Injection Molding,active,99100,5200,900,10,2026-07-12 21:40:00,2026-07-12
MX-9201,30.0,35.0,2026-07-12 21:00:00,1,ACME PRECISION,CNT-99100,Turbo Housing Shell,Injection Molding,active,99100,5200,900,10,2026-07-12 22:00:00,2026-07-12
MX-9201,44.5,35.0,2026-07-12 21:20:00,1,ACME PRECISION,CNT-99100,Turbo Housing Shell,Injection Molding,active,99100,5200,900,10,2026-07-12 22:20:00,2026-07-12
MX-9201,41.3,35.0,2026-07-12 21:40:00,1,ACME PRECISION,CNT-99100,Turbo Housing Shell,Injection Molding,active,99100,5200,900,10,2026-07-12 22:40:00,2026-07-12
MX-9201,42.1,35.0,2026-07-12 22:00:00,1,ACME PRECISION,CNT-99100,Turbo Housing Shell,Injection Molding,active,99100,5200,900,10,2026-07-12 23:00:00,2026-07-12
MX-9201,41.8,35.0,2026-07-12 22:20:00,1,ACME PRECISION,CNT-99100,Turbo Housing Shell,Injection Molding,active,99100,5200,900,10,2026-07-12 23:20:00,2026-07-12
MX-9201,34.2,35.0,2026-07-12 22:40:00,1,ACME PRECISION,CNT-99100,Turbo Housing Shell,Injection Molding,active,99100,5200,900,10,2026-07-12 23:40:00,2026-07-12
MX-9201,36.2,35.0,2026-07-12 23:00:00,1,ACME PRECISION,CNT-99100,Turbo Housing Shell,Injection Molding,active,99100,5200,900,10,2026-07-13 00:00:00,2026-07-12
MX-9201,49.3,35.0,2026-07-12 23:20:00,1,ACME PRECISION,CNT-99100,Turbo Housing Shell,Injection Molding,active,99100,5200,900,10,2026-07-13 00:20:00,2026-07-12
MX-9201,43.6,35.0,2026-07-12 23:40:00,1,ACME PRECISION,CNT-99100,Turbo Housing Shell,Injection Molding,active,99100,5200,900,10,2026-07-13 00:40:00,2026-07-12
MX-9201,37.8,35.0,2026-07-13 00:00:00,1,ACME PRECISION,CNT-99100,Turbo Housing Shell,Injection Molding,active,99100,5200,900,10,2026-07-13 01:00:00,2026-07-13
MX-9201,43.2,35.0,2026-07-13 00:20:00,1,ACME PRECISION,CNT-99100,Turbo Housing Shell,Injection Molding,active,99100,5200,900,10,2026-07-13 01:20:00,2026-07-13
MX-9201,43.1,35.0,2026-07-13 00:40:00,1,ACME PRECISION,CNT-99100,Turbo Housing Shell,Injection Molding,active,99100,5200,900,10,2026-07-13 01:40:00,2026-07-13
MX-9201,51.4,35.0,2026-07-13 01:00:00,1,ACME PRECISION,CNT-99100,Turbo Housing Shell,Injection Molding,active,99100,5200,900,10,2026-07-13 02:00:00,2026-07-13
MX-9201,46.9,35.0,2026-07-13 01:20:00,1,ACME PRECISION,CNT-99100,Turbo Housing Shell,Injection Molding,active,99100,5200,900,10,2026-07-13 02:20:00,2026-07-13
MX-9201,43.1,35.0,2026-07-13 01:40:00,1,ACME PRECISION,CNT-99100,Turbo Housing Shell,Injection Molding,active,99100,5200,900,10,2026-07-13 02:40:00,2026-07-13
MX-9201,38.6,35.0,2026-07-13 02:00:00,1,ACME PRECISION,CNT-99100,Turbo Housing Shell,Injection Molding,active,99100,5200,900,10,2026-07-13 03:00:00,2026-07-13
MX-9201,50.4,35.0,2026-07-13 02:20:00,1,ACME PRECISION,CNT-99100,Turbo Housing Shell,Injection Molding,active,99100,5200,900,10,2026-07-13 03:20:00,2026-07-13
MX-9201,40.4,35.0,2026-07-13 02:40:00,1,ACME PRECISION,CNT-99100,Turbo Housing Shell,Injection Molding,active,99100,5200,900,10,2026-07-13 03:40:00,2026-07-13
MX-9201,36.3,35.0,2026-07-13 03:00:00,1,ACME PRECISION,CNT-99100,Turbo Housing Shell,Injection Molding,active,99100,5200,900,10,2026-07-13 04:00:00,2026-07-13
MX-9201,34.5,35.0,2026-07-13 03:20:00,1,ACME PRECISION,CNT-99100,Turbo Housing Shell,Injection Molding,active,99100,5200,900,10,2026-07-13 04:20:00,2026-07-13
MX-9201,36.4,35.0,2026-07-13 03:40:00,1,ACME PRECISION,CNT-99100,Turbo Housing Shell,Injection Molding,active,99100,5200,900,10,2026-07-13 04:40:00,2026-07-13
MX-9201,39.0,35.0,2026-07-13 04:00:00,1,ACME PRECISION,CNT-99100,Turbo Housing Shell,Injection Molding,active,99100,5200,900,10,2026-07-13 05:00:00,2026-07-13
MX-9201,45.0,35.0,2026-07-13 04:20:00,1,ACME PRECISION,CNT-99100,Turbo Housing Shell,Injection Molding,active,99100,5200,900,10,2026-07-13 05:20:00,2026-07-13
MX-9201,47.4,35.0,2026-07-13 06:00:00,1,ACME PRECISION,CNT-99100,Turbo Housing Shell,Injection Molding,active,99100,5200,900,10,2026-07-13 07:00:00,2026-07-13
MX-9201,48.7,35.0,2026-07-13 06:20:00,1,ACME PRECISION,CNT-99100,Turbo Housing Shell,Injection Molding,active,99100,5200,900,10,2026-07-13 07:20:00,2026-07-13
MX-9201,43.2,35.0,2026-07-13 06:40:00,1,ACME PRECISION,CNT-99100,Turbo Housing Shell,Injection Molding,active,99100,5200,900,10,2026-07-13 07:40:00,2026-07-13
MX-9201,46.9,35.0,2026-07-13 07:00:00,1,ACME PRECISION,CNT-99100,Turbo Housing Shell,Injection Molding,active,99100,5200,900,10,2026-07-13 08:00:00,2026-07-13
MX-9201,54.8,35.0,2026-07-13 07:20:00,1,ACME PRECISION,CNT-99100,Turbo Housing Shell,Injection Molding,active,99100,5200,900,10,2026-07-13 08:20:00,2026-07-13
MX-9201,47.4,35.0,2026-07-13 07:40:00,1,ACME PRECISION,CNT-99100,Turbo Housing Shell,Injection Molding,active,99100,5200,900,10,2026-07-13 08:40:00,2026-07-13
MX-9201,51.2,35.0,2026-07-13 08:00:00,1,ACME PRECISION,CNT-99100,Turbo Housing Shell,Injection Molding,active,99100,5200,900,10,2026-07-13 09:00:00,2026-07-13
MX-9201,34.0,35.0,2026-07-13 08:20:00,1,ACME PRECISION,CNT-99100,Turbo Housing Shell,Injection Molding,active,99100,5200,900,10,2026-07-13 09:20:00,2026-07-13
MX-9201,38.3,35.0,2026-07-13 08:40:00,1,ACME PRECISION,CNT-99100,Turbo Housing Shell,Injection Molding,active,99100,5200,900,10,2026-07-13 09:40:00,2026-07-13
MX-9201,38.2,35.0,2026-07-13 09:00:00,1,ACME PRECISION,CNT-99100,Turbo Housing Shell,Injection Molding,active,99100,5200,900,10,2026-07-13 10:00:00,2026-07-13
MX-9201,27.6,35.0,2026-07-13 09:20:00,1,ACME PRECISION,CNT-99100,Turbo Housing Shell,Injection Molding,active,99100,5200,900,10,2026-07-13 10:20:00,2026-07-13
MX-9201,42.8,35.0,2026-07-13 09:40:00,1,ACME PRECISION,CNT-99100,Turbo Housing Shell,Injection Molding,active,99100,5200,900,10,2026-07-13 10:40:00,2026-07-13
MX-9201,50.0,35.0,2026-07-13 10:00:00,1,ACME PRECISION,CNT-99100,Turbo Housing Shell,Injection Molding,active,99100,5200,900,10,2026-07-13 11:00:00,2026-07-13
MX-9201,39.4,35.0,2026-07-13 10:20:00,1,ACME PRECISION,CNT-99100,Turbo Housing Shell,Injection Molding,active,99100,5200,900,10,2026-07-13 11:20:00,2026-07-13
MX-9201,43.4,35.0,2026-07-13 10:40:00,1,ACME PRECISION,CNT-99100,Turbo Housing Shell,Injection Molding,active,99100,5200,900,10,2026-07-13 11:40:00,2026-07-13
MX-9201,37.6,35.0,2026-07-13 11:00:00,1,ACME PRECISION,CNT-99100,Turbo Housing Shell,Injection Molding,active,99100,5200,900,10,2026-07-13 12:00:00,2026-07-13
MX-9201,39.6,35.0,2026-07-13 11:20:00,1,ACME PRECISION,CNT-99100,Turbo Housing Shell,Injection Molding,active,99100,5200,900,10,2026-07-13 12:20:00,2026-07-13
MX-9201,43.9,35.0,2026-07-13 11:40:00,1,ACME PRECISION,CNT-99100,Turbo Housing Shell,Injection Molding,active,99100,5200,900,10,2026-07-13 12:40:00,2026-07-13
MX-9201,35.8,35.0,2026-07-13 12:00:00,1,ACME PRECISION,CNT-99100,Turbo Housing Shell,Injection Molding,active,99100,5200,900,10,2026-07-13 13:00:00,2026-07-13
MX-9201,48.8,35.0,2026-07-13 12:20:00,1,ACME PRECISION,CNT-99100,Turbo Housing Shell,Injection Molding,active,99100,5200,900,10,2026-07-13 13:20:00,2026-07-13
MX-9201,31.8,35.0,2026-07-13 12:40:00,1,ACME PRECISION,CNT-99100,Turbo Housing Shell,Injection Molding,active,99100,5200,900,10,2026-07-13 13:40:00,2026-07-13
MX-9201,44.1,35.0,2026-07-13 13:00:00,1,ACME PRECISION,CNT-99100,Turbo Housing Shell,Injection Molding,active,99100,5200,900,10,2026-07-13 14:00:00,2026-07-13
MX-9201,39.6,35.0,2026-07-13 13:20:00,1,ACME PRECISION,CNT-99100,Turbo Housing Shell,Injection Molding,active,99100,5200,900,10,2026-07-13 14:20:00,2026-07-13
MX-9201,50.5,35.0,2026-07-13 13:40:00,1,ACME PRECISION,CNT-99100,Turbo Housing Shell,Injection Molding,active,99100,5200,900,10,2026-07-13 14:40:00,2026-07-13
MX-9201,46.5,35.0,2026-07-13 14:00:00,1,ACME PRECISION,CNT-99100,Turbo Housing Shell,Injection Molding,active,99100,5200,900,10,2026-07-13 15:00:00,2026-07-13
MX-9201,30.9,35.0,2026-07-13 14:20:00,1,ACME PRECISION,CNT-99100,Turbo Housing Shell,Injection Molding,active,99100,5200,900,10,2026-07-13 15:20:00,2026-07-13
MX-9201,29.0,35.0,2026-07-13 14:40:00,1,ACME PRECISION,CNT-99100,Turbo Housing Shell,Injection Molding,active,99100,5200,900,10,2026-07-13 15:40:00,2026-07-13
MX-9201,36.8,35.0,2026-07-13 15:00:00,1,ACME PRECISION,CNT-99100,Turbo Housing Shell,Injection Molding,active,99100,5200,900,10,2026-07-13 16:00:00,2026-07-13
MX-9201,39.6,35.0,2026-07-13 15:20:00,1,ACME PRECISION,CNT-99100,Turbo Housing Shell,Injection Molding,active,99100,5200,900,10,2026-07-13 16:20:00,2026-07-13
MX-9201,41.3,35.0,2026-07-13 15:40:00,1,ACME PRECISION,CNT-99100,Turbo Housing Shell,Injection Molding,active,99100,5200,900,10,2026-07-13 16:40:00,2026-07-13
MX-9201,42.5,35.0,2026-07-13 16:00:00,1,ACME PRECISION,CNT-99100,Turbo Housing Shell,Injection Molding,active,99100,5200,900,10,2026-07-13 17:00:00,2026-07-13
MX-9201,46.1,35.0,2026-07-13 16:20:00,1,ACME PRECISION,CNT-99100,Turbo Housing Shell,Injection Molding,active,99100,5200,900,10,2026-07-13 17:20:00,2026-07-13
MX-9201,34.8,35.0,2026-07-13 16:40:00,1,ACME PRECISION,CNT-99100,Turbo Housing Shell,Injection Molding,active,99100,5200,900,10,2026-07-13 17:40:00,2026-07-13
MX-9201,32.4,35.0,2026-07-13 17:00:00,1,ACME PRECISION,CNT-99100,Turbo Housing Shell,Injection Molding,active,99100,5200,900,10,2026-07-13 18:00:00,2026-07-13
MX-9201,43.7,35.0,2026-07-13 17:20:00,1,ACME PRECISION,CNT-99100,Turbo Housing Shell,Injection Molding,active,99100,5200,900,10,2026-07-13 18:20:00,2026-07-13
MX-9201,40.4,35.0,2026-07-13 17:40:00,1,ACME PRECISION,CNT-99100,Turbo Housing Shell,Injection Molding,active,99100,5200,900,10,2026-07-13 18:40:00,2026-07-13
MX-9201,41.8,35.0,2026-07-13 18:00:00,1,ACME PRECISION,CNT-99100,Turbo Housing Shell,Injection Molding,active,99100,5200,900,10,2026-07-13 19:00:00,2026-07-13
MX-9201,38.8,35.0,2026-07-13 18:20:00,1,ACME PRECISION,CNT-99100,Turbo Housing Shell,Injection Molding,active,99100,5200,900,10,2026-07-13 19:20:00,2026-07-13
MX-9201,41.4,35.0,2026-07-13 18:40:00,1,ACME PRECISION,CNT-99100,Turbo Housing Shell,Injection Molding,active,99100,5200,900,10,2026-07-13 19:40:00,2026-07-13
MX-9201,50.5,35.0,2026-07-13 19:00:00,1,ACME PRECISION,CNT-99100,Turbo Housing Shell,Injection Molding,active,99100,5200,900,10,2026-07-13 20:00:00,2026-07-13
MX-9201,33.4,35.0,2026-07-13 19:20:00,1,ACME PRECISION,CNT-99100,Turbo Housing Shell,Injection Molding,active,99100,5200,900,10,2026-07-13 20:20:00,2026-07-13
MX-9201,35.6,35.0,2026-07-13 19:40:00,1,ACME PRECISION,CNT-99100,Turbo Housing Shell,Injection Molding,active,99100,5200,900,10,2026-07-13 20:40:00,2026-07-13
MX-9201,45.9,35.0,2026-07-13 20:00:00,1,ACME PRECISION,CNT-99100,Turbo Housing Shell,Injection Molding,active,99100,5200,900,10,2026-07-13 21:00:00,2026-07-13
MX-9201,51.0,35.0,2026-07-13 20:20:00,1,ACME PRECISION,CNT-99100,Turbo Housing Shell,Injection Molding,active,99100,5200,900,10,2026-07-13 21:20:00,2026-07-13
MX-9201,41.2,35.0,2026-07-13 20:40:00,1,ACME PRECISION,CNT-99100,Turbo Housing Shell,Injection Molding,active,99100,5200,900,10,2026-07-13 21:40:00,2026-07-13
MX-9201,35.4,35.0,2026-07-13 21:00:00,1,ACME PRECISION,CNT-99100,Turbo Housing Shell,Injection Molding,active,99100,5200,900,10,2026-07-13 22:00:00,2026-07-13
MX-9201,31.3,35.0,2026-07-13 21:20:00,1,ACME PRECISION,CNT-99100,Turbo Housing Shell,Injection Molding,active,99100,5200,900,10,2026-07-13 22:20:00,2026-07-13
MX-9201,43.8,35.0,2026-07-13 21:40:00,1,ACME PRECISION,CNT-99100,Turbo Housing Shell,Injection Molding,active,99100,5200,900,10,2026-07-13 22:40:00,2026-07-13
MX-9201,35.5,35.0,2026-07-13 22:00:00,1,ACME PRECISION,CNT-99100,Turbo Housing Shell,Injection Molding,active,99100,5200,900,10,2026-07-13 23:00:00,2026-07-13
MX-9201,54.3,35.0,2026-07-13 22:20:00,1,ACME PRECISION,CNT-99100,Turbo Housing Shell,Injection Molding,active,99100,5200,900,10,2026-07-13 23:20:00,2026-07-13
MX-9201,55.2,35.0,2026-07-13 22:40:00,1,ACME PRECISION,CNT-99100,Turbo Housing Shell,Injection Molding,active,99100,5200,900,10,2026-07-13 23:40:00,2026-07-13
MX-9201,43.6,35.0,2026-07-13 23:00:00,1,ACME PRECISION,CNT-99100,Turbo Housing Shell,Injection Molding,active,99100,5200,900,10,2026-07-14 00:00:00,2026-07-13
MX-9201,45.0,35.0,2026-07-13 23:20:00,1,ACME PRECISION,CNT-99100,Turbo Housing Shell,Injection Molding,active,99100,5200,900,10,2026-07-14 00:20:00,2026-07-13
MX-9201,41.7,35.0,2026-07-13 23:40:00,1,ACME PRECISION,CNT-99100,Turbo Housing Shell,Injection Molding,active,99100,5200,900,10,2026-07-14 00:40:00,2026-07-13
MX-9201,48.6,35.0,2026-07-14 00:00:00,1,ACME PRECISION,CNT-99100,Turbo Housing Shell,Injection Molding,active,99100,5200,900,10,2026-07-14 01:00:00,2026-07-14
MX-9201,42.3,35.0,2026-07-14 00:20:00,1,ACME PRECISION,CNT-99100,Turbo Housing Shell,Injection Molding,active,99100,5200,900,10,2026-07-14 01:20:00,2026-07-14
MX-9201,42.7,35.0,2026-07-14 00:40:00,1,ACME PRECISION,CNT-99100,Turbo Housing Shell,Injection Molding,active,99100,5200,900,10,2026-07-14 01:40:00,2026-07-14
MX-9201,49.8,35.0,2026-07-14 01:00:00,1,ACME PRECISION,CNT-99100,Turbo Housing Shell,Injection Molding,active,99100,5200,900,10,2026-07-14 02:00:00,2026-07-14
MX-9201,45.8,35.0,2026-07-14 01:20:00,1,ACME PRECISION,CNT-99100,Turbo Housing Shell,Injection Molding,active,99100,5200,900,10,2026-07-14 02:20:00,2026-07-14
MX-9201,54.1,35.0,2026-07-14 01:40:00,1,ACME PRECISION,CNT-99100,Turbo Housing Shell,Injection Molding,active,99100,5200,900,10,2026-07-14 02:40:00,2026-07-14
MX-9201,33.3,35.0,2026-07-14 02:00:00,1,ACME PRECISION,CNT-99100,Turbo Housing Shell,Injection Molding,active,99100,5200,900,10,2026-07-14 03:00:00,2026-07-14
MX-9201,39.3,35.0,2026-07-14 02:20:00,1,ACME PRECISION,CNT-99100,Turbo Housing Shell,Injection Molding,active,99100,5200,900,10,2026-07-14 03:20:00,2026-07-14
MX-9201,37.4,35.0,2026-07-14 02:40:00,1,ACME PRECISION,CNT-99100,Turbo Housing Shell,Injection Molding,active,99100,5200,900,10,2026-07-14 03:40:00,2026-07-14
MX-9201,47.0,35.0,2026-07-14 03:00:00,1,ACME PRECISION,CNT-99100,Turbo Housing Shell,Injection Molding,active,99100,5200,900,10,2026-07-14 04:00:00,2026-07-14
MX-9201,39.6,35.0,2026-07-14 03:20:00,1,ACME PRECISION,CNT-99100,Turbo Housing Shell,Injection Molding,active,99100,5200,900,10,2026-07-14 04:20:00,2026-07-14
MX-9201,45.7,35.0,2026-07-14 03:40:00,1,ACME PRECISION,CNT-99100,Turbo Housing Shell,Injection Molding,active,99100,5200,900,10,2026-07-14 04:40:00,2026-07-14
MX-9201,35.9,35.0,2026-07-14 04:00:00,1,ACME PRECISION,CNT-99100,Turbo Housing Shell,Injection Molding,active,99100,5200,900,10,2026-07-14 05:00:00,2026-07-14
MX-9201,41.8,35.0,2026-07-14 04:20:00,1,ACME PRECISION,CNT-99100,Turbo Housing Shell,Injection Molding,active,99100,5200,900,10,2026-07-14 05:20:00,2026-07-14
MX-9201,55.0,35.0,2026-07-14 04:40:00,1,ACME PRECISION,CNT-99100,Turbo Housing Shell,Injection Molding,active,99100,5200,900,10,2026-07-14 05:40:00,2026-07-14
MX-9201,51.4,35.0,2026-07-14 05:00:00,1,ACME PRECISION,CNT-99100,Turbo Housing Shell,Injection Molding,active,99100,5200,900,10,2026-07-14 06:00:00,2026-07-14
MX-9201,32.0,35.0,2026-07-14 05:20:00,1,ACME PRECISION,CNT-99100,Turbo Housing Shell,Injection Molding,active,99100,5200,900,10,2026-07-14 06:20:00,2026-07-14
MX-9201,44.4,35.0,2026-07-14 05:40:00,1,ACME PRECISION,CNT-99100,Turbo Housing Shell,Injection Molding,active,99100,5200,900,10,2026-07-14 06:40:00,2026-07-14
MX-9201,46.9,35.0,2026-07-14 06:00:00,1,ACME PRECISION,CNT-99100,Turbo Housing Shell,Injection Molding,active,99100,5200,900,10,2026-07-14 07:00:00,2026-07-14
MX-9201,39.6,35.0,2026-07-14 06:20:00,1,ACME PRECISION,CNT-99100,Turbo Housing Shell,Injection Molding,active,99100,5200,900,10,2026-07-14 07:20:00,2026-07-14
MX-9201,36.3,35.0,2026-07-14 06:40:00,1,ACME PRECISION,CNT-99100,Turbo Housing Shell,Injection Molding,active,99100,5200,900,10,2026-07-14 07:40:00,2026-07-14
MX-9201,46.0,35.0,2026-07-14 07:00:00,1,ACME PRECISION,CNT-99100,Turbo Housing Shell,Injection Molding,active,99100,5200,900,10,2026-07-14 08:00:00,2026-07-14
MX-9201,42.9,35.0,2026-07-14 07:20:00,1,ACME PRECISION,CNT-99100,Turbo Housing Shell,Injection Molding,active,99100,5200,900,10,2026-07-14 08:20:00,2026-07-14
MX-9201,45.4,35.0,2026-07-14 07:40:00,1,ACME PRECISION,CNT-99100,Turbo Housing Shell,Injection Molding,active,99100,5200,900,10,2026-07-14 08:40:00,2026-07-14
MX-9201,41.5,35.0,2026-07-14 08:00:00,1,ACME PRECISION,CNT-99100,Turbo Housing Shell,Injection Molding,active,99100,5200,900,10,2026-07-14 09:00:00,2026-07-14
MX-9201,55.2,35.0,2026-07-14 08:20:00,1,ACME PRECISION,CNT-99100,Turbo Housing Shell,Injection Molding,active,99100,5200,900,10,2026-07-14 09:20:00,2026-07-14
MX-9201,37.3,35.0,2026-07-14 08:40:00,1,ACME PRECISION,CNT-99100,Turbo Housing Shell,Injection Molding,active,99100,5200,900,10,2026-07-14 09:40:00,2026-07-14
MX-9201,39.6,35.0,2026-07-14 09:00:00,1,ACME PRECISION,CNT-99100,Turbo Housing Shell,Injection Molding,active,99100,5200,900,10,2026-07-14 10:00:00,2026-07-14
MX-9201,45.2,35.0,2026-07-14 09:20:00,1,ACME PRECISION,CNT-99100,Turbo Housing Shell,Injection Molding,active,99100,5200,900,10,2026-07-14 10:20:00,2026-07-14
MX-9201,46.4,35.0,2026-07-14 09:40:00,1,ACME PRECISION,CNT-99100,Turbo Housing Shell,Injection Molding,active,99100,5200,900,10,2026-07-14 10:40:00,2026-07-14
MX-9201,34.8,35.0,2026-07-14 10:00:00,1,ACME PRECISION,CNT-99100,Turbo Housing Shell,Injection Molding,active,99100,5200,900,10,2026-07-14 11:00:00,2026-07-14
MX-9201,49.5,35.0,2026-07-14 10:20:00,1,ACME PRECISION,CNT-99100,Turbo Housing Shell,Injection Molding,active,99100,5200,900,10,2026-07-14 11:20:00,2026-07-14
MX-9201,34.3,35.0,2026-07-14 10:40:00,1,ACME PRECISION,CNT-99100,Turbo Housing Shell,Injection Molding,active,99100,5200,900,10,2026-07-14 11:40:00,2026-07-14
MX-9201,42.4,35.0,2026-07-14 11:00:00,1,ACME PRECISION,CNT-99100,Turbo Housing Shell,Injection Molding,active,99100,5200,900,10,2026-07-14 12:00:00,2026-07-14
MX-9201,40.7,35.0,2026-07-14 11:20:00,1,ACME PRECISION,CNT-99100,Turbo Housing Shell,Injection Molding,active,99100,5200,900,10,2026-07-14 12:20:00,2026-07-14
MX-9201,38.5,35.0,2026-07-14 11:40:00,1,ACME PRECISION,CNT-99100,Turbo Housing Shell,Injection Molding,active,99100,5200,900,10,2026-07-14 12:40:00,2026-07-14
MX-9201,48.6,35.0,2026-07-14 12:00:00,1,ACME PRECISION,CNT-99100,Turbo Housing Shell,Injection Molding,active,99100,5200,900,10,2026-07-14 13:00:00,2026-07-14
MX-9201,29.4,35.0,2026-07-14 12:20:00,1,ACME PRECISION,CNT-99100,Turbo Housing Shell,Injection Molding,active,99100,5200,900,10,2026-07-14 13:20:00,2026-07-14
MX-9201,38.3,35.0,2026-07-14 12:40:00,1,ACME PRECISION,CNT-99100,Turbo Housing Shell,Injection Molding,active,99100,5200,900,10,2026-07-14 13:40:00,2026-07-14
MX-9201,37.4,35.0,2026-07-14 13:00:00,1,ACME PRECISION,CNT-99100,Turbo Housing Shell,Injection Molding,active,99100,5200,900,10,2026-07-14 14:00:00,2026-07-14
MX-9201,47.2,35.0,2026-07-14 13:20:00,1,ACME PRECISION,CNT-99100,Turbo Housing Shell,Injection Molding,active,99100,5200,900,10,2026-07-14 14:20:00,2026-07-14
MX-9201,50.9,35.0,2026-07-14 13:40:00,1,ACME PRECISION,CNT-99100,Turbo Housing Shell,Injection Molding,active,99100,5200,900,10,2026-07-14 14:40:00,2026-07-14
MX-9201,46.6,35.0,2026-07-14 14:00:00,1,ACME PRECISION,CNT-99100,Turbo Housing Shell,Injection Molding,active,99100,5200,900,10,2026-07-14 15:00:00,2026-07-14
MX-9201,50.0,35.0,2026-07-14 14:20:00,1,ACME PRECISION,CNT-99100,Turbo Housing Shell,Injection Molding,active,99100,5200,900,10,2026-07-14 15:20:00,2026-07-14
MX-9201,30.1,35.0,2026-07-14 14:40:00,1,ACME PRECISION,CNT-99100,Turbo Housing Shell,Injection Molding,active,99100,5200,900,10,2026-07-14 15:40:00,2026-07-14
MX-9201,43.3,35.0,2026-07-14 15:00:00,1,ACME PRECISION,CNT-99100,Turbo Housing Shell,Injection Molding,active,99100,5200,900,10,2026-07-14 16:00:00,2026-07-14
MX-9201,34.7,35.0,2026-07-14 15:20:00,1,ACME PRECISION,CNT-99100,Turbo Housing Shell,Injection Molding,active,99100,5200,900,10,2026-07-14 16:20:00,2026-07-14
MX-9201,40.3,35.0,2026-07-14 15:40:00,1,ACME PRECISION,CNT-99100,Turbo Housing Shell,Injection Molding,active,99100,5200,900,10,2026-07-14 16:40:00,2026-07-14
MX-9201,43.7,35.0,2026-07-14 16:00:00,1,ACME PRECISION,CNT-99100,Turbo Housing Shell,Injection Molding,active,99100,5200,900,10,2026-07-14 17:00:00,2026-07-14
MX-9201,42.9,35.0,2026-07-14 16:20:00,1,ACME PRECISION,CNT-99100,Turbo Housing Shell,Injection Molding,active,99100,5200,900,10,2026-07-14 17:20:00,2026-07-14
MX-9201,49.9,35.0,2026-07-14 16:40:00,1,ACME PRECISION,CNT-99100,Turbo Housing Shell,Injection Molding,active,99100,5200,900,10,2026-07-14 17:40:00,2026-07-14
MX-9201,31.5,35.0,2026-07-14 17:00:00,1,ACME PRECISION,CNT-99100,Turbo Housing Shell,Injection Molding,active,99100,5200,900,10,2026-07-14 18:00:00,2026-07-14
MX-9201,37.7,35.0,2026-07-14 17:20:00,1,ACME PRECISION,CNT-99100,Turbo Housing Shell,Injection Molding,active,99100,5200,900,10,2026-07-14 18:20:00,2026-07-14
MX-9201,34.2,35.0,2026-07-14 17:40:00,1,ACME PRECISION,CNT-99100,Turbo Housing Shell,Injection Molding,active,99100,5200,900,10,2026-07-14 18:40:00,2026-07-14
MX-9201,33.3,35.0,2026-07-14 18:00:00,1,ACME PRECISION,CNT-99100,Turbo Housing Shell,Injection Molding,active,99100,5200,900,10,2026-07-14 19:00:00,2026-07-14
MX-9201,47.9,35.0,2026-07-14 18:20:00,1,ACME PRECISION,CNT-99100,Turbo Housing Shell,Injection Molding,active,99100,5200,900,10,2026-07-14 19:20:00,2026-07-14
MX-9201,43.4,35.0,2026-07-14 18:40:00,1,ACME PRECISION,CNT-99100,Turbo Housing Shell,Injection Molding,active,99100,5200,900,10,2026-07-14 19:40:00,2026-07-14
MX-9201,50.9,35.0,2026-07-14 19:00:00,1,ACME PRECISION,CNT-99100,Turbo Housing Shell,Injection Molding,active,99100,5200,900,10,2026-07-14 20:00:00,2026-07-14
MX-9201,48.9,35.0,2026-07-14 19:20:00,1,ACME PRECISION,CNT-99100,Turbo Housing Shell,Injection Molding,active,99100,5200,900,10,2026-07-14 20:20:00,2026-07-14
MX-9201,42.7,35.0,2026-07-14 19:40:00,1,ACME PRECISION,CNT-99100,Turbo Housing Shell,Injection Molding,active,99100,5200,900,10,2026-07-14 20:40:00,2026-07-14
MX-9201,37.0,35.0,2026-07-14 20:00:00,1,ACME PRECISION,CNT-99100,Turbo Housing Shell,Injection Molding,active,99100,5200,900,10,2026-07-14 21:00:00,2026-07-14
MX-9201,47.8,35.0,2026-07-14 20:20:00,1,ACME PRECISION,CNT-99100,Turbo Housing Shell,Injection Molding,active,99100,5200,900,10,2026-07-14 21:20:00,2026-07-14
MX-9201,38.5,35.0,2026-07-14 20:40:00,1,ACME PRECISION,CNT-99100,Turbo Housing Shell,Injection Molding,active,99100,5200,900,10,2026-07-14 21:40:00,2026-07-14
MX-9201,35.7,35.0,2026-07-14 21:00:00,1,ACME PRECISION,CNT-99100,Turbo Housing Shell,Injection Molding,active,99100,5200,900,10,2026-07-14 22:00:00,2026-07-14
MX-9201,36.0,35.0,2026-07-14 21:20:00,1,ACME PRECISION,CNT-99100,Turbo Housing Shell,Injection Molding,active,99100,5200,900,10,2026-07-14 22:20:00,2026-07-14
MX-9201,43.0,35.0,2026-07-14 21:40:00,1,ACME PRECISION,CNT-99100,Turbo Housing Shell,Injection Molding,active,99100,5200,900,10,2026-07-14 22:40:00,2026-07-14
MX-9201,49.3,35.0,2026-07-14 22:00:00,1,ACME PRECISION,CNT-99100,Turbo Housing Shell,Injection Molding,active,99100,5200,900,10,2026-07-14 23:00:00,2026-07-14
MX-9201,42.6,35.0,2026-07-14 22:20:00,1,ACME PRECISION,CNT-99100,Turbo Housing Shell,Injection Molding,active,99100,5200,900,10,2026-07-14 23:20:00,2026-07-14
MX-9201,49.1,35.0,2026-07-14 22:40:00,1,ACME PRECISION,CNT-99100,Turbo Housing Shell,Injection Molding,active,99100,5200,900,10,2026-07-14 23:40:00,2026-07-14
MX-9201,42.9,35.0,2026-07-14 23:00:00,1,ACME PRECISION,CNT-99100,Turbo Housing Shell,Injection Molding,active,99100,5200,900,10,2026-07-15 00:00:00,2026-07-14
MX-9201,40.0,35.0,2026-07-14 23:20:00,1,ACME PRECISION,CNT-99100,Turbo Housing Shell,Injection Molding,active,99100,5200,900,10,2026-07-15 00:20:00,2026-07-14
MX-9201,57.3,35.0,2026-07-14 23:40:00,1,ACME PRECISION,CNT-99100,Turbo Housing Shell,Injection Molding,active,99100,5200,900,10,2026-07-15 00:40:00,2026-07-14
MX-9201,52.4,35.0,2026-07-15 00:00:00,1,ACME PRECISION,CNT-99100,Turbo Housing Shell,Injection Molding,active,99100,5200,900,10,2026-07-15 01:00:00,2026-07-15
MX-9201,43.4,35.0,2026-07-15 00:20:00,1,ACME PRECISION,CNT-99100,Turbo Housing Shell,Injection Molding,active,99100,5200,900,10,2026-07-15 01:20:00,2026-07-15
MX-9201,37.8,35.0,2026-07-15 00:40:00,1,ACME PRECISION,CNT-99100,Turbo Housing Shell,Injection Molding,active,99100,5200,900,10,2026-07-15 01:40:00,2026-07-15
MX-9201,33.5,35.0,2026-07-15 01:00:00,1,ACME PRECISION,CNT-99100,Turbo Housing Shell,Injection Molding,active,99100,5200,900,10,2026-07-15 02:00:00,2026-07-15
MX-9201,44.6,35.0,2026-07-15 01:20:00,1,ACME PRECISION,CNT-99100,Turbo Housing Shell,Injection Molding,active,99100,5200,900,10,2026-07-15 02:20:00,2026-07-15
MX-9201,40.9,35.0,2026-07-15 01:40:00,1,ACME PRECISION,CNT-99100,Turbo Housing Shell,Injection Molding,active,99100,5200,900,10,2026-07-15 02:40:00,2026-07-15
MX-9201,44.9,35.0,2026-07-15 02:00:00,1,ACME PRECISION,CNT-99100,Turbo Housing Shell,Injection Molding,active,99100,5200,900,10,2026-07-15 03:00:00,2026-07-15
MX-9201,44.1,35.0,2026-07-15 02:20:00,1,ACME PRECISION,CNT-99100,Turbo Housing Shell,Injection Molding,active,99100,5200,900,10,2026-07-15 03:20:00,2026-07-15
MX-9201,44.8,35.0,2026-07-15 02:40:00,1,ACME PRECISION,CNT-99100,Turbo Housing Shell,Injection Molding,active,99100,5200,900,10,2026-07-15 03:40:00,2026-07-15
MX-9201,48.6,35.0,2026-07-15 03:00:00,1,ACME PRECISION,CNT-99100,Turbo Housing Shell,Injection Molding,active,99100,5200,900,10,2026-07-15 04:00:00,2026-07-15
MX-9201,44.1,35.0,2026-07-15 03:20:00,1,ACME PRECISION,CNT-99100,Turbo Housing Shell,Injection Molding,active,99100,5200,900,10,2026-07-15 04:20:00,2026-07-15
MX-9201,38.4,35.0,2026-07-15 03:40:00,1,ACME PRECISION,CNT-99100,Turbo Housing Shell,Injection Molding,active,99100,5200,900,10,2026-07-15 04:40:00,2026-07-15
MX-9201,38.1,35.0,2026-07-15 04:00:00,1,ACME PRECISION,CNT-99100,Turbo Housing Shell,Injection Molding,active,99100,5200,900,10,2026-07-15 05:00:00,2026-07-15
MX-9201,45.6,35.0,2026-07-15 04:20:00,1,ACME PRECISION,CNT-99100,Turbo Housing Shell,Injection Molding,active,99100,5200,900,10,2026-07-15 05:20:00,2026-07-15
MX-9201,36.4,35.0,2026-07-15 04:40:00,1,ACME PRECISION,CNT-99100,Turbo Housing Shell,Injection Molding,active,99100,5200,900,10,2026-07-15 05:40:00,2026-07-15
MX-9201,46.3,35.0,2026-07-15 05:00:00,1,ACME PRECISION,CNT-99100,Turbo Housing Shell,Injection Molding,active,99100,5200,900,10,2026-07-15 06:00:00,2026-07-15
MX-9201,46.3,35.0,2026-07-15 05:20:00,1,ACME PRECISION,CNT-99100,Turbo Housing Shell,Injection Molding,active,99100,5200,900,10,2026-07-15 06:20:00,2026-07-15
MX-9201,42.1,35.0,2026-07-15 05:40:00,1,ACME PRECISION,CNT-99100,Turbo Housing Shell,Injection Molding,active,99100,5200,900,10,2026-07-15 06:40:00,2026-07-15
MX-9201,38.0,35.0,2026-07-15 06:00:00,1,ACME PRECISION,CNT-99100,Turbo Housing Shell,Injection Molding,active,99100,5200,900,10,2026-07-15 07:00:00,2026-07-15
MX-9201,32.6,35.0,2026-07-15 06:20:00,1,ACME PRECISION,CNT-99100,Turbo Housing Shell,Injection Molding,active,99100,5200,900,10,2026-07-15 07:20:00,2026-07-15
MX-9201,36.2,35.0,2026-07-15 06:40:00,1,ACME PRECISION,CNT-99100,Turbo Housing Shell,Injection Molding,active,99100,5200,900,10,2026-07-15 07:40:00,2026-07-15
MX-9201,33.4,35.0,2026-07-15 07:00:00,1,ACME PRECISION,CNT-99100,Turbo Housing Shell,Injection Molding,active,99100,5200,900,10,2026-07-15 08:00:00,2026-07-15
MX-9201,42.5,35.0,2026-07-15 07:20:00,1,ACME PRECISION,CNT-99100,Turbo Housing Shell,Injection Molding,active,99100,5200,900,10,2026-07-15 08:20:00,2026-07-15
MX-9201,39.9,35.0,2026-07-15 07:40:00,1,ACME PRECISION,CNT-99100,Turbo Housing Shell,Injection Molding,active,99100,5200,900,10,2026-07-15 08:40:00,2026-07-15
MX-9201,37.3,35.0,2026-07-15 08:00:00,1,ACME PRECISION,CNT-99100,Turbo Housing Shell,Injection Molding,active,99100,5200,900,10,2026-07-15 09:00:00,2026-07-15
MX-9201,47.2,35.0,2026-07-15 08:20:00,1,ACME PRECISION,CNT-99100,Turbo Housing Shell,Injection Molding,active,99100,5200,900,10,2026-07-15 09:20:00,2026-07-15
MX-9201,43.1,35.0,2026-07-15 08:40:00,1,ACME PRECISION,CNT-99100,Turbo Housing Shell,Injection Molding,active,99100,5200,900,10,2026-07-15 09:40:00,2026-07-15
MX-9201,42.6,35.0,2026-07-15 09:00:00,1,ACME PRECISION,CNT-99100,Turbo Housing Shell,Injection Molding,active,99100,5200,900,10,2026-07-15 10:00:00,2026-07-15
MX-9201,45.4,35.0,2026-07-15 09:20:00,1,ACME PRECISION,CNT-99100,Turbo Housing Shell,Injection Molding,active,99100,5200,900,10,2026-07-15 10:20:00,2026-07-15
MX-9201,48.1,35.0,2026-07-15 09:40:00,1,ACME PRECISION,CNT-99100,Turbo Housing Shell,Injection Molding,active,99100,5200,900,10,2026-07-15 10:40:00,2026-07-15
MX-9201,33.5,35.0,2026-07-15 10:00:00,1,ACME PRECISION,CNT-99100,Turbo Housing Shell,Injection Molding,active,99100,5200,900,10,2026-07-15 11:00:00,2026-07-15
MX-9201,46.2,35.0,2026-07-15 10:20:00,1,ACME PRECISION,CNT-99100,Turbo Housing Shell,Injection Molding,active,99100,5200,900,10,2026-07-15 11:20:00,2026-07-15
MX-9201,32.4,35.0,2026-07-15 10:40:00,1,ACME PRECISION,CNT-99100,Turbo Housing Shell,Injection Molding,active,99100,5200,900,10,2026-07-15 11:40:00,2026-07-15
MX-9201,38.0,35.0,2026-07-15 11:00:00,1,ACME PRECISION,CNT-99100,Turbo Housing Shell,Injection Molding,active,99100,5200,900,10,2026-07-15 12:00:00,2026-07-15
MX-9201,47.9,35.0,2026-07-15 11:20:00,1,ACME PRECISION,CNT-99100,Turbo Housing Shell,Injection Molding,active,99100,5200,900,10,2026-07-15 12:20:00,2026-07-15
MX-9201,46.2,35.0,2026-07-15 11:40:00,1,ACME PRECISION,CNT-99100,Turbo Housing Shell,Injection Molding,active,99100,5200,900,10,2026-07-15 12:40:00,2026-07-15
MX-9201,46.0,35.0,2026-07-15 12:00:00,1,ACME PRECISION,CNT-99100,Turbo Housing Shell,Injection Molding,active,99100,5200,900,10,2026-07-15 13:00:00,2026-07-15
MX-9201,43.4,35.0,2026-07-15 12:20:00,1,ACME PRECISION,CNT-99100,Turbo Housing Shell,Injection Molding,active,99100,5200,900,10,2026-07-15 13:20:00,2026-07-15
MX-9201,50.1,35.0,2026-07-15 12:40:00,1,ACME PRECISION,CNT-99100,Turbo Housing Shell,Injection Molding,active,99100,5200,900,10,2026-07-15 13:40:00,2026-07-15
MX-9201,33.9,35.0,2026-07-15 13:00:00,1,ACME PRECISION,CNT-99100,Turbo Housing Shell,Injection Molding,active,99100,5200,900,10,2026-07-15 14:00:00,2026-07-15
MX-9201,40.7,35.0,2026-07-15 13:20:00,1,ACME PRECISION,CNT-99100,Turbo Housing Shell,Injection Molding,active,99100,5200,900,10,2026-07-15 14:20:00,2026-07-15
MX-9201,42.6,35.0,2026-07-15 13:40:00,1,ACME PRECISION,CNT-99100,Turbo Housing Shell,Injection Molding,active,99100,5200,900,10,2026-07-15 14:40:00,2026-07-15
MX-9201,53.6,35.0,2026-07-15 14:00:00,1,ACME PRECISION,CNT-99100,Turbo Housing Shell,Injection Molding,active,99100,5200,900,10,2026-07-15 15:00:00,2026-07-15
MX-9201,48.0,35.0,2026-07-15 14:20:00,1,ACME PRECISION,CNT-99100,Turbo Housing Shell,Injection Molding,active,99100,5200,900,10,2026-07-15 15:20:00,2026-07-15
MX-9201,48.1,35.0,2026-07-15 14:40:00,1,ACME PRECISION,CNT-99100,Turbo Housing Shell,Injection Molding,active,99100,5200,900,10,2026-07-15 15:40:00,2026-07-15
MX-9201,38.2,35.0,2026-07-15 15:00:00,1,ACME PRECISION,CNT-99100,Turbo Housing Shell,Injection Molding,active,99100,5200,900,10,2026-07-15 16:00:00,2026-07-15
MX-9201,54.7,35.0,2026-07-15 15:20:00,1,ACME PRECISION,CNT-99100,Turbo Housing Shell,Injection Molding,active,99100,5200,900,10,2026-07-15 16:20:00,2026-07-15
MX-9201,44.9,35.0,2026-07-15 15:40:00,1,ACME PRECISION,CNT-99100,Turbo Housing Shell,Injection Molding,active,99100,5200,900,10,2026-07-15 16:40:00,2026-07-15
MX-9201,36.8,35.0,2026-07-15 16:00:00,1,ACME PRECISION,CNT-99100,Turbo Housing Shell,Injection Molding,active,99100,5200,900,10,2026-07-15 17:00:00,2026-07-15
MX-9201,55.3,35.0,2026-07-15 16:20:00,1,ACME PRECISION,CNT-99100,Turbo Housing Shell,Injection Molding,active,99100,5200,900,10,2026-07-15 17:20:00,2026-07-15
MX-9201,34.5,35.0,2026-07-15 16:40:00,1,ACME PRECISION,CNT-99100,Turbo Housing Shell,Injection Molding,active,99100,5200,900,10,2026-07-15 17:40:00,2026-07-15
MX-9201,37.6,35.0,2026-07-15 17:00:00,1,ACME PRECISION,CNT-99100,Turbo Housing Shell,Injection Molding,active,99100,5200,900,10,2026-07-15 18:00:00,2026-07-15
MX-9201,41.1,35.0,2026-07-15 17:20:00,1,ACME PRECISION,CNT-99100,Turbo Housing Shell,Injection Molding,active,99100,5200,900,10,2026-07-15 18:20:00,2026-07-15
MX-9201,37.0,35.0,2026-07-15 17:40:00,1,ACME PRECISION,CNT-99100,Turbo Housing Shell,Injection Molding,active,99100,5200,900,10,2026-07-15 18:40:00,2026-07-15
MX-9201,45.3,35.0,2026-07-15 18:00:00,1,ACME PRECISION,CNT-99100,Turbo Housing Shell,Injection Molding,active,99100,5200,900,10,2026-07-15 19:00:00,2026-07-15
MX-9201,43.9,35.0,2026-07-15 18:20:00,1,ACME PRECISION,CNT-99100,Turbo Housing Shell,Injection Molding,active,99100,5200,900,10,2026-07-15 19:20:00,2026-07-15
MX-9201,43.0,35.0,2026-07-15 18:40:00,1,ACME PRECISION,CNT-99100,Turbo Housing Shell,Injection Molding,active,99100,5200,900,10,2026-07-15 19:40:00,2026-07-15
MX-9201,52.8,35.0,2026-07-15 19:00:00,1,ACME PRECISION,CNT-99100,Turbo Housing Shell,Injection Molding,active,99100,5200,900,10,2026-07-15 20:00:00,2026-07-15
MX-9201,33.4,35.0,2026-07-15 19:20:00,1,ACME PRECISION,CNT-99100,Turbo Housing Shell,Injection Molding,active,99100,5200,900,10,2026-07-15 20:20:00,2026-07-15
MX-9201,49.9,35.0,2026-07-15 19:40:00,1,ACME PRECISION,CNT-99100,Turbo Housing Shell,Injection Molding,active,99100,5200,900,10,2026-07-15 20:40:00,2026-07-15
MX-9201,37.8,35.0,2026-07-15 20:00:00,1,ACME PRECISION,CNT-99100,Turbo Housing Shell,Injection Molding,active,99100,5200,900,10,2026-07-15 21:00:00,2026-07-15
MX-9201,50.4,35.0,2026-07-15 20:20:00,1,ACME PRECISION,CNT-99100,Turbo Housing Shell,Injection Molding,active,99100,5200,900,10,2026-07-15 21:20:00,2026-07-15
MX-9201,52.8,35.0,2026-07-15 20:40:00,1,ACME PRECISION,CNT-99100,Turbo Housing Shell,Injection Molding,active,99100,5200,900,10,2026-07-15 21:40:00,2026-07-15
MX-9201,55.0,35.0,2026-07-15 21:00:00,1,ACME PRECISION,CNT-99100,Turbo Housing Shell,Injection Molding,active,99100,5200,900,10,2026-07-15 22:00:00,2026-07-15
MX-9201,41.3,35.0,2026-07-15 21:20:00,1,ACME PRECISION,CNT-99100,Turbo Housing Shell,Injection Molding,active,99100,5200,900,10,2026-07-15 22:20:00,2026-07-15
MX-9201,35.9,35.0,2026-07-15 21:40:00,1,ACME PRECISION,CNT-99100,Turbo Housing Shell,Injection Molding,active,99100,5200,900,10,2026-07-15 22:40:00,2026-07-15
MX-9201,44.2,35.0,2026-07-15 22:00:00,1,ACME PRECISION,CNT-99100,Turbo Housing Shell,Injection Molding,active,99100,5200,900,10,2026-07-15 23:00:00,2026-07-15
MX-9201,42.1,35.0,2026-07-15 22:20:00,1,ACME PRECISION,CNT-99100,Turbo Housing Shell,Injection Molding,active,99100,5200,900,10,2026-07-15 23:20:00,2026-07-15
MX-9201,32.6,35.0,2026-07-15 22:40:00,1,ACME PRECISION,CNT-99100,Turbo Housing Shell,Injection Molding,active,99100,5200,900,10,2026-07-15 23:40:00,2026-07-15
MX-9201,46.4,35.0,2026-07-15 23:00:00,1,ACME PRECISION,CNT-99100,Turbo Housing Shell,Injection Molding,active,99100,5200,900,10,2026-07-16 00:00:00,2026-07-15
MX-9201,37.3,35.0,2026-07-15 23:20:00,1,ACME PRECISION,CNT-99100,Turbo Housing Shell,Injection Molding,active,99100,5200,900,10,2026-07-16 00:20:00,2026-07-15
MX-9201,50.3,35.0,2026-07-15 23:40:00,1,ACME PRECISION,CNT-99100,Turbo Housing Shell,Injection Molding,active,99100,5200,900,10,2026-07-16 00:40:00,2026-07-15
MX-9201,47.7,35.0,2026-07-16 00:00:00,1,ACME PRECISION,CNT-99100,Turbo Housing Shell,Injection Molding,active,99100,5200,900,10,2026-07-16 01:00:00,2026-07-16
MX-9201,40.8,35.0,2026-07-16 00:20:00,1,ACME PRECISION,CNT-99100,Turbo Housing Shell,Injection Molding,active,99100,5200,900,10,2026-07-16 01:20:00,2026-07-16
MX-9201,42.5,35.0,2026-07-16 00:40:00,1,ACME PRECISION,CNT-99100,Turbo Housing Shell,Injection Molding,active,99100,5200,900,10,2026-07-16 01:40:00,2026-07-16
MX-9201,41.0,35.0,2026-07-16 01:00:00,1,ACME PRECISION,CNT-99100,Turbo Housing Shell,Injection Molding,active,99100,5200,900,10,2026-07-16 02:00:00,2026-07-16
MX-9201,39.8,35.0,2026-07-16 01:20:00,1,ACME PRECISION,CNT-99100,Turbo Housing Shell,Injection Molding,active,99100,5200,900,10,2026-07-16 02:20:00,2026-07-16
MX-9201,59.4,35.0,2026-07-16 01:40:00,1,ACME PRECISION,CNT-99100,Turbo Housing Shell,Injection Molding,active,99100,5200,900,10,2026-07-16 02:40:00,2026-07-16
MX-9201,37.2,35.0,2026-07-16 02:00:00,1,ACME PRECISION,CNT-99100,Turbo Housing Shell,Injection Molding,active,99100,5200,900,10,2026-07-16 03:00:00,2026-07-16
MX-9201,42.7,35.0,2026-07-16 02:20:00,1,ACME PRECISION,CNT-99100,Turbo Housing Shell,Injection Molding,active,99100,5200,900,10,2026-07-16 03:20:00,2026-07-16
MX-9201,47.8,35.0,2026-07-16 02:40:00,1,ACME PRECISION,CNT-99100,Turbo Housing Shell,Injection Molding,active,99100,5200,900,10,2026-07-16 03:40:00,2026-07-16
MX-9201,40.2,35.0,2026-07-16 03:00:00,1,ACME PRECISION,CNT-99100,Turbo Housing Shell,Injection Molding,active,99100,5200,900,10,2026-07-16 04:00:00,2026-07-16
MX-9201,38.9,35.0,2026-07-16 03:20:00,1,ACME PRECISION,CNT-99100,Turbo Housing Shell,Injection Molding,active,99100,5200,900,10,2026-07-16 04:20:00,2026-07-16
MX-9201,35.0,35.0,2026-07-16 03:40:00,1,ACME PRECISION,CNT-99100,Turbo Housing Shell,Injection Molding,active,99100,5200,900,10,2026-07-16 04:40:00,2026-07-16
MX-9201,48.9,35.0,2026-07-16 04:00:00,1,ACME PRECISION,CNT-99100,Turbo Housing Shell,Injection Molding,active,99100,5200,900,10,2026-07-16 05:00:00,2026-07-16
MX-9201,46.3,35.0,2026-07-16 04:20:00,1,ACME PRECISION,CNT-99100,Turbo Housing Shell,Injection Molding,active,99100,5200,900,10,2026-07-16 05:20:00,2026-07-16
MX-9201,44.9,35.0,2026-07-16 04:40:00,1,ACME PRECISION,CNT-99100,Turbo Housing Shell,Injection Molding,active,99100,5200,900,10,2026-07-16 05:40:00,2026-07-16
MX-9201,34.0,35.0,2026-07-16 05:00:00,1,ACME PRECISION,CNT-99100,Turbo Housing Shell,Injection Molding,active,99100,5200,900,10,2026-07-16 06:00:00,2026-07-16
MX-9201,45.1,35.0,2026-07-16 05:20:00,1,ACME PRECISION,CNT-99100,Turbo Housing Shell,Injection Molding,active,99100,5200,900,10,2026-07-16 06:20:00,2026-07-16
MX-9201,43.9,35.0,2026-07-16 05:40:00,1,ACME PRECISION,CNT-99100,Turbo Housing Shell,Injection Molding,active,99100,5200,900,10,2026-07-16 06:40:00,2026-07-16
MX-9201,40.5,35.0,2026-07-16 06:00:00,1,ACME PRECISION,CNT-99100,Turbo Housing Shell,Injection Molding,active,99100,5200,900,10,2026-07-16 07:00:00,2026-07-16
MX-9201,34.8,35.0,2026-07-16 06:20:00,1,ACME PRECISION,CNT-99100,Turbo Housing Shell,Injection Molding,active,99100,5200,900,10,2026-07-16 07:20:00,2026-07-16
MX-9201,42.0,35.0,2026-07-16 06:40:00,1,ACME PRECISION,CNT-99100,Turbo Housing Shell,Injection Molding,active,99100,5200,900,10,2026-07-16 07:40:00,2026-07-16
MX-9201,37.6,35.0,2026-07-16 07:00:00,1,ACME PRECISION,CNT-99100,Turbo Housing Shell,Injection Molding,active,99100,5200,900,10,2026-07-16 08:00:00,2026-07-16
MX-9201,42.8,35.0,2026-07-16 07:20:00,1,ACME PRECISION,CNT-99100,Turbo Housing Shell,Injection Molding,active,99100,5200,900,10,2026-07-16 08:20:00,2026-07-16
MX-9201,42.7,35.0,2026-07-16 07:40:00,1,ACME PRECISION,CNT-99100,Turbo Housing Shell,Injection Molding,active,99100,5200,900,10,2026-07-16 08:40:00,2026-07-16
MX-9201,40.5,35.0,2026-07-16 08:00:00,1,ACME PRECISION,CNT-99100,Turbo Housing Shell,Injection Molding,active,99100,5200,900,10,2026-07-16 09:00:00,2026-07-16
MX-9201,47.2,35.0,2026-07-16 08:20:00,1,ACME PRECISION,CNT-99100,Turbo Housing Shell,Injection Molding,active,99100,5200,900,10,2026-07-16 09:20:00,2026-07-16
MX-9201,42.0,35.0,2026-07-16 08:40:00,1,ACME PRECISION,CNT-99100,Turbo Housing Shell,Injection Molding,active,99100,5200,900,10,2026-07-16 09:40:00,2026-07-16
MX-9201,45.3,35.0,2026-07-16 09:00:00,1,ACME PRECISION,CNT-99100,Turbo Housing Shell,Injection Molding,active,99100,5200,900,10,2026-07-16 10:00:00,2026-07-16
MX-9201,44.7,35.0,2026-07-16 09:20:00,1,ACME PRECISION,CNT-99100,Turbo Housing Shell,Injection Molding,active,99100,5200,900,10,2026-07-16 10:20:00,2026-07-16
MX-9201,47.9,35.0,2026-07-16 09:40:00,1,ACME PRECISION,CNT-99100,Turbo Housing Shell,Injection Molding,active,99100,5200,900,10,2026-07-16 10:40:00,2026-07-16
MX-9201,37.0,35.0,2026-07-16 10:00:00,1,ACME PRECISION,CNT-99100,Turbo Housing Shell,Injection Molding,active,99100,5200,900,10,2026-07-16 11:00:00,2026-07-16
MX-9201,40.4,35.0,2026-07-16 10:20:00,1,ACME PRECISION,CNT-99100,Turbo Housing Shell,Injection Molding,active,99100,5200,900,10,2026-07-16 11:20:00,2026-07-16
MX-9201,47.4,35.0,2026-07-16 10:40:00,1,ACME PRECISION,CNT-99100,Turbo Housing Shell,Injection Molding,active,99100,5200,900,10,2026-07-16 11:40:00,2026-07-16
MX-9201,43.2,35.0,2026-07-16 11:00:00,1,ACME PRECISION,CNT-99100,Turbo Housing Shell,Injection Molding,active,99100,5200,900,10,2026-07-16 12:00:00,2026-07-16
MX-9201,48.5,35.0,2026-07-16 11:20:00,1,ACME PRECISION,CNT-99100,Turbo Housing Shell,Injection Molding,active,99100,5200,900,10,2026-07-16 12:20:00,2026-07-16
MX-9201,46.5,35.0,2026-07-16 11:40:00,1,ACME PRECISION,CNT-99100,Turbo Housing Shell,Injection Molding,active,99100,5200,900,10,2026-07-16 12:40:00,2026-07-16
MX-9201,39.9,35.0,2026-07-16 12:00:00,1,ACME PRECISION,CNT-99100,Turbo Housing Shell,Injection Molding,active,99100,5200,900,10,2026-07-16 13:00:00,2026-07-16
MX-9201,47.2,35.0,2026-07-16 12:20:00,1,ACME PRECISION,CNT-99100,Turbo Housing Shell,Injection Molding,active,99100,5200,900,10,2026-07-16 13:20:00,2026-07-16
MX-9201,40.9,35.0,2026-07-16 12:40:00,1,ACME PRECISION,CNT-99100,Turbo Housing Shell,Injection Molding,active,99100,5200,900,10,2026-07-16 13:40:00,2026-07-16
MX-9201,47.6,35.0,2026-07-16 13:00:00,1,ACME PRECISION,CNT-99100,Turbo Housing Shell,Injection Molding,active,99100,5200,900,10,2026-07-16 14:00:00,2026-07-16
MX-9201,52.6,35.0,2026-07-16 13:20:00,1,ACME PRECISION,CNT-99100,Turbo Housing Shell,Injection Molding,active,99100,5200,900,10,2026-07-16 14:20:00,2026-07-16
MX-9201,48.4,35.0,2026-07-16 13:40:00,1,ACME PRECISION,CNT-99100,Turbo Housing Shell,Injection Molding,active,99100,5200,900,10,2026-07-16 14:40:00,2026-07-16
MX-9201,55.0,35.0,2026-07-16 14:00:00,1,ACME PRECISION,CNT-99100,Turbo Housing Shell,Injection Molding,active,99100,5200,900,10,2026-07-16 15:00:00,2026-07-16
MX-9201,33.8,35.0,2026-07-16 14:20:00,1,ACME PRECISION,CNT-99100,Turbo Housing Shell,Injection Molding,active,99100,5200,900,10,2026-07-16 15:20:00,2026-07-16
MX-9201,39.3,35.0,2026-07-16 14:40:00,1,ACME PRECISION,CNT-99100,Turbo Housing Shell,Injection Molding,active,99100,5200,900,10,2026-07-16 15:40:00,2026-07-16
MX-9201,40.9,35.0,2026-07-16 15:00:00,1,ACME PRECISION,CNT-99100,Turbo Housing Shell,Injection Molding,active,99100,5200,900,10,2026-07-16 16:00:00,2026-07-16
MX-9201,40.1,35.0,2026-07-16 15:20:00,1,ACME PRECISION,CNT-99100,Turbo Housing Shell,Injection Molding,active,99100,5200,900,10,2026-07-16 16:20:00,2026-07-16
MX-9201,44.4,35.0,2026-07-16 15:40:00,1,ACME PRECISION,CNT-99100,Turbo Housing Shell,Injection Molding,active,99100,5200,900,10,2026-07-16 16:40:00,2026-07-16
MX-9201,40.3,35.0,2026-07-16 16:00:00,1,ACME PRECISION,CNT-99100,Turbo Housing Shell,Injection Molding,active,99100,5200,900,10,2026-07-16 17:00:00,2026-07-16
MX-9201,48.4,35.0,2026-07-16 16:20:00,1,ACME PRECISION,CNT-99100,Turbo Housing Shell,Injection Molding,active,99100,5200,900,10,2026-07-16 17:20:00,2026-07-16
MX-9201,47.8,35.0,2026-07-16 16:40:00,1,ACME PRECISION,CNT-99100,Turbo Housing Shell,Injection Molding,active,99100,5200,900,10,2026-07-16 17:40:00,2026-07-16
MX-9201,44.6,35.0,2026-07-16 17:00:00,1,ACME PRECISION,CNT-99100,Turbo Housing Shell,Injection Molding,active,99100,5200,900,10,2026-07-16 18:00:00,2026-07-16
MX-9201,36.8,35.0,2026-07-16 17:20:00,1,ACME PRECISION,CNT-99100,Turbo Housing Shell,Injection Molding,active,99100,5200,900,10,2026-07-16 18:20:00,2026-07-16
MX-9201,45.4,35.0,2026-07-16 17:40:00,1,ACME PRECISION,CNT-99100,Turbo Housing Shell,Injection Molding,active,99100,5200,900,10,2026-07-16 18:40:00,2026-07-16
MX-9201,46.1,35.0,2026-07-16 18:00:00,1,ACME PRECISION,CNT-99100,Turbo Housing Shell,Injection Molding,active,99100,5200,900,10,2026-07-16 19:00:00,2026-07-16
MX-9201,44.3,35.0,2026-07-16 18:20:00,1,ACME PRECISION,CNT-99100,Turbo Housing Shell,Injection Molding,active,99100,5200,900,10,2026-07-16 19:20:00,2026-07-16
MX-9201,42.5,35.0,2026-07-16 18:40:00,1,ACME PRECISION,CNT-99100,Turbo Housing Shell,Injection Molding,active,99100,5200,900,10,2026-07-16 19:40:00,2026-07-16
MX-9201,50.1,35.0,2026-07-16 19:00:00,1,ACME PRECISION,CNT-99100,Turbo Housing Shell,Injection Molding,active,99100,5200,900,10,2026-07-16 20:00:00,2026-07-16
MX-9201,39.3,35.0,2026-07-16 19:20:00,1,ACME PRECISION,CNT-99100,Turbo Housing Shell,Injection Molding,active,99100,5200,900,10,2026-07-16 20:20:00,2026-07-16
MX-9201,40.3,35.0,2026-07-16 19:40:00,1,ACME PRECISION,CNT-99100,Turbo Housing Shell,Injection Molding,active,99100,5200,900,10,2026-07-16 20:40:00,2026-07-16
MX-9201,46.0,35.0,2026-07-16 20:00:00,1,ACME PRECISION,CNT-99100,Turbo Housing Shell,Injection Molding,active,99100,5200,900,10,2026-07-16 21:00:00,2026-07-16
MX-9201,45.3,35.0,2026-07-16 20:20:00,1,ACME PRECISION,CNT-99100,Turbo Housing Shell,Injection Molding,active,99100,5200,900,10,2026-07-16 21:20:00,2026-07-16
MX-9201,47.0,35.0,2026-07-16 20:40:00,1,ACME PRECISION,CNT-99100,Turbo Housing Shell,Injection Molding,active,99100,5200,900,10,2026-07-16 21:40:00,2026-07-16
MX-9201,40.8,35.0,2026-07-16 21:00:00,1,ACME PRECISION,CNT-99100,Turbo Housing Shell,Injection Molding,active,99100,5200,900,10,2026-07-16 22:00:00,2026-07-16
MX-9201,35.1,35.0,2026-07-16 21:20:00,1,ACME PRECISION,CNT-99100,Turbo Housing Shell,Injection Molding,active,99100,5200,900,10,2026-07-16 22:20:00,2026-07-16
MX-9201,35.5,35.0,2026-07-16 21:40:00,1,ACME PRECISION,CNT-99100,Turbo Housing Shell,Injection Molding,active,99100,5200,900,10,2026-07-16 22:40:00,2026-07-16
MX-9201,40.0,35.0,2026-07-16 22:00:00,1,ACME PRECISION,CNT-99100,Turbo Housing Shell,Injection Molding,active,99100,5200,900,10,2026-07-16 23:00:00,2026-07-16
MX-9201,46.7,35.0,2026-07-16 22:20:00,1,ACME PRECISION,CNT-99100,Turbo Housing Shell,Injection Molding,active,99100,5200,900,10,2026-07-16 23:20:00,2026-07-16
MX-9201,46.7,35.0,2026-07-16 22:40:00,1,ACME PRECISION,CNT-99100,Turbo Housing Shell,Injection Molding,active,99100,5200,900,10,2026-07-16 23:40:00,2026-07-16
MX-9201,32.4,35.0,2026-07-16 23:00:00,1,ACME PRECISION,CNT-99100,Turbo Housing Shell,Injection Molding,active,99100,5200,900,10,2026-07-17 00:00:00,2026-07-16
MX-9201,45.3,35.0,2026-07-16 23:20:00,1,ACME PRECISION,CNT-99100,Turbo Housing Shell,Injection Molding,active,99100,5200,900,10,2026-07-17 00:20:00,2026-07-16
MX-9201,41.9,35.0,2026-07-16 23:40:00,1,ACME PRECISION,CNT-99100,Turbo Housing Shell,Injection Molding,active,99100,5200,900,10,2026-07-17 00:40:00,2026-07-16
MX-9201,36.6,35.0,2026-07-17 00:00:00,1,ACME PRECISION,CNT-99100,Turbo Housing Shell,Injection Molding,active,99100,5200,900,10,2026-07-17 01:00:00,2026-07-17
MX-9201,54.4,35.0,2026-07-17 00:20:00,1,ACME PRECISION,CNT-99100,Turbo Housing Shell,Injection Molding,active,99100,5200,900,10,2026-07-17 01:20:00,2026-07-17
MX-9201,43.8,35.0,2026-07-17 00:40:00,1,ACME PRECISION,CNT-99100,Turbo Housing Shell,Injection Molding,active,99100,5200,900,10,2026-07-17 01:40:00,2026-07-17
MX-9201,46.9,35.0,2026-07-17 01:00:00,1,ACME PRECISION,CNT-99100,Turbo Housing Shell,Injection Molding,active,99100,5200,900,10,2026-07-17 02:00:00,2026-07-17
MX-9201,56.5,35.0,2026-07-17 01:20:00,1,ACME PRECISION,CNT-99100,Turbo Housing Shell,Injection Molding,active,99100,5200,900,10,2026-07-17 02:20:00,2026-07-17
MX-9201,39.2,35.0,2026-07-17 01:40:00,1,ACME PRECISION,CNT-99100,Turbo Housing Shell,Injection Molding,active,99100,5200,900,10,2026-07-17 02:40:00,2026-07-17
MX-9201,40.2,35.0,2026-07-17 02:00:00,1,ACME PRECISION,CNT-99100,Turbo Housing Shell,Injection Molding,active,99100,5200,900,10,2026-07-17 03:00:00,2026-07-17
MX-9201,50.5,35.0,2026-07-17 02:20:00,1,ACME PRECISION,CNT-99100,Turbo Housing Shell,Injection Molding,active,99100,5200,900,10,2026-07-17 03:20:00,2026-07-17
MX-9201,35.2,35.0,2026-07-17 02:40:00,1,ACME PRECISION,CNT-99100,Turbo Housing Shell,Injection Molding,active,99100,5200,900,10,2026-07-17 03:40:00,2026-07-17
MX-9201,42.8,35.0,2026-07-17 03:00:00,1,ACME PRECISION,CNT-99100,Turbo Housing Shell,Injection Molding,active,99100,5200,900,10,2026-07-17 04:00:00,2026-07-17
MX-9201,42.6,35.0,2026-07-17 03:20:00,1,ACME PRECISION,CNT-99100,Turbo Housing Shell,Injection Molding,active,99100,5200,900,10,2026-07-17 04:20:00,2026-07-17
MX-9201,47.7,35.0,2026-07-17 03:40:00,1,ACME PRECISION,CNT-99100,Turbo Housing Shell,Injection Molding,active,99100,5200,900,10,2026-07-17 04:40:00,2026-07-17
MX-9201,44.6,35.0,2026-07-17 04:00:00,1,ACME PRECISION,CNT-99100,Turbo Housing Shell,Injection Molding,active,99100,5200,900,10,2026-07-17 05:00:00,2026-07-17
MX-9201,37.3,35.0,2026-07-17 04:20:00,1,ACME PRECISION,CNT-99100,Turbo Housing Shell,Injection Molding,active,99100,5200,900,10,2026-07-17 05:20:00,2026-07-17
MX-9201,47.7,35.0,2026-07-17 04:40:00,1,ACME PRECISION,CNT-99100,Turbo Housing Shell,Injection Molding,active,99100,5200,900,10,2026-07-17 05:40:00,2026-07-17
MX-9201,47.0,35.0,2026-07-17 05:00:00,1,ACME PRECISION,CNT-99100,Turbo Housing Shell,Injection Molding,active,99100,5200,900,10,2026-07-17 06:00:00,2026-07-17
MX-9201,36.6,35.0,2026-07-17 05:20:00,1,ACME PRECISION,CNT-99100,Turbo Housing Shell,Injection Molding,active,99100,5200,900,10,2026-07-17 06:20:00,2026-07-17
MX-9201,38.6,35.0,2026-07-17 05:40:00,1,ACME PRECISION,CNT-99100,Turbo Housing Shell,Injection Molding,active,99100,5200,900,10,2026-07-17 06:40:00,2026-07-17
MX-9201,39.5,35.0,2026-07-17 06:00:00,1,ACME PRECISION,CNT-99100,Turbo Housing Shell,Injection Molding,active,99100,5200,900,10,2026-07-17 07:00:00,2026-07-17
MX-9201,36.0,35.0,2026-07-17 06:20:00,1,ACME PRECISION,CNT-99100,Turbo Housing Shell,Injection Molding,active,99100,5200,900,10,2026-07-17 07:20:00,2026-07-17
MX-9201,48.2,35.0,2026-07-17 06:40:00,1,ACME PRECISION,CNT-99100,Turbo Housing Shell,Injection Molding,active,99100,5200,900,10,2026-07-17 07:40:00,2026-07-17
MX-9201,40.6,35.0,2026-07-17 07:00:00,1,ACME PRECISION,CNT-99100,Turbo Housing Shell,Injection Molding,active,99100,5200,900,10,2026-07-17 08:00:00,2026-07-17
MX-9201,40.8,35.0,2026-07-17 07:20:00,1,ACME PRECISION,CNT-99100,Turbo Housing Shell,Injection Molding,active,99100,5200,900,10,2026-07-17 08:20:00,2026-07-17
MX-9201,36.6,35.0,2026-07-17 07:40:00,1,ACME PRECISION,CNT-99100,Turbo Housing Shell,Injection Molding,active,99100,5200,900,10,2026-07-17 08:40:00,2026-07-17
MX-9201,40.2,35.0,2026-07-17 08:00:00,1,ACME PRECISION,CNT-99100,Turbo Housing Shell,Injection Molding,active,99100,5200,900,10,2026-07-17 09:00:00,2026-07-17
MX-9201,50.5,35.0,2026-07-17 08:20:00,1,ACME PRECISION,CNT-99100,Turbo Housing Shell,Injection Molding,active,99100,5200,900,10,2026-07-17 09:20:00,2026-07-17
MX-9201,46.5,35.0,2026-07-17 08:40:00,1,ACME PRECISION,CNT-99100,Turbo Housing Shell,Injection Molding,active,99100,5200,900,10,2026-07-17 09:40:00,2026-07-17
MX-9201,33.4,35.0,2026-07-17 09:00:00,1,ACME PRECISION,CNT-99100,Turbo Housing Shell,Injection Molding,active,99100,5200,900,10,2026-07-17 10:00:00,2026-07-17
MX-9201,36.9,35.0,2026-07-17 09:20:00,1,ACME PRECISION,CNT-99100,Turbo Housing Shell,Injection Molding,active,99100,5200,900,10,2026-07-17 10:20:00,2026-07-17
MX-9201,45.8,35.0,2026-07-17 09:40:00,1,ACME PRECISION,CNT-99100,Turbo Housing Shell,Injection Molding,active,99100,5200,900,10,2026-07-17 10:40:00,2026-07-17
MX-9201,39.6,35.0,2026-07-17 10:00:00,1,ACME PRECISION,CNT-99100,Turbo Housing Shell,Injection Molding,active,99100,5200,900,10,2026-07-17 11:00:00,2026-07-17
MX-9201,39.3,35.0,2026-07-17 10:20:00,1,ACME PRECISION,CNT-99100,Turbo Housing Shell,Injection Molding,active,99100,5200,900,10,2026-07-17 11:20:00,2026-07-17
MX-9201,37.6,35.0,2026-07-17 10:40:00,1,ACME PRECISION,CNT-99100,Turbo Housing Shell,Injection Molding,active,99100,5200,900,10,2026-07-17 11:40:00,2026-07-17
MX-9201,35.0,35.0,2026-07-17 11:00:00,1,ACME PRECISION,CNT-99100,Turbo Housing Shell,Injection Molding,active,99100,5200,900,10,2026-07-17 12:00:00,2026-07-17
MX-9201,42.9,35.0,2026-07-17 11:20:00,1,ACME PRECISION,CNT-99100,Turbo Housing Shell,Injection Molding,active,99100,5200,900,10,2026-07-17 12:20:00,2026-07-17
MX-9201,40.3,35.0,2026-07-17 11:40:00,1,ACME PRECISION,CNT-99100,Turbo Housing Shell,Injection Molding,active,99100,5200,900,10,2026-07-17 12:40:00,2026-07-17
MX-9201,48.6,35.0,2026-07-17 12:00:00,1,ACME PRECISION,CNT-99100,Turbo Housing Shell,Injection Molding,active,99100,5200,900,10,2026-07-17 13:00:00,2026-07-17
MX-9201,42.0,35.0,2026-07-17 12:20:00,1,ACME PRECISION,CNT-99100,Turbo Housing Shell,Injection Molding,active,99100,5200,900,10,2026-07-17 13:20:00,2026-07-17
MX-9201,37.0,35.0,2026-07-17 12:40:00,1,ACME PRECISION,CNT-99100,Turbo Housing Shell,Injection Molding,active,99100,5200,900,10,2026-07-17 13:40:00,2026-07-17
MX-9201,46.2,35.0,2026-07-17 13:00:00,1,ACME PRECISION,CNT-99100,Turbo Housing Shell,Injection Molding,active,99100,5200,900,10,2026-07-17 14:00:00,2026-07-17
MX-9201,49.8,35.0,2026-07-17 13:20:00,1,ACME PRECISION,CNT-99100,Turbo Housing Shell,Injection Molding,active,99100,5200,900,10,2026-07-17 14:20:00,2026-07-17
MX-9201,38.3,35.0,2026-07-17 13:40:00,1,ACME PRECISION,CNT-99100,Turbo Housing Shell,Injection Molding,active,99100,5200,900,10,2026-07-17 14:40:00,2026-07-17
MX-9201,33.0,35.0,2026-07-17 14:00:00,1,ACME PRECISION,CNT-99100,Turbo Housing Shell,Injection Molding,active,99100,5200,900,10,2026-07-17 15:00:00,2026-07-17
MX-9201,39.7,35.0,2026-07-17 14:20:00,1,ACME PRECISION,CNT-99100,Turbo Housing Shell,Injection Molding,active,99100,5200,900,10,2026-07-17 15:20:00,2026-07-17
MX-9201,34.9,35.0,2026-07-17 14:40:00,1,ACME PRECISION,CNT-99100,Turbo Housing Shell,Injection Molding,active,99100,5200,900,10,2026-07-17 15:40:00,2026-07-17
MX-9201,51.4,35.0,2026-07-17 15:00:00,1,ACME PRECISION,CNT-99100,Turbo Housing Shell,Injection Molding,active,99100,5200,900,10,2026-07-17 16:00:00,2026-07-17
MX-9201,34.7,35.0,2026-07-17 15:20:00,1,ACME PRECISION,CNT-99100,Turbo Housing Shell,Injection Molding,active,99100,5200,900,10,2026-07-17 16:20:00,2026-07-17
MX-9201,40.5,35.0,2026-07-17 15:40:00,1,ACME PRECISION,CNT-99100,Turbo Housing Shell,Injection Molding,active,99100,5200,900,10,2026-07-17 16:40:00,2026-07-17
MX-9201,50.5,35.0,2026-07-17 16:00:00,1,ACME PRECISION,CNT-99100,Turbo Housing Shell,Injection Molding,active,99100,5200,900,10,2026-07-17 17:00:00,2026-07-17
MX-9201,47.1,35.0,2026-07-17 16:20:00,1,ACME PRECISION,CNT-99100,Turbo Housing Shell,Injection Molding,active,99100,5200,900,10,2026-07-17 17:20:00,2026-07-17
MX-9201,39.5,35.0,2026-07-17 16:40:00,1,ACME PRECISION,CNT-99100,Turbo Housing Shell,Injection Molding,active,99100,5200,900,10,2026-07-17 17:40:00,2026-07-17
MX-9201,38.0,35.0,2026-07-17 17:00:00,1,ACME PRECISION,CNT-99100,Turbo Housing Shell,Injection Molding,active,99100,5200,900,10,2026-07-17 18:00:00,2026-07-17
MX-9201,41.4,35.0,2026-07-17 17:20:00,1,ACME PRECISION,CNT-99100,Turbo Housing Shell,Injection Molding,active,99100,5200,900,10,2026-07-17 18:20:00,2026-07-17
MX-9201,41.0,35.0,2026-07-17 17:40:00,1,ACME PRECISION,CNT-99100,Turbo Housing Shell,Injection Molding,active,99100,5200,900,10,2026-07-17 18:40:00,2026-07-17
MX-9201,50.6,35.0,2026-07-17 18:00:00,1,ACME PRECISION,CNT-99100,Turbo Housing Shell,Injection Molding,active,99100,5200,900,10,2026-07-17 19:00:00,2026-07-17
MX-9201,41.5,35.0,2026-07-17 18:20:00,1,ACME PRECISION,CNT-99100,Turbo Housing Shell,Injection Molding,active,99100,5200,900,10,2026-07-17 19:20:00,2026-07-17
MX-9201,34.9,35.0,2026-07-17 18:40:00,1,ACME PRECISION,CNT-99100,Turbo Housing Shell,Injection Molding,active,99100,5200,900,10,2026-07-17 19:40:00,2026-07-17
MX-9201,47.8,35.0,2026-07-17 19:00:00,1,ACME PRECISION,CNT-99100,Turbo Housing Shell,Injection Molding,active,99100,5200,900,10,2026-07-17 20:00:00,2026-07-17
MX-9201,48.1,35.0,2026-07-17 19:20:00,1,ACME PRECISION,CNT-99100,Turbo Housing Shell,Injection Molding,active,99100,5200,900,10,2026-07-17 20:20:00,2026-07-17
MX-9201,41.1,35.0,2026-07-17 19:40:00,1,ACME PRECISION,CNT-99100,Turbo Housing Shell,Injection Molding,active,99100,5200,900,10,2026-07-17 20:40:00,2026-07-17
MX-9201,46.6,35.0,2026-07-17 20:00:00,1,ACME PRECISION,CNT-99100,Turbo Housing Shell,Injection Molding,active,99100,5200,900,10,2026-07-17 21:00:00,2026-07-17
MX-9201,42.6,35.0,2026-07-17 20:20:00,1,ACME PRECISION,CNT-99100,Turbo Housing Shell,Injection Molding,active,99100,5200,900,10,2026-07-17 21:20:00,2026-07-17
MX-9201,35.7,35.0,2026-07-17 20:40:00,1,ACME PRECISION,CNT-99100,Turbo Housing Shell,Injection Molding,active,99100,5200,900,10,2026-07-17 21:40:00,2026-07-17
MX-9201,41.9,35.0,2026-07-17 21:00:00,1,ACME PRECISION,CNT-99100,Turbo Housing Shell,Injection Molding,active,99100,5200,900,10,2026-07-17 22:00:00,2026-07-17
MX-9201,36.0,35.0,2026-07-17 21:20:00,1,ACME PRECISION,CNT-99100,Turbo Housing Shell,Injection Molding,active,99100,5200,900,10,2026-07-17 22:20:00,2026-07-17
MX-9201,38.9,35.0,2026-07-17 21:40:00,1,ACME PRECISION,CNT-99100,Turbo Housing Shell,Injection Molding,active,99100,5200,900,10,2026-07-17 22:40:00,2026-07-17
MX-9201,37.2,35.0,2026-07-17 22:00:00,1,ACME PRECISION,CNT-99100,Turbo Housing Shell,Injection Molding,active,99100,5200,900,10,2026-07-17 23:00:00,2026-07-17
MX-9201,44.2,35.0,2026-07-17 22:20:00,1,ACME PRECISION,CNT-99100,Turbo Housing Shell,Injection Molding,active,99100,5200,900,10,2026-07-17 23:20:00,2026-07-17
MX-9201,43.4,35.0,2026-07-17 22:40:00,1,ACME PRECISION,CNT-99100,Turbo Housing Shell,Injection Molding,active,99100,5200,900,10,2026-07-17 23:40:00,2026-07-17
MX-9201,35.1,35.0,2026-07-17 23:00:00,1,ACME PRECISION,CNT-99100,Turbo Housing Shell,Injection Molding,active,99100,5200,900,10,2026-07-18 00:00:00,2026-07-17
MX-9201,37.3,35.0,2026-07-17 23:20:00,1,ACME PRECISION,CNT-99100,Turbo Housing Shell,Injection Molding,active,99100,5200,900,10,2026-07-18 00:20:00,2026-07-17
MX-9201,42.3,35.0,2026-07-17 23:40:00,1,ACME PRECISION,CNT-99100,Turbo Housing Shell,Injection Molding,active,99100,5200,900,10,2026-07-18 00:40:00,2026-07-17
MX-9201,44.9,35.0,2026-07-18 00:00:00,1,ACME PRECISION,CNT-99100,Turbo Housing Shell,Injection Molding,active,99100,5200,900,10,2026-07-18 01:00:00,2026-07-18
MX-9201,42.7,35.0,2026-07-18 00:20:00,1,ACME PRECISION,CNT-99100,Turbo Housing Shell,Injection Molding,active,99100,5200,900,10,2026-07-18 01:20:00,2026-07-18
MX-9201,30.2,35.0,2026-07-18 00:40:00,1,ACME PRECISION,CNT-99100,Turbo Housing Shell,Injection Molding,active,99100,5200,900,10,2026-07-18 01:40:00,2026-07-18
MX-9201,49.4,35.0,2026-07-18 01:00:00,1,ACME PRECISION,CNT-99100,Turbo Housing Shell,Injection Molding,active,99100,5200,900,10,2026-07-18 02:00:00,2026-07-18
MX-9201,52.1,35.0,2026-07-18 01:20:00,1,ACME PRECISION,CNT-99100,Turbo Housing Shell,Injection Molding,active,99100,5200,900,10,2026-07-18 02:20:00,2026-07-18
MX-9201,51.1,35.0,2026-07-18 01:40:00,1,ACME PRECISION,CNT-99100,Turbo Housing Shell,Injection Molding,active,99100,5200,900,10,2026-07-18 02:40:00,2026-07-18
MX-9201,45.3,35.0,2026-07-18 02:00:00,1,ACME PRECISION,CNT-99100,Turbo Housing Shell,Injection Molding,active,99100,5200,900,10,2026-07-18 03:00:00,2026-07-18
MX-9201,46.0,35.0,2026-07-18 02:20:00,1,ACME PRECISION,CNT-99100,Turbo Housing Shell,Injection Molding,active,99100,5200,900,10,2026-07-18 03:20:00,2026-07-18
MX-9201,38.7,35.0,2026-07-18 02:40:00,1,ACME PRECISION,CNT-99100,Turbo Housing Shell,Injection Molding,active,99100,5200,900,10,2026-07-18 03:40:00,2026-07-18
MX-9201,43.4,35.0,2026-07-18 03:00:00,1,ACME PRECISION,CNT-99100,Turbo Housing Shell,Injection Molding,active,99100,5200,900,10,2026-07-18 04:00:00,2026-07-18
MX-9201,36.1,35.0,2026-07-18 03:20:00,1,ACME PRECISION,CNT-99100,Turbo Housing Shell,Injection Molding,active,99100,5200,900,10,2026-07-18 04:20:00,2026-07-18
MX-9201,43.0,35.0,2026-07-18 03:40:00,1,ACME PRECISION,CNT-99100,Turbo Housing Shell,Injection Molding,active,99100,5200,900,10,2026-07-18 04:40:00,2026-07-18
MX-9201,34.5,35.0,2026-07-18 04:00:00,1,ACME PRECISION,CNT-99100,Turbo Housing Shell,Injection Molding,active,99100,5200,900,10,2026-07-18 05:00:00,2026-07-18
MX-9201,45.6,35.0,2026-07-18 04:20:00,1,ACME PRECISION,CNT-99100,Turbo Housing Shell,Injection Molding,active,99100,5200,900,10,2026-07-18 05:20:00,2026-07-18
MX-9201,40.4,35.0,2026-07-18 04:40:00,1,ACME PRECISION,CNT-99100,Turbo Housing Shell,Injection Molding,active,99100,5200,900,10,2026-07-18 05:40:00,2026-07-18
MX-9201,46.6,35.0,2026-07-18 05:00:00,1,ACME PRECISION,CNT-99100,Turbo Housing Shell,Injection Molding,active,99100,5200,900,10,2026-07-18 06:00:00,2026-07-18
MX-9201,43.4,35.0,2026-07-18 05:20:00,1,ACME PRECISION,CNT-99100,Turbo Housing Shell,Injection Molding,active,99100,5200,900,10,2026-07-18 06:20:00,2026-07-18
MX-9201,39.8,35.0,2026-07-18 05:40:00,1,ACME PRECISION,CNT-99100,Turbo Housing Shell,Injection Molding,active,99100,5200,900,10,2026-07-18 06:40:00,2026-07-18
MX-9201,47.0,35.0,2026-07-18 06:00:00,1,ACME PRECISION,CNT-99100,Turbo Housing Shell,Injection Molding,active,99100,5200,900,10,2026-07-18 07:00:00,2026-07-18
MX-9201,35.9,35.0,2026-07-18 06:20:00,1,ACME PRECISION,CNT-99100,Turbo Housing Shell,Injection Molding,active,99100,5200,900,10,2026-07-18 07:20:00,2026-07-18
MX-9201,40.9,35.0,2026-07-18 06:40:00,1,ACME PRECISION,CNT-99100,Turbo Housing Shell,Injection Molding,active,99100,5200,900,10,2026-07-18 07:40:00,2026-07-18
MX-9201,39.4,35.0,2026-07-18 07:00:00,1,ACME PRECISION,CNT-99100,Turbo Housing Shell,Injection Molding,active,99100,5200,900,10,2026-07-18 08:00:00,2026-07-18
MX-9201,46.4,35.0,2026-07-18 07:20:00,1,ACME PRECISION,CNT-99100,Turbo Housing Shell,Injection Molding,active,99100,5200,900,10,2026-07-18 08:20:00,2026-07-18
MX-9201,41.9,35.0,2026-07-18 07:40:00,1,ACME PRECISION,CNT-99100,Turbo Housing Shell,Injection Molding,active,99100,5200,900,10,2026-07-18 08:40:00,2026-07-18
MX-9201,43.8,35.0,2026-07-18 08:00:00,1,ACME PRECISION,CNT-99100,Turbo Housing Shell,Injection Molding,active,99100,5200,900,10,2026-07-18 09:00:00,2026-07-18
MX-9201,45.2,35.0,2026-07-18 08:20:00,1,ACME PRECISION,CNT-99100,Turbo Housing Shell,Injection Molding,active,99100,5200,900,10,2026-07-18 09:20:00,2026-07-18
MX-9201,29.4,35.0,2026-07-18 08:40:00,1,ACME PRECISION,CNT-99100,Turbo Housing Shell,Injection Molding,active,99100,5200,900,10,2026-07-18 09:40:00,2026-07-18
MX-9201,37.3,35.0,2026-07-18 09:00:00,1,ACME PRECISION,CNT-99100,Turbo Housing Shell,Injection Molding,active,99100,5200,900,10,2026-07-18 10:00:00,2026-07-18
MX-9201,43.0,35.0,2026-07-18 09:20:00,1,ACME PRECISION,CNT-99100,Turbo Housing Shell,Injection Molding,active,99100,5200,900,10,2026-07-18 10:20:00,2026-07-18
MX-9201,47.9,35.0,2026-07-18 09:40:00,1,ACME PRECISION,CNT-99100,Turbo Housing Shell,Injection Molding,active,99100,5200,900,10,2026-07-18 10:40:00,2026-07-18
MX-9201,45.5,35.0,2026-07-18 10:00:00,1,ACME PRECISION,CNT-99100,Turbo Housing Shell,Injection Molding,active,99100,5200,900,10,2026-07-18 11:00:00,2026-07-18
MX-9201,49.6,35.0,2026-07-18 10:20:00,1,ACME PRECISION,CNT-99100,Turbo Housing Shell,Injection Molding,active,99100,5200,900,10,2026-07-18 11:20:00,2026-07-18
MX-9201,41.1,35.0,2026-07-18 10:40:00,1,ACME PRECISION,CNT-99100,Turbo Housing Shell,Injection Molding,active,99100,5200,900,10,2026-07-18 11:40:00,2026-07-18
MX-9201,42.9,35.0,2026-07-18 11:00:00,1,ACME PRECISION,CNT-99100,Turbo Housing Shell,Injection Molding,active,99100,5200,900,10,2026-07-18 12:00:00,2026-07-18
MX-9201,39.6,35.0,2026-07-18 11:20:00,1,ACME PRECISION,CNT-99100,Turbo Housing Shell,Injection Molding,active,99100,5200,900,10,2026-07-18 12:20:00,2026-07-18
MX-9201,40.0,35.0,2026-07-18 11:40:00,1,ACME PRECISION,CNT-99100,Turbo Housing Shell,Injection Molding,active,99100,5200,900,10,2026-07-18 12:40:00,2026-07-18
MX-9201,37.8,35.0,2026-07-18 12:00:00,1,ACME PRECISION,CNT-99100,Turbo Housing Shell,Injection Molding,active,99100,5200,900,10,2026-07-18 13:00:00,2026-07-18
MX-9201,39.4,35.0,2026-07-18 12:20:00,1,ACME PRECISION,CNT-99100,Turbo Housing Shell,Injection Molding,active,99100,5200,900,10,2026-07-18 13:20:00,2026-07-18
MX-9201,41.3,35.0,2026-07-18 12:40:00,1,ACME PRECISION,CNT-99100,Turbo Housing Shell,Injection Molding,active,99100,5200,900,10,2026-07-18 13:40:00,2026-07-18
MX-9201,38.8,35.0,2026-07-18 13:00:00,1,ACME PRECISION,CNT-99100,Turbo Housing Shell,Injection Molding,active,99100,5200,900,10,2026-07-18 14:00:00,2026-07-18
MX-9201,42.5,35.0,2026-07-18 13:20:00,1,ACME PRECISION,CNT-99100,Turbo Housing Shell,Injection Molding,active,99100,5200,900,10,2026-07-18 14:20:00,2026-07-18
MX-9201,32.3,35.0,2026-07-18 13:40:00,1,ACME PRECISION,CNT-99100,Turbo Housing Shell,Injection Molding,active,99100,5200,900,10,2026-07-18 14:40:00,2026-07-18
MX-9201,44.7,35.0,2026-07-18 14:00:00,1,ACME PRECISION,CNT-99100,Turbo Housing Shell,Injection Molding,active,99100,5200,900,10,2026-07-18 15:00:00,2026-07-18
MX-9201,43.3,35.0,2026-07-18 14:20:00,1,ACME PRECISION,CNT-99100,Turbo Housing Shell,Injection Molding,active,99100,5200,900,10,2026-07-18 15:20:00,2026-07-18
MX-9201,44.8,35.0,2026-07-18 14:40:00,1,ACME PRECISION,CNT-99100,Turbo Housing Shell,Injection Molding,active,99100,5200,900,10,2026-07-18 15:40:00,2026-07-18
MX-9201,39.8,35.0,2026-07-18 15:00:00,1,ACME PRECISION,CNT-99100,Turbo Housing Shell,Injection Molding,active,99100,5200,900,10,2026-07-18 16:00:00,2026-07-18
MX-9201,39.6,35.0,2026-07-18 15:20:00,1,ACME PRECISION,CNT-99100,Turbo Housing Shell,Injection Molding,active,99100,5200,900,10,2026-07-18 16:20:00,2026-07-18
MX-9201,47.8,35.0,2026-07-18 15:40:00,1,ACME PRECISION,CNT-99100,Turbo Housing Shell,Injection Molding,active,99100,5200,900,10,2026-07-18 16:40:00,2026-07-18
MX-9201,41.5,35.0,2026-07-18 16:00:00,1,ACME PRECISION,CNT-99100,Turbo Housing Shell,Injection Molding,active,99100,5200,900,10,2026-07-18 17:00:00,2026-07-18
MX-9201,53.3,35.0,2026-07-18 16:20:00,1,ACME PRECISION,CNT-99100,Turbo Housing Shell,Injection Molding,active,99100,5200,900,10,2026-07-18 17:20:00,2026-07-18
MX-9201,34.6,35.0,2026-07-18 16:40:00,1,ACME PRECISION,CNT-99100,Turbo Housing Shell,Injection Molding,active,99100,5200,900,10,2026-07-18 17:40:00,2026-07-18
MX-9201,41.0,35.0,2026-07-18 17:00:00,1,ACME PRECISION,CNT-99100,Turbo Housing Shell,Injection Molding,active,99100,5200,900,10,2026-07-18 18:00:00,2026-07-18
MX-9201,36.1,35.0,2026-07-18 17:20:00,1,ACME PRECISION,CNT-99100,Turbo Housing Shell,Injection Molding,active,99100,5200,900,10,2026-07-18 18:20:00,2026-07-18
MX-9201,38.0,35.0,2026-07-18 17:40:00,1,ACME PRECISION,CNT-99100,Turbo Housing Shell,Injection Molding,active,99100,5200,900,10,2026-07-18 18:40:00,2026-07-18
MX-9201,38.0,35.0,2026-07-18 18:00:00,1,ACME PRECISION,CNT-99100,Turbo Housing Shell,Injection Molding,active,99100,5200,900,10,2026-07-18 19:00:00,2026-07-18
MX-9201,39.7,35.0,2026-07-18 18:20:00,1,ACME PRECISION,CNT-99100,Turbo Housing Shell,Injection Molding,active,99100,5200,900,10,2026-07-18 19:20:00,2026-07-18
MX-9201,46.7,35.0,2026-07-18 18:40:00,1,ACME PRECISION,CNT-99100,Turbo Housing Shell,Injection Molding,active,99100,5200,900,10,2026-07-18 19:40:00,2026-07-18
MX-9201,36.1,35.0,2026-07-18 19:00:00,1,ACME PRECISION,CNT-99100,Turbo Housing Shell,Injection Molding,active,99100,5200,900,10,2026-07-18 20:00:00,2026-07-18
MX-9201,45.7,35.0,2026-07-18 19:20:00,1,ACME PRECISION,CNT-99100,Turbo Housing Shell,Injection Molding,active,99100,5200,900,10,2026-07-18 20:20:00,2026-07-18
MX-9201,34.4,35.0,2026-07-18 19:40:00,1,ACME PRECISION,CNT-99100,Turbo Housing Shell,Injection Molding,active,99100,5200,900,10,2026-07-18 20:40:00,2026-07-18
MX-9201,40.1,35.0,2026-07-18 20:00:00,1,ACME PRECISION,CNT-99100,Turbo Housing Shell,Injection Molding,active,99100,5200,900,10,2026-07-18 21:00:00,2026-07-18
MX-9201,49.6,35.0,2026-07-18 20:20:00,1,ACME PRECISION,CNT-99100,Turbo Housing Shell,Injection Molding,active,99100,5200,900,10,2026-07-18 21:20:00,2026-07-18
MX-9201,44.9,35.0,2026-07-18 20:40:00,1,ACME PRECISION,CNT-99100,Turbo Housing Shell,Injection Molding,active,99100,5200,900,10,2026-07-18 21:40:00,2026-07-18
MX-9201,43.8,35.0,2026-07-18 21:00:00,1,ACME PRECISION,CNT-99100,Turbo Housing Shell,Injection Molding,active,99100,5200,900,10,2026-07-18 22:00:00,2026-07-18
MX-9201,45.8,35.0,2026-07-18 21:20:00,1,ACME PRECISION,CNT-99100,Turbo Housing Shell,Injection Molding,active,99100,5200,900,10,2026-07-18 22:20:00,2026-07-18
MX-9201,45.5,35.0,2026-07-18 21:40:00,1,ACME PRECISION,CNT-99100,Turbo Housing Shell,Injection Molding,active,99100,5200,900,10,2026-07-18 22:40:00,2026-07-18
MX-9201,45.8,35.0,2026-07-18 22:00:00,1,ACME PRECISION,CNT-99100,Turbo Housing Shell,Injection Molding,active,99100,5200,900,10,2026-07-18 23:00:00,2026-07-18
MX-9201,50.1,35.0,2026-07-18 22:20:00,1,ACME PRECISION,CNT-99100,Turbo Housing Shell,Injection Molding,active,99100,5200,900,10,2026-07-18 23:20:00,2026-07-18
MX-9201,36.6,35.0,2026-07-18 22:40:00,1,ACME PRECISION,CNT-99100,Turbo Housing Shell,Injection Molding,active,99100,5200,900,10,2026-07-18 23:40:00,2026-07-18
MX-9201,42.0,35.0,2026-07-18 23:00:00,1,ACME PRECISION,CNT-99100,Turbo Housing Shell,Injection Molding,active,99100,5200,900,10,2026-07-19 00:00:00,2026-07-18
MX-9201,45.9,35.0,2026-07-18 23:20:00,1,ACME PRECISION,CNT-99100,Turbo Housing Shell,Injection Molding,active,99100,5200,900,10,2026-07-19 00:20:00,2026-07-18
MX-9201,46.5,35.0,2026-07-18 23:40:00,1,ACME PRECISION,CNT-99100,Turbo Housing Shell,Injection Molding,active,99100,5200,900,10,2026-07-19 00:40:00,2026-07-18
MX-9201,45.4,35.0,2026-07-19 00:00:00,1,ACME PRECISION,CNT-99100,Turbo Housing Shell,Injection Molding,active,99100,5200,900,10,2026-07-19 01:00:00,2026-07-19
MX-9201,49.5,35.0,2026-07-19 00:20:00,1,ACME PRECISION,CNT-99100,Turbo Housing Shell,Injection Molding,active,99100,5200,900,10,2026-07-19 01:20:00,2026-07-19
MX-9201,39.6,35.0,2026-07-19 00:40:00,1,ACME PRECISION,CNT-99100,Turbo Housing Shell,Injection Molding,active,99100,5200,900,10,2026-07-19 01:40:00,2026-07-19
MX-9201,34.9,35.0,2026-07-19 01:00:00,1,ACME PRECISION,CNT-99100,Turbo Housing Shell,Injection Molding,active,99100,5200,900,10,2026-07-19 02:00:00,2026-07-19
MX-9201,49.4,35.0,2026-07-19 01:20:00,1,ACME PRECISION,CNT-99100,Turbo Housing Shell,Injection Molding,active,99100,5200,900,10,2026-07-19 02:20:00,2026-07-19
MX-9201,42.3,35.0,2026-07-19 01:40:00,1,ACME PRECISION,CNT-99100,Turbo Housing Shell,Injection Molding,active,99100,5200,900,10,2026-07-19 02:40:00,2026-07-19
MX-9201,39.3,35.0,2026-07-19 02:00:00,1,ACME PRECISION,CNT-99100,Turbo Housing Shell,Injection Molding,active,99100,5200,900,10,2026-07-19 03:00:00,2026-07-19
MX-9201,42.5,35.0,2026-07-19 02:20:00,1,ACME PRECISION,CNT-99100,Turbo Housing Shell,Injection Molding,active,99100,5200,900,10,2026-07-19 03:20:00,2026-07-19
MX-9201,40.0,35.0,2026-07-19 02:40:00,1,ACME PRECISION,CNT-99100,Turbo Housing Shell,Injection Molding,active,99100,5200,900,10,2026-07-19 03:40:00,2026-07-19
MX-9201,47.9,35.0,2026-07-19 03:00:00,1,ACME PRECISION,CNT-99100,Turbo Housing Shell,Injection Molding,active,99100,5200,900,10,2026-07-19 04:00:00,2026-07-19
MX-9201,47.3,35.0,2026-07-19 03:20:00,1,ACME PRECISION,CNT-99100,Turbo Housing Shell,Injection Molding,active,99100,5200,900,10,2026-07-19 04:20:00,2026-07-19
MX-9201,44.1,35.0,2026-07-19 03:40:00,1,ACME PRECISION,CNT-99100,Turbo Housing Shell,Injection Molding,active,99100,5200,900,10,2026-07-19 04:40:00,2026-07-19
MX-9201,45.3,35.0,2026-07-19 04:00:00,1,ACME PRECISION,CNT-99100,Turbo Housing Shell,Injection Molding,active,99100,5200,900,10,2026-07-19 05:00:00,2026-07-19
MX-9201,42.5,35.0,2026-07-19 04:20:00,1,ACME PRECISION,CNT-99100,Turbo Housing Shell,Injection Molding,active,99100,5200,900,10,2026-07-19 05:20:00,2026-07-19
MX-9201,48.0,35.0,2026-07-19 04:40:00,1,ACME PRECISION,CNT-99100,Turbo Housing Shell,Injection Molding,active,99100,5200,900,10,2026-07-19 05:40:00,2026-07-19
MX-9201,29.3,35.0,2026-07-19 05:00:00,1,ACME PRECISION,CNT-99100,Turbo Housing Shell,Injection Molding,active,99100,5200,900,10,2026-07-19 06:00:00,2026-07-19
MX-9201,35.9,35.0,2026-07-19 05:20:00,1,ACME PRECISION,CNT-99100,Turbo Housing Shell,Injection Molding,active,99100,5200,900,10,2026-07-19 06:20:00,2026-07-19
MX-9201,42.1,35.0,2026-07-19 05:40:00,1,ACME PRECISION,CNT-99100,Turbo Housing Shell,Injection Molding,active,99100,5200,900,10,2026-07-19 06:40:00,2026-07-19
MX-9201,40.1,35.0,2026-07-19 06:00:00,1,ACME PRECISION,CNT-99100,Turbo Housing Shell,Injection Molding,active,99100,5200,900,10,2026-07-19 07:00:00,2026-07-19
MX-9201,37.1,35.0,2026-07-19 06:20:00,1,ACME PRECISION,CNT-99100,Turbo Housing Shell,Injection Molding,active,99100,5200,900,10,2026-07-19 07:20:00,2026-07-19
MX-9201,45.8,35.0,2026-07-19 06:40:00,1,ACME PRECISION,CNT-99100,Turbo Housing Shell,Injection Molding,active,99100,5200,900,10,2026-07-19 07:40:00,2026-07-19
MX-9201,37.0,35.0,2026-07-19 07:00:00,1,ACME PRECISION,CNT-99100,Turbo Housing Shell,Injection Molding,active,99100,5200,900,10,2026-07-19 08:00:00,2026-07-19
MX-9201,43.5,35.0,2026-07-19 07:20:00,1,ACME PRECISION,CNT-99100,Turbo Housing Shell,Injection Molding,active,99100,5200,900,10,2026-07-19 08:20:00,2026-07-19
MX-9201,43.0,35.0,2026-07-19 07:40:00,1,ACME PRECISION,CNT-99100,Turbo Housing Shell,Injection Molding,active,99100,5200,900,10,2026-07-19 08:40:00,2026-07-19
MX-9201,42.7,35.0,2026-07-19 08:00:00,1,ACME PRECISION,CNT-99100,Turbo Housing Shell,Injection Molding,active,99100,5200,900,10,2026-07-19 09:00:00,2026-07-19
MX-9201,37.8,35.0,2026-07-19 08:20:00,1,ACME PRECISION,CNT-99100,Turbo Housing Shell,Injection Molding,active,99100,5200,900,10,2026-07-19 09:20:00,2026-07-19
MX-9201,41.3,35.0,2026-07-19 08:40:00,1,ACME PRECISION,CNT-99100,Turbo Housing Shell,Injection Molding,active,99100,5200,900,10,2026-07-19 09:40:00,2026-07-19
MX-9201,49.1,35.0,2026-07-19 09:00:00,1,ACME PRECISION,CNT-99100,Turbo Housing Shell,Injection Molding,active,99100,5200,900,10,2026-07-19 10:00:00,2026-07-19
MX-9201,45.3,35.0,2026-07-19 09:20:00,1,ACME PRECISION,CNT-99100,Turbo Housing Shell,Injection Molding,active,99100,5200,900,10,2026-07-19 10:20:00,2026-07-19
MX-9201,47.7,35.0,2026-07-19 09:40:00,1,ACME PRECISION,CNT-99100,Turbo Housing Shell,Injection Molding,active,99100,5200,900,10,2026-07-19 10:40:00,2026-07-19
MX-9201,41.9,35.0,2026-07-19 10:00:00,1,ACME PRECISION,CNT-99100,Turbo Housing Shell,Injection Molding,active,99100,5200,900,10,2026-07-19 11:00:00,2026-07-19
MX-9201,33.0,35.0,2026-07-19 10:20:00,1,ACME PRECISION,CNT-99100,Turbo Housing Shell,Injection Molding,active,99100,5200,900,10,2026-07-19 11:20:00,2026-07-19
MX-9201,39.8,35.0,2026-07-19 10:40:00,1,ACME PRECISION,CNT-99100,Turbo Housing Shell,Injection Molding,active,99100,5200,900,10,2026-07-19 11:40:00,2026-07-19
MX-9201,41.5,35.0,2026-07-19 11:00:00,1,ACME PRECISION,CNT-99100,Turbo Housing Shell,Injection Molding,active,99100,5200,900,10,2026-07-19 12:00:00,2026-07-19
MX-9201,49.5,35.0,2026-07-19 11:20:00,1,ACME PRECISION,CNT-99100,Turbo Housing Shell,Injection Molding,active,99100,5200,900,10,2026-07-19 12:20:00,2026-07-19
MX-9201,48.6,35.0,2026-07-19 11:40:00,1,ACME PRECISION,CNT-99100,Turbo Housing Shell,Injection Molding,active,99100,5200,900,10,2026-07-19 12:40:00,2026-07-19
MX-9201,44.7,35.0,2026-07-19 12:00:00,1,ACME PRECISION,CNT-99100,Turbo Housing Shell,Injection Molding,active,99100,5200,900,10,2026-07-19 13:00:00,2026-07-19
MX-9201,37.6,35.0,2026-07-19 12:20:00,1,ACME PRECISION,CNT-99100,Turbo Housing Shell,Injection Molding,active,99100,5200,900,10,2026-07-19 13:20:00,2026-07-19
MX-9201,43.1,35.0,2026-07-19 12:40:00,1,ACME PRECISION,CNT-99100,Turbo Housing Shell,Injection Molding,active,99100,5200,900,10,2026-07-19 13:40:00,2026-07-19
MX-9201,40.9,35.0,2026-07-19 13:00:00,1,ACME PRECISION,CNT-99100,Turbo Housing Shell,Injection Molding,active,99100,5200,900,10,2026-07-19 14:00:00,2026-07-19
MX-9201,41.0,35.0,2026-07-19 13:20:00,1,ACME PRECISION,CNT-99100,Turbo Housing Shell,Injection Molding,active,99100,5200,900,10,2026-07-19 14:20:00,2026-07-19
MX-9201,35.6,35.0,2026-07-19 13:40:00,1,ACME PRECISION,CNT-99100,Turbo Housing Shell,Injection Molding,active,99100,5200,900,10,2026-07-19 14:40:00,2026-07-19
MX-9201,44.9,35.0,2026-07-19 14:00:00,1,ACME PRECISION,CNT-99100,Turbo Housing Shell,Injection Molding,active,99100,5200,900,10,2026-07-19 15:00:00,2026-07-19
MX-9201,42.2,35.0,2026-07-19 14:20:00,1,ACME PRECISION,CNT-99100,Turbo Housing Shell,Injection Molding,active,99100,5200,900,10,2026-07-19 15:20:00,2026-07-19
MX-9201,46.8,35.0,2026-07-19 14:40:00,1,ACME PRECISION,CNT-99100,Turbo Housing Shell,Injection Molding,active,99100,5200,900,10,2026-07-19 15:40:00,2026-07-19
MX-9201,34.3,35.0,2026-07-19 15:00:00,1,ACME PRECISION,CNT-99100,Turbo Housing Shell,Injection Molding,active,99100,5200,900,10,2026-07-19 16:00:00,2026-07-19
MX-9201,36.1,35.0,2026-07-19 15:20:00,1,ACME PRECISION,CNT-99100,Turbo Housing Shell,Injection Molding,active,99100,5200,900,10,2026-07-19 16:20:00,2026-07-19
MX-9201,62.4,35.0,2026-07-19 15:40:00,1,ACME PRECISION,CNT-99100,Turbo Housing Shell,Injection Molding,active,99100,5200,900,10,2026-07-19 16:40:00,2026-07-19
MX-9201,37.5,35.0,2026-07-19 16:00:00,1,ACME PRECISION,CNT-99100,Turbo Housing Shell,Injection Molding,active,99100,5200,900,10,2026-07-19 17:00:00,2026-07-19
MX-9201,43.9,35.0,2026-07-19 16:20:00,1,ACME PRECISION,CNT-99100,Turbo Housing Shell,Injection Molding,active,99100,5200,900,10,2026-07-19 17:20:00,2026-07-19
MX-9201,44.8,35.0,2026-07-19 16:40:00,1,ACME PRECISION,CNT-99100,Turbo Housing Shell,Injection Molding,active,99100,5200,900,10,2026-07-19 17:40:00,2026-07-19
MX-9201,36.9,35.0,2026-07-19 17:00:00,1,ACME PRECISION,CNT-99100,Turbo Housing Shell,Injection Molding,active,99100,5200,900,10,2026-07-19 18:00:00,2026-07-19
MX-9201,51.9,35.0,2026-07-19 17:20:00,1,ACME PRECISION,CNT-99100,Turbo Housing Shell,Injection Molding,active,99100,5200,900,10,2026-07-19 18:20:00,2026-07-19
MX-9201,42.0,35.0,2026-07-19 17:40:00,1,ACME PRECISION,CNT-99100,Turbo Housing Shell,Injection Molding,active,99100,5200,900,10,2026-07-19 18:40:00,2026-07-19
MX-9201,43.2,35.0,2026-07-19 18:00:00,1,ACME PRECISION,CNT-99100,Turbo Housing Shell,Injection Molding,active,99100,5200,900,10,2026-07-19 19:00:00,2026-07-19
MX-9201,52.4,35.0,2026-07-19 18:20:00,1,ACME PRECISION,CNT-99100,Turbo Housing Shell,Injection Molding,active,99100,5200,900,10,2026-07-19 19:20:00,2026-07-19
MX-9201,38.0,35.0,2026-07-19 18:40:00,1,ACME PRECISION,CNT-99100,Turbo Housing Shell,Injection Molding,active,99100,5200,900,10,2026-07-19 19:40:00,2026-07-19
MX-9201,39.7,35.0,2026-07-19 19:00:00,1,ACME PRECISION,CNT-99100,Turbo Housing Shell,Injection Molding,active,99100,5200,900,10,2026-07-19 20:00:00,2026-07-19
MX-9201,40.4,35.0,2026-07-19 19:20:00,1,ACME PRECISION,CNT-99100,Turbo Housing Shell,Injection Molding,active,99100,5200,900,10,2026-07-19 20:20:00,2026-07-19
MX-9201,34.8,35.0,2026-07-19 19:40:00,1,ACME PRECISION,CNT-99100,Turbo Housing Shell,Injection Molding,active,99100,5200,900,10,2026-07-19 20:40:00,2026-07-19
MX-9201,43.9,35.0,2026-07-19 20:00:00,1,ACME PRECISION,CNT-99100,Turbo Housing Shell,Injection Molding,active,99100,5200,900,10,2026-07-19 21:00:00,2026-07-19
MX-9201,45.0,35.0,2026-07-19 20:20:00,1,ACME PRECISION,CNT-99100,Turbo Housing Shell,Injection Molding,active,99100,5200,900,10,2026-07-19 21:20:00,2026-07-19
MX-9201,43.4,35.0,2026-07-19 20:40:00,1,ACME PRECISION,CNT-99100,Turbo Housing Shell,Injection Molding,active,99100,5200,900,10,2026-07-19 21:40:00,2026-07-19
MX-9201,46.0,35.0,2026-07-19 21:00:00,1,ACME PRECISION,CNT-99100,Turbo Housing Shell,Injection Molding,active,99100,5200,900,10,2026-07-19 22:00:00,2026-07-19
MX-9201,47.1,35.0,2026-07-19 21:20:00,1,ACME PRECISION,CNT-99100,Turbo Housing Shell,Injection Molding,active,99100,5200,900,10,2026-07-19 22:20:00,2026-07-19
MX-9201,44.2,35.0,2026-07-19 21:40:00,1,ACME PRECISION,CNT-99100,Turbo Housing Shell,Injection Molding,active,99100,5200,900,10,2026-07-19 22:40:00,2026-07-19
MX-9201,41.0,35.0,2026-07-19 22:00:00,1,ACME PRECISION,CNT-99100,Turbo Housing Shell,Injection Molding,active,99100,5200,900,10,2026-07-19 23:00:00,2026-07-19
MX-9201,49.1,35.0,2026-07-19 22:20:00,1,ACME PRECISION,CNT-99100,Turbo Housing Shell,Injection Molding,active,99100,5200,900,10,2026-07-19 23:20:00,2026-07-19
MX-9201,38.5,35.0,2026-07-19 22:40:00,1,ACME PRECISION,CNT-99100,Turbo Housing Shell,Injection Molding,active,99100,5200,900,10,2026-07-19 23:40:00,2026-07-19
MX-9201,50.0,35.0,2026-07-19 23:00:00,1,ACME PRECISION,CNT-99100,Turbo Housing Shell,Injection Molding,active,99100,5200,900,10,2026-07-20 00:00:00,2026-07-19
MX-9201,41.3,35.0,2026-07-19 23:20:00,1,ACME PRECISION,CNT-99100,Turbo Housing Shell,Injection Molding,active,99100,5200,900,10,2026-07-20 00:20:00,2026-07-19
MX-9201,46.6,35.0,2026-07-19 23:40:00,1,ACME PRECISION,CNT-99100,Turbo Housing Shell,Injection Molding,active,99100,5200,900,10,2026-07-20 00:40:00,2026-07-19
MX-9201,52.4,35.0,2026-07-20 00:00:00,1,ACME PRECISION,CNT-99100,Turbo Housing Shell,Injection Molding,active,99100,5200,900,10,2026-07-20 01:00:00,2026-07-20
MX-9201,29.9,35.0,2026-07-20 00:20:00,1,ACME PRECISION,CNT-99100,Turbo Housing Shell,Injection Molding,active,99100,5200,900,10,2026-07-20 01:20:00,2026-07-20
MX-9201,41.3,35.0,2026-07-20 00:40:00,1,ACME PRECISION,CNT-99100,Turbo Housing Shell,Injection Molding,active,99100,5200,900,10,2026-07-20 01:40:00,2026-07-20
MX-9201,40.1,35.0,2026-07-20 01:00:00,1,ACME PRECISION,CNT-99100,Turbo Housing Shell,Injection Molding,active,99100,5200,900,10,2026-07-20 02:00:00,2026-07-20
MX-9201,51.8,35.0,2026-07-20 01:20:00,1,ACME PRECISION,CNT-99100,Turbo Housing Shell,Injection Molding,active,99100,5200,900,10,2026-07-20 02:20:00,2026-07-20
MX-9201,40.1,35.0,2026-07-20 01:40:00,1,ACME PRECISION,CNT-99100,Turbo Housing Shell,Injection Molding,active,99100,5200,900,10,2026-07-20 02:40:00,2026-07-20
MX-9201,57.4,35.0,2026-07-20 02:00:00,1,ACME PRECISION,CNT-99100,Turbo Housing Shell,Injection Molding,active,99100,5200,900,10,2026-07-20 03:00:00,2026-07-20
MX-9201,33.9,35.0,2026-07-20 02:20:00,1,ACME PRECISION,CNT-99100,Turbo Housing Shell,Injection Molding,active,99100,5200,900,10,2026-07-20 03:20:00,2026-07-20
MX-9201,44.3,35.0,2026-07-20 02:40:00,1,ACME PRECISION,CNT-99100,Turbo Housing Shell,Injection Molding,active,99100,5200,900,10,2026-07-20 03:40:00,2026-07-20
MX-9201,40.2,35.0,2026-07-20 03:00:00,1,ACME PRECISION,CNT-99100,Turbo Housing Shell,Injection Molding,active,99100,5200,900,10,2026-07-20 04:00:00,2026-07-20
MX-9201,45.1,35.0,2026-07-20 03:20:00,1,ACME PRECISION,CNT-99100,Turbo Housing Shell,Injection Molding,active,99100,5200,900,10,2026-07-20 04:20:00,2026-07-20
MX-9201,39.2,35.0,2026-07-20 03:40:00,1,ACME PRECISION,CNT-99100,Turbo Housing Shell,Injection Molding,active,99100,5200,900,10,2026-07-20 04:40:00,2026-07-20
MX-9201,39.9,35.0,2026-07-20 04:00:00,1,ACME PRECISION,CNT-99100,Turbo Housing Shell,Injection Molding,active,99100,5200,900,10,2026-07-20 05:00:00,2026-07-20
MX-9201,32.3,35.0,2026-07-20 04:20:00,1,ACME PRECISION,CNT-99100,Turbo Housing Shell,Injection Molding,active,99100,5200,900,10,2026-07-20 05:20:00,2026-07-20
MX-9201,44.4,35.0,2026-07-20 06:00:00,1,ACME PRECISION,CNT-99100,Turbo Housing Shell,Injection Molding,active,99100,5200,900,10,2026-07-20 07:00:00,2026-07-20
MX-9201,35.2,35.0,2026-07-20 06:20:00,1,ACME PRECISION,CNT-99100,Turbo Housing Shell,Injection Molding,active,99100,5200,900,10,2026-07-20 07:20:00,2026-07-20
MX-9201,36.3,35.0,2026-07-20 06:40:00,1,ACME PRECISION,CNT-99100,Turbo Housing Shell,Injection Molding,active,99100,5200,900,10,2026-07-20 07:40:00,2026-07-20
MX-9201,44.2,35.0,2026-07-20 07:00:00,1,ACME PRECISION,CNT-99100,Turbo Housing Shell,Injection Molding,active,99100,5200,900,10,2026-07-20 08:00:00,2026-07-20
MX-9201,43.1,35.0,2026-07-20 07:20:00,1,ACME PRECISION,CNT-99100,Turbo Housing Shell,Injection Molding,active,99100,5200,900,10,2026-07-20 08:20:00,2026-07-20
MX-9201,49.6,35.0,2026-07-20 07:40:00,1,ACME PRECISION,CNT-99100,Turbo Housing Shell,Injection Molding,active,99100,5200,900,10,2026-07-20 08:40:00,2026-07-20
MX-9201,36.1,35.0,2026-07-20 08:00:00,1,ACME PRECISION,CNT-99100,Turbo Housing Shell,Injection Molding,active,99100,5200,900,10,2026-07-20 09:00:00,2026-07-20
MX-9201,46.1,35.0,2026-07-20 08:20:00,1,ACME PRECISION,CNT-99100,Turbo Housing Shell,Injection Molding,active,99100,5200,900,10,2026-07-20 09:20:00,2026-07-20
MX-9201,45.6,35.0,2026-07-20 08:40:00,1,ACME PRECISION,CNT-99100,Turbo Housing Shell,Injection Molding,active,99100,5200,900,10,2026-07-20 09:40:00,2026-07-20
MX-9201,42.0,35.0,2026-07-20 09:00:00,1,ACME PRECISION,CNT-99100,Turbo Housing Shell,Injection Molding,active,99100,5200,900,10,2026-07-20 10:00:00,2026-07-20
MX-9201,39.2,35.0,2026-07-20 09:20:00,1,ACME PRECISION,CNT-99100,Turbo Housing Shell,Injection Molding,active,99100,5200,900,10,2026-07-20 10:20:00,2026-07-20
MX-9201,43.3,35.0,2026-07-20 09:40:00,1,ACME PRECISION,CNT-99100,Turbo Housing Shell,Injection Molding,active,99100,5200,900,10,2026-07-20 10:40:00,2026-07-20
MX-9201,48.8,35.0,2026-07-20 10:00:00,1,ACME PRECISION,CNT-99100,Turbo Housing Shell,Injection Molding,active,99100,5200,900,10,2026-07-20 11:00:00,2026-07-20
MX-9201,41.6,35.0,2026-07-20 10:20:00,1,ACME PRECISION,CNT-99100,Turbo Housing Shell,Injection Molding,active,99100,5200,900,10,2026-07-20 11:20:00,2026-07-20
MX-9201,48.6,35.0,2026-07-20 10:40:00,1,ACME PRECISION,CNT-99100,Turbo Housing Shell,Injection Molding,active,99100,5200,900,10,2026-07-20 11:40:00,2026-07-20
MX-9201,42.2,35.0,2026-07-20 11:00:00,1,ACME PRECISION,CNT-99100,Turbo Housing Shell,Injection Molding,active,99100,5200,900,10,2026-07-20 12:00:00,2026-07-20
MX-9201,53.6,35.0,2026-07-20 11:20:00,1,ACME PRECISION,CNT-99100,Turbo Housing Shell,Injection Molding,active,99100,5200,900,10,2026-07-20 12:20:00,2026-07-20
MX-9201,43.9,35.0,2026-07-20 11:40:00,1,ACME PRECISION,CNT-99100,Turbo Housing Shell,Injection Molding,active,99100,5200,900,10,2026-07-20 12:40:00,2026-07-20
MX-9201,42.8,35.0,2026-07-20 12:00:00,1,ACME PRECISION,CNT-99100,Turbo Housing Shell,Injection Molding,active,99100,5200,900,10,2026-07-20 13:00:00,2026-07-20
MX-9201,34.6,35.0,2026-07-20 12:20:00,1,ACME PRECISION,CNT-99100,Turbo Housing Shell,Injection Molding,active,99100,5200,900,10,2026-07-20 13:20:00,2026-07-20
MX-9201,35.6,35.0,2026-07-20 12:40:00,1,ACME PRECISION,CNT-99100,Turbo Housing Shell,Injection Molding,active,99100,5200,900,10,2026-07-20 13:40:00,2026-07-20
MX-9201,45.9,35.0,2026-07-20 13:00:00,1,ACME PRECISION,CNT-99100,Turbo Housing Shell,Injection Molding,active,99100,5200,900,10,2026-07-20 14:00:00,2026-07-20
MX-9201,42.5,35.0,2026-07-20 13:20:00,1,ACME PRECISION,CNT-99100,Turbo Housing Shell,Injection Molding,active,99100,5200,900,10,2026-07-20 14:20:00,2026-07-20
MX-9201,45.3,35.0,2026-07-20 13:40:00,1,ACME PRECISION,CNT-99100,Turbo Housing Shell,Injection Molding,active,99100,5200,900,10,2026-07-20 14:40:00,2026-07-20
MX-9201,39.9,35.0,2026-07-20 14:00:00,1,ACME PRECISION,CNT-99100,Turbo Housing Shell,Injection Molding,active,99100,5200,900,10,2026-07-20 15:00:00,2026-07-20
MX-9201,42.9,35.0,2026-07-20 14:20:00,1,ACME PRECISION,CNT-99100,Turbo Housing Shell,Injection Molding,active,99100,5200,900,10,2026-07-20 15:20:00,2026-07-20
MX-9201,40.2,35.0,2026-07-20 14:40:00,1,ACME PRECISION,CNT-99100,Turbo Housing Shell,Injection Molding,active,99100,5200,900,10,2026-07-20 15:40:00,2026-07-20
MX-9201,45.4,35.0,2026-07-20 15:00:00,1,ACME PRECISION,CNT-99100,Turbo Housing Shell,Injection Molding,active,99100,5200,900,10,2026-07-20 16:00:00,2026-07-20
MX-9201,42.5,35.0,2026-07-20 15:20:00,1,ACME PRECISION,CNT-99100,Turbo Housing Shell,Injection Molding,active,99100,5200,900,10,2026-07-20 16:20:00,2026-07-20
MX-9201,54.4,35.0,2026-07-20 15:40:00,1,ACME PRECISION,CNT-99100,Turbo Housing Shell,Injection Molding,active,99100,5200,900,10,2026-07-20 16:40:00,2026-07-20
MX-9201,39.8,35.0,2026-07-20 16:00:00,1,ACME PRECISION,CNT-99100,Turbo Housing Shell,Injection Molding,active,99100,5200,900,10,2026-07-20 17:00:00,2026-07-20
MX-9201,50.1,35.0,2026-07-20 16:20:00,1,ACME PRECISION,CNT-99100,Turbo Housing Shell,Injection Molding,active,99100,5200,900,10,2026-07-20 17:20:00,2026-07-20
MX-9201,37.8,35.0,2026-07-20 16:40:00,1,ACME PRECISION,CNT-99100,Turbo Housing Shell,Injection Molding,active,99100,5200,900,10,2026-07-20 17:40:00,2026-07-20
MX-9201,41.1,35.0,2026-07-20 17:00:00,1,ACME PRECISION,CNT-99100,Turbo Housing Shell,Injection Molding,active,99100,5200,900,10,2026-07-20 18:00:00,2026-07-20
MX-9201,39.0,35.0,2026-07-20 17:20:00,1,ACME PRECISION,CNT-99100,Turbo Housing Shell,Injection Molding,active,99100,5200,900,10,2026-07-20 18:20:00,2026-07-20
MX-9201,50.9,35.0,2026-07-20 17:40:00,1,ACME PRECISION,CNT-99100,Turbo Housing Shell,Injection Molding,active,99100,5200,900,10,2026-07-20 18:40:00,2026-07-20
MX-9201,46.2,35.0,2026-07-20 18:00:00,1,ACME PRECISION,CNT-99100,Turbo Housing Shell,Injection Molding,active,99100,5200,900,10,2026-07-20 19:00:00,2026-07-20
MX-9201,44.5,35.0,2026-07-20 18:20:00,1,ACME PRECISION,CNT-99100,Turbo Housing Shell,Injection Molding,active,99100,5200,900,10,2026-07-20 19:20:00,2026-07-20
MX-9201,45.1,35.0,2026-07-20 18:40:00,1,ACME PRECISION,CNT-99100,Turbo Housing Shell,Injection Molding,active,99100,5200,900,10,2026-07-20 19:40:00,2026-07-20
MX-9201,37.6,35.0,2026-07-20 19:00:00,1,ACME PRECISION,CNT-99100,Turbo Housing Shell,Injection Molding,active,99100,5200,900,10,2026-07-20 20:00:00,2026-07-20
MX-9201,51.7,35.0,2026-07-20 19:20:00,1,ACME PRECISION,CNT-99100,Turbo Housing Shell,Injection Molding,active,99100,5200,900,10,2026-07-20 20:20:00,2026-07-20
MX-9201,51.7,35.0,2026-07-20 19:40:00,1,ACME PRECISION,CNT-99100,Turbo Housing Shell,Injection Molding,active,99100,5200,900,10,2026-07-20 20:40:00,2026-07-20
MX-9201,43.6,35.0,2026-07-20 20:00:00,1,ACME PRECISION,CNT-99100,Turbo Housing Shell,Injection Molding,active,99100,5200,900,10,2026-07-20 21:00:00,2026-07-20
MX-9201,43.8,35.0,2026-07-20 20:20:00,1,ACME PRECISION,CNT-99100,Turbo Housing Shell,Injection Molding,active,99100,5200,900,10,2026-07-20 21:20:00,2026-07-20
MX-9201,47.4,35.0,2026-07-20 20:40:00,1,ACME PRECISION,CNT-99100,Turbo Housing Shell,Injection Molding,active,99100,5200,900,10,2026-07-20 21:40:00,2026-07-20
MX-9201,42.8,35.0,2026-07-20 21:00:00,1,ACME PRECISION,CNT-99100,Turbo Housing Shell,Injection Molding,active,99100,5200,900,10,2026-07-20 22:00:00,2026-07-20
MX-9201,42.6,35.0,2026-07-20 21:20:00,1,ACME PRECISION,CNT-99100,Turbo Housing Shell,Injection Molding,active,99100,5200,900,10,2026-07-20 22:20:00,2026-07-20
MX-9201,40.9,35.0,2026-07-20 21:40:00,1,ACME PRECISION,CNT-99100,Turbo Housing Shell,Injection Molding,active,99100,5200,900,10,2026-07-20 22:40:00,2026-07-20
MX-9201,41.8,35.0,2026-07-20 22:00:00,1,ACME PRECISION,CNT-99100,Turbo Housing Shell,Injection Molding,active,99100,5200,900,10,2026-07-20 23:00:00,2026-07-20
MX-9201,41.0,35.0,2026-07-20 22:20:00,1,ACME PRECISION,CNT-99100,Turbo Housing Shell,Injection Molding,active,99100,5200,900,10,2026-07-20 23:20:00,2026-07-20
MX-9201,47.9,35.0,2026-07-20 22:40:00,1,ACME PRECISION,CNT-99100,Turbo Housing Shell,Injection Molding,active,99100,5200,900,10,2026-07-20 23:40:00,2026-07-20
MX-9201,41.9,35.0,2026-07-20 23:00:00,1,ACME PRECISION,CNT-99100,Turbo Housing Shell,Injection Molding,active,99100,5200,900,10,2026-07-21 00:00:00,2026-07-20
MX-9201,41.3,35.0,2026-07-20 23:20:00,1,ACME PRECISION,CNT-99100,Turbo Housing Shell,Injection Molding,active,99100,5200,900,10,2026-07-21 00:20:00,2026-07-20
MX-9201,40.2,35.0,2026-07-20 23:40:00,1,ACME PRECISION,CNT-99100,Turbo Housing Shell,Injection Molding,active,99100,5200,900,10,2026-07-21 00:40:00,2026-07-20
MX-9201,35.2,35.0,2026-07-21 00:00:00,1,ACME PRECISION,CNT-99100,Turbo Housing Shell,Injection Molding,active,99100,5200,900,10,2026-07-21 01:00:00,2026-07-21
MX-9201,52.6,35.0,2026-07-21 00:20:00,1,ACME PRECISION,CNT-99100,Turbo Housing Shell,Injection Molding,active,99100,5200,900,10,2026-07-21 01:20:00,2026-07-21
MX-9201,46.6,35.0,2026-07-21 00:40:00,1,ACME PRECISION,CNT-99100,Turbo Housing Shell,Injection Molding,active,99100,5200,900,10,2026-07-21 01:40:00,2026-07-21
MX-9201,48.7,35.0,2026-07-21 01:00:00,1,ACME PRECISION,CNT-99100,Turbo Housing Shell,Injection Molding,active,99100,5200,900,10,2026-07-21 02:00:00,2026-07-21
MX-9201,40.7,35.0,2026-07-21 01:20:00,1,ACME PRECISION,CNT-99100,Turbo Housing Shell,Injection Molding,active,99100,5200,900,10,2026-07-21 02:20:00,2026-07-21
MX-9201,52.0,35.0,2026-07-21 01:40:00,1,ACME PRECISION,CNT-99100,Turbo Housing Shell,Injection Molding,active,99100,5200,900,10,2026-07-21 02:40:00,2026-07-21
MX-9201,44.6,35.0,2026-07-21 02:00:00,1,ACME PRECISION,CNT-99100,Turbo Housing Shell,Injection Molding,active,99100,5200,900,10,2026-07-21 03:00:00,2026-07-21
MX-9201,52.0,35.0,2026-07-21 02:20:00,1,ACME PRECISION,CNT-99100,Turbo Housing Shell,Injection Molding,active,99100,5200,900,10,2026-07-21 03:20:00,2026-07-21
MX-9201,43.7,35.0,2026-07-21 02:40:00,1,ACME PRECISION,CNT-99100,Turbo Housing Shell,Injection Molding,active,99100,5200,900,10,2026-07-21 03:40:00,2026-07-21
MX-9201,43.5,35.0,2026-07-21 03:00:00,1,ACME PRECISION,CNT-99100,Turbo Housing Shell,Injection Molding,active,99100,5200,900,10,2026-07-21 04:00:00,2026-07-21
MX-9201,40.7,35.0,2026-07-21 03:20:00,1,ACME PRECISION,CNT-99100,Turbo Housing Shell,Injection Molding,active,99100,5200,900,10,2026-07-21 04:20:00,2026-07-21
MX-9201,44.2,35.0,2026-07-21 03:40:00,1,ACME PRECISION,CNT-99100,Turbo Housing Shell,Injection Molding,active,99100,5200,900,10,2026-07-21 04:40:00,2026-07-21
MX-9201,45.0,35.0,2026-07-21 04:00:00,1,ACME PRECISION,CNT-99100,Turbo Housing Shell,Injection Molding,active,99100,5200,900,10,2026-07-21 05:00:00,2026-07-21
MX-9201,52.2,35.0,2026-07-21 04:20:00,1,ACME PRECISION,CNT-99100,Turbo Housing Shell,Injection Molding,active,99100,5200,900,10,2026-07-21 05:20:00,2026-07-21
MX-9201,52.5,35.0,2026-07-21 04:40:00,1,ACME PRECISION,CNT-99100,Turbo Housing Shell,Injection Molding,active,99100,5200,900,10,2026-07-21 05:40:00,2026-07-21
MX-9201,44.3,35.0,2026-07-21 05:00:00,1,ACME PRECISION,CNT-99100,Turbo Housing Shell,Injection Molding,active,99100,5200,900,10,2026-07-21 06:00:00,2026-07-21
MX-9201,50.7,35.0,2026-07-21 05:20:00,1,ACME PRECISION,CNT-99100,Turbo Housing Shell,Injection Molding,active,99100,5200,900,10,2026-07-21 06:20:00,2026-07-21
MX-9201,28.3,35.0,2026-07-21 05:40:00,1,ACME PRECISION,CNT-99100,Turbo Housing Shell,Injection Molding,active,99100,5200,900,10,2026-07-21 06:40:00,2026-07-21
MX-9201,41.1,35.0,2026-07-21 06:00:00,1,ACME PRECISION,CNT-99100,Turbo Housing Shell,Injection Molding,active,99100,5200,900,10,2026-07-21 07:00:00,2026-07-21
MX-9201,45.2,35.0,2026-07-21 06:20:00,1,ACME PRECISION,CNT-99100,Turbo Housing Shell,Injection Molding,active,99100,5200,900,10,2026-07-21 07:20:00,2026-07-21
MX-9201,48.8,35.0,2026-07-21 06:40:00,1,ACME PRECISION,CNT-99100,Turbo Housing Shell,Injection Molding,active,99100,5200,900,10,2026-07-21 07:40:00,2026-07-21
MX-9201,46.2,35.0,2026-07-21 07:00:00,1,ACME PRECISION,CNT-99100,Turbo Housing Shell,Injection Molding,active,99100,5200,900,10,2026-07-21 08:00:00,2026-07-21
MX-9201,43.4,35.0,2026-07-21 07:20:00,1,ACME PRECISION,CNT-99100,Turbo Housing Shell,Injection Molding,active,99100,5200,900,10,2026-07-21 08:20:00,2026-07-21
MX-9201,41.1,35.0,2026-07-21 07:40:00,1,ACME PRECISION,CNT-99100,Turbo Housing Shell,Injection Molding,active,99100,5200,900,10,2026-07-21 08:40:00,2026-07-21
MX-9201,39.2,35.0,2026-07-21 08:00:00,1,ACME PRECISION,CNT-99100,Turbo Housing Shell,Injection Molding,active,99100,5200,900,10,2026-07-21 09:00:00,2026-07-21
MX-9201,54.6,35.0,2026-07-21 08:20:00,1,ACME PRECISION,CNT-99100,Turbo Housing Shell,Injection Molding,active,99100,5200,900,10,2026-07-21 09:20:00,2026-07-21
MX-9201,50.1,35.0,2026-07-21 08:40:00,1,ACME PRECISION,CNT-99100,Turbo Housing Shell,Injection Molding,active,99100,5200,900,10,2026-07-21 09:40:00,2026-07-21
MX-9201,51.2,35.0,2026-07-21 09:00:00,1,ACME PRECISION,CNT-99100,Turbo Housing Shell,Injection Molding,active,99100,5200,900,10,2026-07-21 10:00:00,2026-07-21
MX-9201,43.8,35.0,2026-07-21 09:20:00,1,ACME PRECISION,CNT-99100,Turbo Housing Shell,Injection Molding,active,99100,5200,900,10,2026-07-21 10:20:00,2026-07-21
MX-9201,40.7,35.0,2026-07-21 09:40:00,1,ACME PRECISION,CNT-99100,Turbo Housing Shell,Injection Molding,active,99100,5200,900,10,2026-07-21 10:40:00,2026-07-21
MX-9201,46.9,35.0,2026-07-21 10:00:00,1,ACME PRECISION,CNT-99100,Turbo Housing Shell,Injection Molding,active,99100,5200,900,10,2026-07-21 11:00:00,2026-07-21
MX-9201,43.6,35.0,2026-07-21 10:20:00,1,ACME PRECISION,CNT-99100,Turbo Housing Shell,Injection Molding,active,99100,5200,900,10,2026-07-21 11:20:00,2026-07-21
MX-9201,43.0,35.0,2026-07-21 10:40:00,1,ACME PRECISION,CNT-99100,Turbo Housing Shell,Injection Molding,active,99100,5200,900,10,2026-07-21 11:40:00,2026-07-21
MX-9201,43.6,35.0,2026-07-21 11:00:00,1,ACME PRECISION,CNT-99100,Turbo Housing Shell,Injection Molding,active,99100,5200,900,10,2026-07-21 12:00:00,2026-07-21
MX-9201,40.2,35.0,2026-07-21 11:20:00,1,ACME PRECISION,CNT-99100,Turbo Housing Shell,Injection Molding,active,99100,5200,900,10,2026-07-21 12:20:00,2026-07-21
MX-9201,38.8,35.0,2026-07-21 11:40:00,1,ACME PRECISION,CNT-99100,Turbo Housing Shell,Injection Molding,active,99100,5200,900,10,2026-07-21 12:40:00,2026-07-21
MX-9201,42.4,35.0,2026-07-21 12:00:00,1,ACME PRECISION,CNT-99100,Turbo Housing Shell,Injection Molding,active,99100,5200,900,10,2026-07-21 13:00:00,2026-07-21
MX-9201,35.9,35.0,2026-07-21 12:20:00,1,ACME PRECISION,CNT-99100,Turbo Housing Shell,Injection Molding,active,99100,5200,900,10,2026-07-21 13:20:00,2026-07-21
MX-9201,47.2,35.0,2026-07-21 12:40:00,1,ACME PRECISION,CNT-99100,Turbo Housing Shell,Injection Molding,active,99100,5200,900,10,2026-07-21 13:40:00,2026-07-21
MX-9201,48.5,35.0,2026-07-21 13:00:00,1,ACME PRECISION,CNT-99100,Turbo Housing Shell,Injection Molding,active,99100,5200,900,10,2026-07-21 14:00:00,2026-07-21
MX-9201,39.4,35.0,2026-07-21 13:20:00,1,ACME PRECISION,CNT-99100,Turbo Housing Shell,Injection Molding,active,99100,5200,900,10,2026-07-21 14:20:00,2026-07-21
MX-9201,33.4,35.0,2026-07-21 13:40:00,1,ACME PRECISION,CNT-99100,Turbo Housing Shell,Injection Molding,active,99100,5200,900,10,2026-07-21 14:40:00,2026-07-21
MX-9201,46.0,35.0,2026-07-21 14:00:00,1,ACME PRECISION,CNT-99100,Turbo Housing Shell,Injection Molding,active,99100,5200,900,10,2026-07-21 15:00:00,2026-07-21
MX-9201,45.1,35.0,2026-07-21 14:20:00,1,ACME PRECISION,CNT-99100,Turbo Housing Shell,Injection Molding,active,99100,5200,900,10,2026-07-21 15:20:00,2026-07-21
MX-9201,43.9,35.0,2026-07-21 14:40:00,1,ACME PRECISION,CNT-99100,Turbo Housing Shell,Injection Molding,active,99100,5200,900,10,2026-07-21 15:40:00,2026-07-21
MX-9201,36.2,35.0,2026-07-21 15:00:00,1,ACME PRECISION,CNT-99100,Turbo Housing Shell,Injection Molding,active,99100,5200,900,10,2026-07-21 16:00:00,2026-07-21
MX-9201,32.8,35.0,2026-07-21 15:20:00,1,ACME PRECISION,CNT-99100,Turbo Housing Shell,Injection Molding,active,99100,5200,900,10,2026-07-21 16:20:00,2026-07-21
MX-9201,53.5,35.0,2026-07-21 15:40:00,1,ACME PRECISION,CNT-99100,Turbo Housing Shell,Injection Molding,active,99100,5200,900,10,2026-07-21 16:40:00,2026-07-21
MX-9201,42.5,35.0,2026-07-21 16:00:00,1,ACME PRECISION,CNT-99100,Turbo Housing Shell,Injection Molding,active,99100,5200,900,10,2026-07-21 17:00:00,2026-07-21
MX-9201,46.6,35.0,2026-07-21 16:20:00,1,ACME PRECISION,CNT-99100,Turbo Housing Shell,Injection Molding,active,99100,5200,900,10,2026-07-21 17:20:00,2026-07-21
MX-9201,43.3,35.0,2026-07-21 16:40:00,1,ACME PRECISION,CNT-99100,Turbo Housing Shell,Injection Molding,active,99100,5200,900,10,2026-07-21 17:40:00,2026-07-21
MX-9201,46.1,35.0,2026-07-21 17:00:00,1,ACME PRECISION,CNT-99100,Turbo Housing Shell,Injection Molding,active,99100,5200,900,10,2026-07-21 18:00:00,2026-07-21
MX-9201,36.5,35.0,2026-07-21 17:20:00,1,ACME PRECISION,CNT-99100,Turbo Housing Shell,Injection Molding,active,99100,5200,900,10,2026-07-21 18:20:00,2026-07-21
MX-9201,41.2,35.0,2026-07-21 17:40:00,1,ACME PRECISION,CNT-99100,Turbo Housing Shell,Injection Molding,active,99100,5200,900,10,2026-07-21 18:40:00,2026-07-21
MX-9201,36.0,35.0,2026-07-21 18:00:00,1,ACME PRECISION,CNT-99100,Turbo Housing Shell,Injection Molding,active,99100,5200,900,10,2026-07-21 19:00:00,2026-07-21
MX-9201,37.6,35.0,2026-07-21 18:20:00,1,ACME PRECISION,CNT-99100,Turbo Housing Shell,Injection Molding,active,99100,5200,900,10,2026-07-21 19:20:00,2026-07-21
MX-9201,39.7,35.0,2026-07-21 18:40:00,1,ACME PRECISION,CNT-99100,Turbo Housing Shell,Injection Molding,active,99100,5200,900,10,2026-07-21 19:40:00,2026-07-21
MX-9201,33.5,35.0,2026-07-21 19:00:00,1,ACME PRECISION,CNT-99100,Turbo Housing Shell,Injection Molding,active,99100,5200,900,10,2026-07-21 20:00:00,2026-07-21
MX-9201,41.1,35.0,2026-07-21 19:20:00,1,ACME PRECISION,CNT-99100,Turbo Housing Shell,Injection Molding,active,99100,5200,900,10,2026-07-21 20:20:00,2026-07-21
MX-9201,39.7,35.0,2026-07-21 19:40:00,1,ACME PRECISION,CNT-99100,Turbo Housing Shell,Injection Molding,active,99100,5200,900,10,2026-07-21 20:40:00,2026-07-21
MX-9201,37.0,35.0,2026-07-21 20:00:00,1,ACME PRECISION,CNT-99100,Turbo Housing Shell,Injection Molding,active,99100,5200,900,10,2026-07-21 21:00:00,2026-07-21
MX-9201,43.0,35.0,2026-07-21 20:20:00,1,ACME PRECISION,CNT-99100,Turbo Housing Shell,Injection Molding,active,99100,5200,900,10,2026-07-21 21:20:00,2026-07-21
MX-9201,43.7,35.0,2026-07-21 20:40:00,1,ACME PRECISION,CNT-99100,Turbo Housing Shell,Injection Molding,active,99100,5200,900,10,2026-07-21 21:40:00,2026-07-21
MX-9201,39.0,35.0,2026-07-21 21:00:00,1,ACME PRECISION,CNT-99100,Turbo Housing Shell,Injection Molding,active,99100,5200,900,10,2026-07-21 22:00:00,2026-07-21
MX-9201,55.2,35.0,2026-07-21 21:20:00,1,ACME PRECISION,CNT-99100,Turbo Housing Shell,Injection Molding,active,99100,5200,900,10,2026-07-21 22:20:00,2026-07-21
MX-9201,47.8,35.0,2026-07-21 21:40:00,1,ACME PRECISION,CNT-99100,Turbo Housing Shell,Injection Molding,active,99100,5200,900,10,2026-07-21 22:40:00,2026-07-21
MX-9201,50.1,35.0,2026-07-21 22:00:00,1,ACME PRECISION,CNT-99100,Turbo Housing Shell,Injection Molding,active,99100,5200,900,10,2026-07-21 23:00:00,2026-07-21
MX-9201,41.9,35.0,2026-07-21 22:20:00,1,ACME PRECISION,CNT-99100,Turbo Housing Shell,Injection Molding,active,99100,5200,900,10,2026-07-21 23:20:00,2026-07-21
MX-9201,48.8,35.0,2026-07-21 22:40:00,1,ACME PRECISION,CNT-99100,Turbo Housing Shell,Injection Molding,active,99100,5200,900,10,2026-07-21 23:40:00,2026-07-21
MX-9201,48.1,35.0,2026-07-21 23:00:00,1,ACME PRECISION,CNT-99100,Turbo Housing Shell,Injection Molding,active,99100,5200,900,10,2026-07-22 00:00:00,2026-07-21
MX-9201,38.0,35.0,2026-07-21 23:20:00,1,ACME PRECISION,CNT-99100,Turbo Housing Shell,Injection Molding,active,99100,5200,900,10,2026-07-22 00:20:00,2026-07-21
MX-9201,39.9,35.0,2026-07-21 23:40:00,1,ACME PRECISION,CNT-99100,Turbo Housing Shell,Injection Molding,active,99100,5200,900,10,2026-07-22 00:40:00,2026-07-21
MX-9201,60.3,35.0,2026-07-22 00:00:00,1,ACME PRECISION,CNT-99100,Turbo Housing Shell,Injection Molding,active,99100,5200,900,10,2026-07-22 01:00:00,2026-07-22
MX-9201,41.4,35.0,2026-07-22 00:20:00,1,ACME PRECISION,CNT-99100,Turbo Housing Shell,Injection Molding,active,99100,5200,900,10,2026-07-22 01:20:00,2026-07-22
MX-9201,46.5,35.0,2026-07-22 00:40:00,1,ACME PRECISION,CNT-99100,Turbo Housing Shell,Injection Molding,active,99100,5200,900,10,2026-07-22 01:40:00,2026-07-22
MX-9201,42.5,35.0,2026-07-22 01:00:00,1,ACME PRECISION,CNT-99100,Turbo Housing Shell,Injection Molding,active,99100,5200,900,10,2026-07-22 02:00:00,2026-07-22
MX-9201,48.5,35.0,2026-07-22 01:20:00,1,ACME PRECISION,CNT-99100,Turbo Housing Shell,Injection Molding,active,99100,5200,900,10,2026-07-22 02:20:00,2026-07-22
MX-9201,38.1,35.0,2026-07-22 01:40:00,1,ACME PRECISION,CNT-99100,Turbo Housing Shell,Injection Molding,active,99100,5200,900,10,2026-07-22 02:40:00,2026-07-22
MX-9201,38.0,35.0,2026-07-22 02:00:00,1,ACME PRECISION,CNT-99100,Turbo Housing Shell,Injection Molding,active,99100,5200,900,10,2026-07-22 03:00:00,2026-07-22
MX-9201,50.2,35.0,2026-07-22 02:20:00,1,ACME PRECISION,CNT-99100,Turbo Housing Shell,Injection Molding,active,99100,5200,900,10,2026-07-22 03:20:00,2026-07-22
MX-9201,44.9,35.0,2026-07-22 02:40:00,1,ACME PRECISION,CNT-99100,Turbo Housing Shell,Injection Molding,active,99100,5200,900,10,2026-07-22 03:40:00,2026-07-22
MX-9201,29.7,35.0,2026-07-22 03:00:00,1,ACME PRECISION,CNT-99100,Turbo Housing Shell,Injection Molding,active,99100,5200,900,10,2026-07-22 04:00:00,2026-07-22
MX-9201,43.9,35.0,2026-07-22 03:20:00,1,ACME PRECISION,CNT-99100,Turbo Housing Shell,Injection Molding,active,99100,5200,900,10,2026-07-22 04:20:00,2026-07-22
MX-9201,42.7,35.0,2026-07-22 03:40:00,1,ACME PRECISION,CNT-99100,Turbo Housing Shell,Injection Molding,active,99100,5200,900,10,2026-07-22 04:40:00,2026-07-22
MX-9201,47.8,35.0,2026-07-22 04:00:00,1,ACME PRECISION,CNT-99100,Turbo Housing Shell,Injection Molding,active,99100,5200,900,10,2026-07-22 05:00:00,2026-07-22
MX-9201,45.6,35.0,2026-07-22 04:20:00,1,ACME PRECISION,CNT-99100,Turbo Housing Shell,Injection Molding,active,99100,5200,900,10,2026-07-22 05:20:00,2026-07-22
MX-9201,45.7,35.0,2026-07-22 04:40:00,1,ACME PRECISION,CNT-99100,Turbo Housing Shell,Injection Molding,active,99100,5200,900,10,2026-07-22 05:40:00,2026-07-22
MX-9201,44.2,35.0,2026-07-22 05:00:00,1,ACME PRECISION,CNT-99100,Turbo Housing Shell,Injection Molding,active,99100,5200,900,10,2026-07-22 06:00:00,2026-07-22
MX-9201,45.4,35.0,2026-07-22 05:20:00,1,ACME PRECISION,CNT-99100,Turbo Housing Shell,Injection Molding,active,99100,5200,900,10,2026-07-22 06:20:00,2026-07-22
MX-9201,37.2,35.0,2026-07-22 05:40:00,1,ACME PRECISION,CNT-99100,Turbo Housing Shell,Injection Molding,active,99100,5200,900,10,2026-07-22 06:40:00,2026-07-22
MX-9201,39.1,35.0,2026-07-22 06:00:00,1,ACME PRECISION,CNT-99100,Turbo Housing Shell,Injection Molding,active,99100,5200,900,10,2026-07-22 07:00:00,2026-07-22
MX-9201,38.9,35.0,2026-07-22 06:20:00,1,ACME PRECISION,CNT-99100,Turbo Housing Shell,Injection Molding,active,99100,5200,900,10,2026-07-22 07:20:00,2026-07-22
MX-9201,36.1,35.0,2026-07-22 06:40:00,1,ACME PRECISION,CNT-99100,Turbo Housing Shell,Injection Molding,active,99100,5200,900,10,2026-07-22 07:40:00,2026-07-22
MX-9201,48.2,35.0,2026-07-22 07:00:00,1,ACME PRECISION,CNT-99100,Turbo Housing Shell,Injection Molding,active,99100,5200,900,10,2026-07-22 08:00:00,2026-07-22
MX-9201,49.9,35.0,2026-07-22 07:20:00,1,ACME PRECISION,CNT-99100,Turbo Housing Shell,Injection Molding,active,99100,5200,900,10,2026-07-22 08:20:00,2026-07-22
MX-9201,47.2,35.0,2026-07-22 07:40:00,1,ACME PRECISION,CNT-99100,Turbo Housing Shell,Injection Molding,active,99100,5200,900,10,2026-07-22 08:40:00,2026-07-22
MX-9201,40.3,35.0,2026-07-22 08:00:00,1,ACME PRECISION,CNT-99100,Turbo Housing Shell,Injection Molding,active,99100,5200,900,10,2026-07-22 09:00:00,2026-07-22
MX-9201,40.7,35.0,2026-07-22 08:20:00,1,ACME PRECISION,CNT-99100,Turbo Housing Shell,Injection Molding,active,99100,5200,900,10,2026-07-22 09:20:00,2026-07-22
MX-9201,41.2,35.0,2026-07-22 08:40:00,1,ACME PRECISION,CNT-99100,Turbo Housing Shell,Injection Molding,active,99100,5200,900,10,2026-07-22 09:40:00,2026-07-22
MX-9201,50.1,35.0,2026-07-22 09:00:00,1,ACME PRECISION,CNT-99100,Turbo Housing Shell,Injection Molding,active,99100,5200,900,10,2026-07-22 10:00:00,2026-07-22
MX-9201,46.7,35.0,2026-07-22 09:20:00,1,ACME PRECISION,CNT-99100,Turbo Housing Shell,Injection Molding,active,99100,5200,900,10,2026-07-22 10:20:00,2026-07-22
MX-9201,53.6,35.0,2026-07-22 09:40:00,1,ACME PRECISION,CNT-99100,Turbo Housing Shell,Injection Molding,active,99100,5200,900,10,2026-07-22 10:40:00,2026-07-22
MX-9201,38.2,35.0,2026-07-22 10:00:00,1,ACME PRECISION,CNT-99100,Turbo Housing Shell,Injection Molding,active,99100,5200,900,10,2026-07-22 11:00:00,2026-07-22
MX-9201,42.5,35.0,2026-07-22 10:20:00,1,ACME PRECISION,CNT-99100,Turbo Housing Shell,Injection Molding,active,99100,5200,900,10,2026-07-22 11:20:00,2026-07-22
MX-9201,36.6,35.0,2026-07-22 10:40:00,1,ACME PRECISION,CNT-99100,Turbo Housing Shell,Injection Molding,active,99100,5200,900,10,2026-07-22 11:40:00,2026-07-22
MX-9201,35.7,35.0,2026-07-22 11:00:00,1,ACME PRECISION,CNT-99100,Turbo Housing Shell,Injection Molding,active,99100,5200,900,10,2026-07-22 12:00:00,2026-07-22
MX-9201,42.9,35.0,2026-07-22 11:20:00,1,ACME PRECISION,CNT-99100,Turbo Housing Shell,Injection Molding,active,99100,5200,900,10,2026-07-22 12:20:00,2026-07-22
MX-9201,41.8,35.0,2026-07-22 11:40:00,1,ACME PRECISION,CNT-99100,Turbo Housing Shell,Injection Molding,active,99100,5200,900,10,2026-07-22 12:40:00,2026-07-22
MX-9201,40.8,35.0,2026-07-22 12:00:00,1,ACME PRECISION,CNT-99100,Turbo Housing Shell,Injection Molding,active,99100,5200,900,10,2026-07-22 13:00:00,2026-07-22
MX-9201,35.0,35.0,2026-07-22 12:20:00,1,ACME PRECISION,CNT-99100,Turbo Housing Shell,Injection Molding,active,99100,5200,900,10,2026-07-22 13:20:00,2026-07-22
MX-9201,44.9,35.0,2026-07-22 12:40:00,1,ACME PRECISION,CNT-99100,Turbo Housing Shell,Injection Molding,active,99100,5200,900,10,2026-07-22 13:40:00,2026-07-22
MX-9201,42.1,35.0,2026-07-22 13:00:00,1,ACME PRECISION,CNT-99100,Turbo Housing Shell,Injection Molding,active,99100,5200,900,10,2026-07-22 14:00:00,2026-07-22
MX-9201,49.0,35.0,2026-07-22 13:20:00,1,ACME PRECISION,CNT-99100,Turbo Housing Shell,Injection Molding,active,99100,5200,900,10,2026-07-22 14:20:00,2026-07-22
MX-9201,46.9,35.0,2026-07-22 13:40:00,1,ACME PRECISION,CNT-99100,Turbo Housing Shell,Injection Molding,active,99100,5200,900,10,2026-07-22 14:40:00,2026-07-22
MX-9201,36.3,35.0,2026-07-22 14:00:00,1,ACME PRECISION,CNT-99100,Turbo Housing Shell,Injection Molding,active,99100,5200,900,10,2026-07-22 15:00:00,2026-07-22
MX-9201,46.0,35.0,2026-07-22 14:20:00,1,ACME PRECISION,CNT-99100,Turbo Housing Shell,Injection Molding,active,99100,5200,900,10,2026-07-22 15:20:00,2026-07-22
MX-9201,40.3,35.0,2026-07-22 14:40:00,1,ACME PRECISION,CNT-99100,Turbo Housing Shell,Injection Molding,active,99100,5200,900,10,2026-07-22 15:40:00,2026-07-22
MX-9201,52.5,35.0,2026-07-22 15:00:00,1,ACME PRECISION,CNT-99100,Turbo Housing Shell,Injection Molding,active,99100,5200,900,10,2026-07-22 16:00:00,2026-07-22
MX-9201,43.6,35.0,2026-07-22 15:20:00,1,ACME PRECISION,CNT-99100,Turbo Housing Shell,Injection Molding,active,99100,5200,900,10,2026-07-22 16:20:00,2026-07-22
MX-9201,40.9,35.0,2026-07-22 15:40:00,1,ACME PRECISION,CNT-99100,Turbo Housing Shell,Injection Molding,active,99100,5200,900,10,2026-07-22 16:40:00,2026-07-22
MX-9201,41.4,35.0,2026-07-22 16:00:00,1,ACME PRECISION,CNT-99100,Turbo Housing Shell,Injection Molding,active,99100,5200,900,10,2026-07-22 17:00:00,2026-07-22
MX-9201,35.2,35.0,2026-07-22 16:20:00,1,ACME PRECISION,CNT-99100,Turbo Housing Shell,Injection Molding,active,99100,5200,900,10,2026-07-22 17:20:00,2026-07-22
MX-9201,51.0,35.0,2026-07-22 16:40:00,1,ACME PRECISION,CNT-99100,Turbo Housing Shell,Injection Molding,active,99100,5200,900,10,2026-07-22 17:40:00,2026-07-22
MX-9201,55.8,35.0,2026-07-22 17:00:00,1,ACME PRECISION,CNT-99100,Turbo Housing Shell,Injection Molding,active,99100,5200,900,10,2026-07-22 18:00:00,2026-07-22
MX-9201,33.9,35.0,2026-07-22 17:20:00,1,ACME PRECISION,CNT-99100,Turbo Housing Shell,Injection Molding,active,99100,5200,900,10,2026-07-22 18:20:00,2026-07-22
MX-9201,42.3,35.0,2026-07-22 17:40:00,1,ACME PRECISION,CNT-99100,Turbo Housing Shell,Injection Molding,active,99100,5200,900,10,2026-07-22 18:40:00,2026-07-22
MX-9201,43.1,35.0,2026-07-22 18:00:00,1,ACME PRECISION,CNT-99100,Turbo Housing Shell,Injection Molding,active,99100,5200,900,10,2026-07-22 19:00:00,2026-07-22
MX-9201,40.4,35.0,2026-07-22 18:20:00,1,ACME PRECISION,CNT-99100,Turbo Housing Shell,Injection Molding,active,99100,5200,900,10,2026-07-22 19:20:00,2026-07-22
MX-9201,50.7,35.0,2026-07-22 18:40:00,1,ACME PRECISION,CNT-99100,Turbo Housing Shell,Injection Molding,active,99100,5200,900,10,2026-07-22 19:40:00,2026-07-22
MX-9201,50.8,35.0,2026-07-22 19:00:00,1,ACME PRECISION,CNT-99100,Turbo Housing Shell,Injection Molding,active,99100,5200,900,10,2026-07-22 20:00:00,2026-07-22
MX-9201,42.4,35.0,2026-07-22 19:20:00,1,ACME PRECISION,CNT-99100,Turbo Housing Shell,Injection Molding,active,99100,5200,900,10,2026-07-22 20:20:00,2026-07-22
MX-9201,55.5,35.0,2026-07-22 19:40:00,1,ACME PRECISION,CNT-99100,Turbo Housing Shell,Injection Molding,active,99100,5200,900,10,2026-07-22 20:40:00,2026-07-22
MX-9201,43.9,35.0,2026-07-22 20:00:00,1,ACME PRECISION,CNT-99100,Turbo Housing Shell,Injection Molding,active,99100,5200,900,10,2026-07-22 21:00:00,2026-07-22
MX-9201,42.4,35.0,2026-07-22 20:20:00,1,ACME PRECISION,CNT-99100,Turbo Housing Shell,Injection Molding,active,99100,5200,900,10,2026-07-22 21:20:00,2026-07-22
MX-9201,45.3,35.0,2026-07-22 20:40:00,1,ACME PRECISION,CNT-99100,Turbo Housing Shell,Injection Molding,active,99100,5200,900,10,2026-07-22 21:40:00,2026-07-22
MX-9201,39.5,35.0,2026-07-22 21:00:00,1,ACME PRECISION,CNT-99100,Turbo Housing Shell,Injection Molding,active,99100,5200,900,10,2026-07-22 22:00:00,2026-07-22
MX-9201,52.0,35.0,2026-07-22 21:20:00,1,ACME PRECISION,CNT-99100,Turbo Housing Shell,Injection Molding,active,99100,5200,900,10,2026-07-22 22:20:00,2026-07-22
MX-9201,47.3,35.0,2026-07-22 21:40:00,1,ACME PRECISION,CNT-99100,Turbo Housing Shell,Injection Molding,active,99100,5200,900,10,2026-07-22 22:40:00,2026-07-22
MX-9201,41.7,35.0,2026-07-22 22:00:00,1,ACME PRECISION,CNT-99100,Turbo Housing Shell,Injection Molding,active,99100,5200,900,10,2026-07-22 23:00:00,2026-07-22
MX-9201,42.7,35.0,2026-07-22 22:20:00,1,ACME PRECISION,CNT-99100,Turbo Housing Shell,Injection Molding,active,99100,5200,900,10,2026-07-22 23:20:00,2026-07-22
MX-9201,38.6,35.0,2026-07-22 22:40:00,1,ACME PRECISION,CNT-99100,Turbo Housing Shell,Injection Molding,active,99100,5200,900,10,2026-07-22 23:40:00,2026-07-22
MX-9201,45.2,35.0,2026-07-22 23:00:00,1,ACME PRECISION,CNT-99100,Turbo Housing Shell,Injection Molding,active,99100,5200,900,10,2026-07-23 00:00:00,2026-07-22
MX-9201,36.4,35.0,2026-07-22 23:20:00,1,ACME PRECISION,CNT-99100,Turbo Housing Shell,Injection Molding,active,99100,5200,900,10,2026-07-23 00:20:00,2026-07-22
MX-9201,43.8,35.0,2026-07-22 23:40:00,1,ACME PRECISION,CNT-99100,Turbo Housing Shell,Injection Molding,active,99100,5200,900,10,2026-07-23 00:40:00,2026-07-22
MX-9201,40.8,35.0,2026-07-23 00:00:00,1,ACME PRECISION,CNT-99100,Turbo Housing Shell,Injection Molding,active,99100,5200,900,10,2026-07-23 01:00:00,2026-07-23
MX-9201,47.0,35.0,2026-07-23 00:20:00,1,ACME PRECISION,CNT-99100,Turbo Housing Shell,Injection Molding,active,99100,5200,900,10,2026-07-23 01:20:00,2026-07-23
MX-9201,49.7,35.0,2026-07-23 00:40:00,1,ACME PRECISION,CNT-99100,Turbo Housing Shell,Injection Molding,active,99100,5200,900,10,2026-07-23 01:40:00,2026-07-23
MX-9201,48.2,35.0,2026-07-23 01:00:00,1,ACME PRECISION,CNT-99100,Turbo Housing Shell,Injection Molding,active,99100,5200,900,10,2026-07-23 02:00:00,2026-07-23
MX-9201,43.1,35.0,2026-07-23 01:20:00,1,ACME PRECISION,CNT-99100,Turbo Housing Shell,Injection Molding,active,99100,5200,900,10,2026-07-23 02:20:00,2026-07-23
MX-9201,39.7,35.0,2026-07-23 01:40:00,1,ACME PRECISION,CNT-99100,Turbo Housing Shell,Injection Molding,active,99100,5200,900,10,2026-07-23 02:40:00,2026-07-23
MX-9201,42.0,35.0,2026-07-23 02:00:00,1,ACME PRECISION,CNT-99100,Turbo Housing Shell,Injection Molding,active,99100,5200,900,10,2026-07-23 03:00:00,2026-07-23
MX-9201,43.7,35.0,2026-07-23 02:20:00,1,ACME PRECISION,CNT-99100,Turbo Housing Shell,Injection Molding,active,99100,5200,900,10,2026-07-23 03:20:00,2026-07-23
MX-9201,46.5,35.0,2026-07-23 02:40:00,1,ACME PRECISION,CNT-99100,Turbo Housing Shell,Injection Molding,active,99100,5200,900,10,2026-07-23 03:40:00,2026-07-23
MX-9201,40.5,35.0,2026-07-23 03:00:00,1,ACME PRECISION,CNT-99100,Turbo Housing Shell,Injection Molding,active,99100,5200,900,10,2026-07-23 04:00:00,2026-07-23
MX-9201,38.2,35.0,2026-07-23 03:20:00,1,ACME PRECISION,CNT-99100,Turbo Housing Shell,Injection Molding,active,99100,5200,900,10,2026-07-23 04:20:00,2026-07-23
MX-9201,44.7,35.0,2026-07-23 03:40:00,1,ACME PRECISION,CNT-99100,Turbo Housing Shell,Injection Molding,active,99100,5200,900,10,2026-07-23 04:40:00,2026-07-23
MX-9201,51.5,35.0,2026-07-23 04:00:00,1,ACME PRECISION,CNT-99100,Turbo Housing Shell,Injection Molding,active,99100,5200,900,10,2026-07-23 05:00:00,2026-07-23
MX-9201,54.4,35.0,2026-07-23 04:20:00,1,ACME PRECISION,CNT-99100,Turbo Housing Shell,Injection Molding,active,99100,5200,900,10,2026-07-23 05:20:00,2026-07-23
MX-9201,48.3,35.0,2026-07-23 04:40:00,1,ACME PRECISION,CNT-99100,Turbo Housing Shell,Injection Molding,active,99100,5200,900,10,2026-07-23 05:40:00,2026-07-23
MX-9201,38.1,35.0,2026-07-23 05:00:00,1,ACME PRECISION,CNT-99100,Turbo Housing Shell,Injection Molding,active,99100,5200,900,10,2026-07-23 06:00:00,2026-07-23
MX-9201,51.8,35.0,2026-07-23 05:20:00,1,ACME PRECISION,CNT-99100,Turbo Housing Shell,Injection Molding,active,99100,5200,900,10,2026-07-23 06:20:00,2026-07-23
MX-9201,38.9,35.0,2026-07-23 05:40:00,1,ACME PRECISION,CNT-99100,Turbo Housing Shell,Injection Molding,active,99100,5200,900,10,2026-07-23 06:40:00,2026-07-23
MX-9201,39.4,35.0,2026-07-23 06:00:00,1,ACME PRECISION,CNT-99100,Turbo Housing Shell,Injection Molding,active,99100,5200,900,10,2026-07-23 07:00:00,2026-07-23
MX-9201,46.2,35.0,2026-07-23 06:20:00,1,ACME PRECISION,CNT-99100,Turbo Housing Shell,Injection Molding,active,99100,5200,900,10,2026-07-23 07:20:00,2026-07-23
MX-9201,35.9,35.0,2026-07-23 06:40:00,1,ACME PRECISION,CNT-99100,Turbo Housing Shell,Injection Molding,active,99100,5200,900,10,2026-07-23 07:40:00,2026-07-23
MX-9201,48.3,35.0,2026-07-23 07:00:00,1,ACME PRECISION,CNT-99100,Turbo Housing Shell,Injection Molding,active,99100,5200,900,10,2026-07-23 08:00:00,2026-07-23
MX-9201,43.4,35.0,2026-07-23 07:20:00,1,ACME PRECISION,CNT-99100,Turbo Housing Shell,Injection Molding,active,99100,5200,900,10,2026-07-23 08:20:00,2026-07-23
MX-9201,46.0,35.0,2026-07-23 07:40:00,1,ACME PRECISION,CNT-99100,Turbo Housing Shell,Injection Molding,active,99100,5200,900,10,2026-07-23 08:40:00,2026-07-23
MX-9201,39.1,35.0,2026-07-23 08:00:00,1,ACME PRECISION,CNT-99100,Turbo Housing Shell,Injection Molding,active,99100,5200,900,10,2026-07-23 09:00:00,2026-07-23
MX-9201,48.6,35.0,2026-07-23 08:20:00,1,ACME PRECISION,CNT-99100,Turbo Housing Shell,Injection Molding,active,99100,5200,900,10,2026-07-23 09:20:00,2026-07-23
MX-9201,46.7,35.0,2026-07-23 08:40:00,1,ACME PRECISION,CNT-99100,Turbo Housing Shell,Injection Molding,active,99100,5200,900,10,2026-07-23 09:40:00,2026-07-23
MX-9201,41.7,35.0,2026-07-23 09:00:00,1,ACME PRECISION,CNT-99100,Turbo Housing Shell,Injection Molding,active,99100,5200,900,10,2026-07-23 10:00:00,2026-07-23
MX-9201,49.1,35.0,2026-07-23 09:20:00,1,ACME PRECISION,CNT-99100,Turbo Housing Shell,Injection Molding,active,99100,5200,900,10,2026-07-23 10:20:00,2026-07-23
MX-9201,28.6,35.0,2026-07-23 09:40:00,1,ACME PRECISION,CNT-99100,Turbo Housing Shell,Injection Molding,active,99100,5200,900,10,2026-07-23 10:40:00,2026-07-23
MX-9201,45.8,35.0,2026-07-23 10:00:00,1,ACME PRECISION,CNT-99100,Turbo Housing Shell,Injection Molding,active,99100,5200,900,10,2026-07-23 11:00:00,2026-07-23
MX-9201,43.1,35.0,2026-07-23 10:20:00,1,ACME PRECISION,CNT-99100,Turbo Housing Shell,Injection Molding,active,99100,5200,900,10,2026-07-23 11:20:00,2026-07-23
MX-9201,39.2,35.0,2026-07-23 10:40:00,1,ACME PRECISION,CNT-99100,Turbo Housing Shell,Injection Molding,active,99100,5200,900,10,2026-07-23 11:40:00,2026-07-23
MX-9201,44.8,35.0,2026-07-23 11:00:00,1,ACME PRECISION,CNT-99100,Turbo Housing Shell,Injection Molding,active,99100,5200,900,10,2026-07-23 12:00:00,2026-07-23
MX-9201,46.6,35.0,2026-07-23 11:20:00,1,ACME PRECISION,CNT-99100,Turbo Housing Shell,Injection Molding,active,99100,5200,900,10,2026-07-23 12:20:00,2026-07-23
MX-9201,39.6,35.0,2026-07-23 11:40:00,1,ACME PRECISION,CNT-99100,Turbo Housing Shell,Injection Molding,active,99100,5200,900,10,2026-07-23 12:40:00,2026-07-23
MX-9201,43.1,35.0,2026-07-23 12:00:00,1,ACME PRECISION,CNT-99100,Turbo Housing Shell,Injection Molding,active,99100,5200,900,10,2026-07-23 13:00:00,2026-07-23
MX-9201,43.5,35.0,2026-07-23 12:20:00,1,ACME PRECISION,CNT-99100,Turbo Housing Shell,Injection Molding,active,99100,5200,900,10,2026-07-23 13:20:00,2026-07-23
MX-9201,46.0,35.0,2026-07-23 12:40:00,1,ACME PRECISION,CNT-99100,Turbo Housing Shell,Injection Molding,active,99100,5200,900,10,2026-07-23 13:40:00,2026-07-23
MX-9201,50.7,35.0,2026-07-23 13:00:00,1,ACME PRECISION,CNT-99100,Turbo Housing Shell,Injection Molding,active,99100,5200,900,10,2026-07-23 14:00:00,2026-07-23
MX-9201,41.1,35.0,2026-07-23 13:20:00,1,ACME PRECISION,CNT-99100,Turbo Housing Shell,Injection Molding,active,99100,5200,900,10,2026-07-23 14:20:00,2026-07-23
MX-9201,51.2,35.0,2026-07-23 13:40:00,1,ACME PRECISION,CNT-99100,Turbo Housing Shell,Injection Molding,active,99100,5200,900,10,2026-07-23 14:40:00,2026-07-23
MX-9201,36.3,35.0,2026-07-23 14:00:00,1,ACME PRECISION,CNT-99100,Turbo Housing Shell,Injection Molding,active,99100,5200,900,10,2026-07-23 15:00:00,2026-07-23
MX-9201,45.5,35.0,2026-07-23 14:20:00,1,ACME PRECISION,CNT-99100,Turbo Housing Shell,Injection Molding,active,99100,5200,900,10,2026-07-23 15:20:00,2026-07-23
MX-9201,34.0,35.0,2026-07-23 14:40:00,1,ACME PRECISION,CNT-99100,Turbo Housing Shell,Injection Molding,active,99100,5200,900,10,2026-07-23 15:40:00,2026-07-23
MX-9201,44.2,35.0,2026-07-23 15:00:00,1,ACME PRECISION,CNT-99100,Turbo Housing Shell,Injection Molding,active,99100,5200,900,10,2026-07-23 16:00:00,2026-07-23
MX-9201,47.9,35.0,2026-07-23 15:20:00,1,ACME PRECISION,CNT-99100,Turbo Housing Shell,Injection Molding,active,99100,5200,900,10,2026-07-23 16:20:00,2026-07-23
MX-9201,55.3,35.0,2026-07-23 15:40:00,1,ACME PRECISION,CNT-99100,Turbo Housing Shell,Injection Molding,active,99100,5200,900,10,2026-07-23 16:40:00,2026-07-23
MX-9201,44.0,35.0,2026-07-23 16:00:00,1,ACME PRECISION,CNT-99100,Turbo Housing Shell,Injection Molding,active,99100,5200,900,10,2026-07-23 17:00:00,2026-07-23
MX-9201,39.5,35.0,2026-07-23 16:20:00,1,ACME PRECISION,CNT-99100,Turbo Housing Shell,Injection Molding,active,99100,5200,900,10,2026-07-23 17:20:00,2026-07-23
MX-9201,49.6,35.0,2026-07-23 16:40:00,1,ACME PRECISION,CNT-99100,Turbo Housing Shell,Injection Molding,active,99100,5200,900,10,2026-07-23 17:40:00,2026-07-23
MX-9201,44.0,35.0,2026-07-23 17:00:00,1,ACME PRECISION,CNT-99100,Turbo Housing Shell,Injection Molding,active,99100,5200,900,10,2026-07-23 18:00:00,2026-07-23
MX-9201,44.3,35.0,2026-07-23 17:20:00,1,ACME PRECISION,CNT-99100,Turbo Housing Shell,Injection Molding,active,99100,5200,900,10,2026-07-23 18:20:00,2026-07-23
MX-9201,49.0,35.0,2026-07-23 17:40:00,1,ACME PRECISION,CNT-99100,Turbo Housing Shell,Injection Molding,active,99100,5200,900,10,2026-07-23 18:40:00,2026-07-23
MX-9201,50.0,35.0,2026-07-23 18:00:00,1,ACME PRECISION,CNT-99100,Turbo Housing Shell,Injection Molding,active,99100,5200,900,10,2026-07-23 19:00:00,2026-07-23
MX-9201,33.9,35.0,2026-07-23 18:20:00,1,ACME PRECISION,CNT-99100,Turbo Housing Shell,Injection Molding,active,99100,5200,900,10,2026-07-23 19:20:00,2026-07-23
MX-9201,44.0,35.0,2026-07-23 18:40:00,1,ACME PRECISION,CNT-99100,Turbo Housing Shell,Injection Molding,active,99100,5200,900,10,2026-07-23 19:40:00,2026-07-23
MX-9201,43.7,35.0,2026-07-23 19:00:00,1,ACME PRECISION,CNT-99100,Turbo Housing Shell,Injection Molding,active,99100,5200,900,10,2026-07-23 20:00:00,2026-07-23
MX-9201,37.7,35.0,2026-07-23 19:20:00,1,ACME PRECISION,CNT-99100,Turbo Housing Shell,Injection Molding,active,99100,5200,900,10,2026-07-23 20:20:00,2026-07-23
MX-9201,34.5,35.0,2026-07-23 19:40:00,1,ACME PRECISION,CNT-99100,Turbo Housing Shell,Injection Molding,active,99100,5200,900,10,2026-07-23 20:40:00,2026-07-23
MX-9201,43.4,35.0,2026-07-23 20:00:00,1,ACME PRECISION,CNT-99100,Turbo Housing Shell,Injection Molding,active,99100,5200,900,10,2026-07-23 21:00:00,2026-07-23
MX-9201,41.1,35.0,2026-07-23 20:20:00,1,ACME PRECISION,CNT-99100,Turbo Housing Shell,Injection Molding,active,99100,5200,900,10,2026-07-23 21:20:00,2026-07-23
MX-9201,39.6,35.0,2026-07-23 20:40:00,1,ACME PRECISION,CNT-99100,Turbo Housing Shell,Injection Molding,active,99100,5200,900,10,2026-07-23 21:40:00,2026-07-23
MX-9201,43.0,35.0,2026-07-23 21:00:00,1,ACME PRECISION,CNT-99100,Turbo Housing Shell,Injection Molding,active,99100,5200,900,10,2026-07-23 22:00:00,2026-07-23
MX-9201,41.8,35.0,2026-07-23 21:20:00,1,ACME PRECISION,CNT-99100,Turbo Housing Shell,Injection Molding,active,99100,5200,900,10,2026-07-23 22:20:00,2026-07-23
MX-9201,43.9,35.0,2026-07-23 21:40:00,1,ACME PRECISION,CNT-99100,Turbo Housing Shell,Injection Molding,active,99100,5200,900,10,2026-07-23 22:40:00,2026-07-23
MX-9201,52.7,35.0,2026-07-23 22:00:00,1,ACME PRECISION,CNT-99100,Turbo Housing Shell,Injection Molding,active,99100,5200,900,10,2026-07-23 23:00:00,2026-07-23
MX-9201,43.6,35.0,2026-07-23 22:20:00,1,ACME PRECISION,CNT-99100,Turbo Housing Shell,Injection Molding,active,99100,5200,900,10,2026-07-23 23:20:00,2026-07-23
MX-9201,54.4,35.0,2026-07-23 22:40:00,1,ACME PRECISION,CNT-99100,Turbo Housing Shell,Injection Molding,active,99100,5200,900,10,2026-07-23 23:40:00,2026-07-23
MX-9201,50.8,35.0,2026-07-23 23:00:00,1,ACME PRECISION,CNT-99100,Turbo Housing Shell,Injection Molding,active,99100,5200,900,10,2026-07-24 00:00:00,2026-07-23
MX-9201,49.3,35.0,2026-07-23 23:20:00,1,ACME PRECISION,CNT-99100,Turbo Housing Shell,Injection Molding,active,99100,5200,900,10,2026-07-24 00:20:00,2026-07-23
MX-9201,39.6,35.0,2026-07-23 23:40:00,1,ACME PRECISION,CNT-99100,Turbo Housing Shell,Injection Molding,active,99100,5200,900,10,2026-07-24 00:40:00,2026-07-23
MX-9201,42.1,35.0,2026-07-24 00:00:00,1,ACME PRECISION,CNT-99100,Turbo Housing Shell,Injection Molding,active,99100,5200,900,10,2026-07-24 01:00:00,2026-07-24
MX-9201,38.5,35.0,2026-07-24 00:20:00,1,ACME PRECISION,CNT-99100,Turbo Housing Shell,Injection Molding,active,99100,5200,900,10,2026-07-24 01:20:00,2026-07-24
MX-9201,46.1,35.0,2026-07-24 00:40:00,1,ACME PRECISION,CNT-99100,Turbo Housing Shell,Injection Molding,active,99100,5200,900,10,2026-07-24 01:40:00,2026-07-24
MX-9201,43.4,35.0,2026-07-24 01:00:00,1,ACME PRECISION,CNT-99100,Turbo Housing Shell,Injection Molding,active,99100,5200,900,10,2026-07-24 02:00:00,2026-07-24
MX-9201,46.3,35.0,2026-07-24 01:20:00,1,ACME PRECISION,CNT-99100,Turbo Housing Shell,Injection Molding,active,99100,5200,900,10,2026-07-24 02:20:00,2026-07-24
MX-9201,45.5,35.0,2026-07-24 01:40:00,1,ACME PRECISION,CNT-99100,Turbo Housing Shell,Injection Molding,active,99100,5200,900,10,2026-07-24 02:40:00,2026-07-24
MX-9201,44.7,35.0,2026-07-24 02:00:00,1,ACME PRECISION,CNT-99100,Turbo Housing Shell,Injection Molding,active,99100,5200,900,10,2026-07-24 03:00:00,2026-07-24
MX-9201,41.7,35.0,2026-07-24 02:20:00,1,ACME PRECISION,CNT-99100,Turbo Housing Shell,Injection Molding,active,99100,5200,900,10,2026-07-24 03:20:00,2026-07-24
MX-9201,38.2,35.0,2026-07-24 02:40:00,1,ACME PRECISION,CNT-99100,Turbo Housing Shell,Injection Molding,active,99100,5200,900,10,2026-07-24 03:40:00,2026-07-24
MX-9201,41.2,35.0,2026-07-24 03:00:00,1,ACME PRECISION,CNT-99100,Turbo Housing Shell,Injection Molding,active,99100,5200,900,10,2026-07-24 04:00:00,2026-07-24
MX-9201,47.8,35.0,2026-07-24 03:20:00,1,ACME PRECISION,CNT-99100,Turbo Housing Shell,Injection Molding,active,99100,5200,900,10,2026-07-24 04:20:00,2026-07-24
MX-9201,42.8,35.0,2026-07-24 03:40:00,1,ACME PRECISION,CNT-99100,Turbo Housing Shell,Injection Molding,active,99100,5200,900,10,2026-07-24 04:40:00,2026-07-24
MX-9201,43.4,35.0,2026-07-24 04:00:00,1,ACME PRECISION,CNT-99100,Turbo Housing Shell,Injection Molding,active,99100,5200,900,10,2026-07-24 05:00:00,2026-07-24
MX-9201,48.7,35.0,2026-07-24 04:20:00,1,ACME PRECISION,CNT-99100,Turbo Housing Shell,Injection Molding,active,99100,5200,900,10,2026-07-24 05:20:00,2026-07-24
MX-9201,46.5,35.0,2026-07-24 04:40:00,1,ACME PRECISION,CNT-99100,Turbo Housing Shell,Injection Molding,active,99100,5200,900,10,2026-07-24 05:40:00,2026-07-24
MX-9201,35.4,35.0,2026-07-24 05:00:00,1,ACME PRECISION,CNT-99100,Turbo Housing Shell,Injection Molding,active,99100,5200,900,10,2026-07-24 06:00:00,2026-07-24
MX-9201,43.3,35.0,2026-07-24 05:20:00,1,ACME PRECISION,CNT-99100,Turbo Housing Shell,Injection Molding,active,99100,5200,900,10,2026-07-24 06:20:00,2026-07-24
MX-9201,38.8,35.0,2026-07-24 05:40:00,1,ACME PRECISION,CNT-99100,Turbo Housing Shell,Injection Molding,active,99100,5200,900,10,2026-07-24 06:40:00,2026-07-24
MX-9201,43.4,35.0,2026-07-24 06:00:00,1,ACME PRECISION,CNT-99100,Turbo Housing Shell,Injection Molding,active,99100,5200,900,10,2026-07-24 07:00:00,2026-07-24
MX-9201,46.0,35.0,2026-07-24 06:20:00,1,ACME PRECISION,CNT-99100,Turbo Housing Shell,Injection Molding,active,99100,5200,900,10,2026-07-24 07:20:00,2026-07-24
MX-9201,46.6,35.0,2026-07-24 06:40:00,1,ACME PRECISION,CNT-99100,Turbo Housing Shell,Injection Molding,active,99100,5200,900,10,2026-07-24 07:40:00,2026-07-24
MX-9201,53.2,35.0,2026-07-24 07:00:00,1,ACME PRECISION,CNT-99100,Turbo Housing Shell,Injection Molding,active,99100,5200,900,10,2026-07-24 08:00:00,2026-07-24
MX-9201,40.9,35.0,2026-07-24 07:20:00,1,ACME PRECISION,CNT-99100,Turbo Housing Shell,Injection Molding,active,99100,5200,900,10,2026-07-24 08:20:00,2026-07-24
MX-9201,42.1,35.0,2026-07-24 07:40:00,1,ACME PRECISION,CNT-99100,Turbo Housing Shell,Injection Molding,active,99100,5200,900,10,2026-07-24 08:40:00,2026-07-24
MX-9201,47.0,35.0,2026-07-24 08:00:00,1,ACME PRECISION,CNT-99100,Turbo Housing Shell,Injection Molding,active,99100,5200,900,10,2026-07-24 09:00:00,2026-07-24
MX-9201,49.2,35.0,2026-07-24 08:20:00,1,ACME PRECISION,CNT-99100,Turbo Housing Shell,Injection Molding,active,99100,5200,900,10,2026-07-24 09:20:00,2026-07-24
MX-9201,37.9,35.0,2026-07-24 08:40:00,1,ACME PRECISION,CNT-99100,Turbo Housing Shell,Injection Molding,active,99100,5200,900,10,2026-07-24 09:40:00,2026-07-24
MX-9201,47.7,35.0,2026-07-24 09:00:00,1,ACME PRECISION,CNT-99100,Turbo Housing Shell,Injection Molding,active,99100,5200,900,10,2026-07-24 10:00:00,2026-07-24
MX-9201,47.5,35.0,2026-07-24 09:20:00,1,ACME PRECISION,CNT-99100,Turbo Housing Shell,Injection Molding,active,99100,5200,900,10,2026-07-24 10:20:00,2026-07-24
MX-9201,42.9,35.0,2026-07-24 09:40:00,1,ACME PRECISION,CNT-99100,Turbo Housing Shell,Injection Molding,active,99100,5200,900,10,2026-07-24 10:40:00,2026-07-24
MX-9201,42.2,35.0,2026-07-24 10:00:00,1,ACME PRECISION,CNT-99100,Turbo Housing Shell,Injection Molding,active,99100,5200,900,10,2026-07-24 11:00:00,2026-07-24
MX-9201,47.9,35.0,2026-07-24 10:20:00,1,ACME PRECISION,CNT-99100,Turbo Housing Shell,Injection Molding,active,99100,5200,900,10,2026-07-24 11:20:00,2026-07-24
MX-9201,46.2,35.0,2026-07-24 10:40:00,1,ACME PRECISION,CNT-99100,Turbo Housing Shell,Injection Molding,active,99100,5200,900,10,2026-07-24 11:40:00,2026-07-24
MX-9201,46.0,35.0,2026-07-24 11:00:00,1,ACME PRECISION,CNT-99100,Turbo Housing Shell,Injection Molding,active,99100,5200,900,10,2026-07-24 12:00:00,2026-07-24
MX-9201,39.6,35.0,2026-07-24 11:20:00,1,ACME PRECISION,CNT-99100,Turbo Housing Shell,Injection Molding,active,99100,5200,900,10,2026-07-24 12:20:00,2026-07-24
MX-9201,34.0,35.0,2026-07-24 11:40:00,1,ACME PRECISION,CNT-99100,Turbo Housing Shell,Injection Molding,active,99100,5200,900,10,2026-07-24 12:40:00,2026-07-24
MX-9201,43.2,35.0,2026-07-24 12:00:00,1,ACME PRECISION,CNT-99100,Turbo Housing Shell,Injection Molding,active,99100,5200,900,10,2026-07-24 13:00:00,2026-07-24
MX-9201,42.2,35.0,2026-07-24 12:20:00,1,ACME PRECISION,CNT-99100,Turbo Housing Shell,Injection Molding,active,99100,5200,900,10,2026-07-24 13:20:00,2026-07-24
MX-9201,46.4,35.0,2026-07-24 12:40:00,1,ACME PRECISION,CNT-99100,Turbo Housing Shell,Injection Molding,active,99100,5200,900,10,2026-07-24 13:40:00,2026-07-24
MX-9201,39.4,35.0,2026-07-24 13:00:00,1,ACME PRECISION,CNT-99100,Turbo Housing Shell,Injection Molding,active,99100,5200,900,10,2026-07-24 14:00:00,2026-07-24
MX-9201,47.4,35.0,2026-07-24 13:20:00,1,ACME PRECISION,CNT-99100,Turbo Housing Shell,Injection Molding,active,99100,5200,900,10,2026-07-24 14:20:00,2026-07-24
MX-9201,46.1,35.0,2026-07-24 13:40:00,1,ACME PRECISION,CNT-99100,Turbo Housing Shell,Injection Molding,active,99100,5200,900,10,2026-07-24 14:40:00,2026-07-24
MX-9201,39.5,35.0,2026-07-24 14:00:00,1,ACME PRECISION,CNT-99100,Turbo Housing Shell,Injection Molding,active,99100,5200,900,10,2026-07-24 15:00:00,2026-07-24
MX-9201,49.1,35.0,2026-07-24 14:20:00,1,ACME PRECISION,CNT-99100,Turbo Housing Shell,Injection Molding,active,99100,5200,900,10,2026-07-24 15:20:00,2026-07-24
MX-9201,41.8,35.0,2026-07-24 14:40:00,1,ACME PRECISION,CNT-99100,Turbo Housing Shell,Injection Molding,active,99100,5200,900,10,2026-07-24 15:40:00,2026-07-24
MX-9201,39.8,35.0,2026-07-24 15:00:00,1,ACME PRECISION,CNT-99100,Turbo Housing Shell,Injection Molding,active,99100,5200,900,10,2026-07-24 16:00:00,2026-07-24
MX-9201,45.2,35.0,2026-07-24 15:20:00,1,ACME PRECISION,CNT-99100,Turbo Housing Shell,Injection Molding,active,99100,5200,900,10,2026-07-24 16:20:00,2026-07-24
MX-9201,43.7,35.0,2026-07-24 15:40:00,1,ACME PRECISION,CNT-99100,Turbo Housing Shell,Injection Molding,active,99100,5200,900,10,2026-07-24 16:40:00,2026-07-24
MX-9201,38.6,35.0,2026-07-24 16:00:00,1,ACME PRECISION,CNT-99100,Turbo Housing Shell,Injection Molding,active,99100,5200,900,10,2026-07-24 17:00:00,2026-07-24
MX-9201,47.3,35.0,2026-07-24 16:20:00,1,ACME PRECISION,CNT-99100,Turbo Housing Shell,Injection Molding,active,99100,5200,900,10,2026-07-24 17:20:00,2026-07-24
MX-9201,43.7,35.0,2026-07-24 16:40:00,1,ACME PRECISION,CNT-99100,Turbo Housing Shell,Injection Molding,active,99100,5200,900,10,2026-07-24 17:40:00,2026-07-24
MX-9201,39.4,35.0,2026-07-24 17:00:00,1,ACME PRECISION,CNT-99100,Turbo Housing Shell,Injection Molding,active,99100,5200,900,10,2026-07-24 18:00:00,2026-07-24
MX-9201,33.8,35.0,2026-07-24 17:20:00,1,ACME PRECISION,CNT-99100,Turbo Housing Shell,Injection Molding,active,99100,5200,900,10,2026-07-24 18:20:00,2026-07-24
MX-9201,46.2,35.0,2026-07-24 17:40:00,1,ACME PRECISION,CNT-99100,Turbo Housing Shell,Injection Molding,active,99100,5200,900,10,2026-07-24 18:40:00,2026-07-24
MX-9201,44.3,35.0,2026-07-24 18:00:00,1,ACME PRECISION,CNT-99100,Turbo Housing Shell,Injection Molding,active,99100,5200,900,10,2026-07-24 19:00:00,2026-07-24
MX-9201,44.4,35.0,2026-07-24 18:20:00,1,ACME PRECISION,CNT-99100,Turbo Housing Shell,Injection Molding,active,99100,5200,900,10,2026-07-24 19:20:00,2026-07-24
MX-9201,51.6,35.0,2026-07-24 18:40:00,1,ACME PRECISION,CNT-99100,Turbo Housing Shell,Injection Molding,active,99100,5200,900,10,2026-07-24 19:40:00,2026-07-24
MX-9201,29.6,35.0,2026-07-24 19:00:00,1,ACME PRECISION,CNT-99100,Turbo Housing Shell,Injection Molding,active,99100,5200,900,10,2026-07-24 20:00:00,2026-07-24
MX-9201,51.0,35.0,2026-07-24 19:20:00,1,ACME PRECISION,CNT-99100,Turbo Housing Shell,Injection Molding,active,99100,5200,900,10,2026-07-24 20:20:00,2026-07-24
MX-9201,51.5,35.0,2026-07-24 19:40:00,1,ACME PRECISION,CNT-99100,Turbo Housing Shell,Injection Molding,active,99100,5200,900,10,2026-07-24 20:40:00,2026-07-24
MX-9201,38.2,35.0,2026-07-24 20:00:00,1,ACME PRECISION,CNT-99100,Turbo Housing Shell,Injection Molding,active,99100,5200,900,10,2026-07-24 21:00:00,2026-07-24
MX-9201,49.5,35.0,2026-07-24 20:20:00,1,ACME PRECISION,CNT-99100,Turbo Housing Shell,Injection Molding,active,99100,5200,900,10,2026-07-24 21:20:00,2026-07-24
MX-9201,39.1,35.0,2026-07-24 20:40:00,1,ACME PRECISION,CNT-99100,Turbo Housing Shell,Injection Molding,active,99100,5200,900,10,2026-07-24 21:40:00,2026-07-24
MX-9201,37.8,35.0,2026-07-24 21:00:00,1,ACME PRECISION,CNT-99100,Turbo Housing Shell,Injection Molding,active,99100,5200,900,10,2026-07-24 22:00:00,2026-07-24
MX-9201,43.2,35.0,2026-07-24 21:20:00,1,ACME PRECISION,CNT-99100,Turbo Housing Shell,Injection Molding,active,99100,5200,900,10,2026-07-24 22:20:00,2026-07-24
MX-9201,54.1,35.0,2026-07-24 21:40:00,1,ACME PRECISION,CNT-99100,Turbo Housing Shell,Injection Molding,active,99100,5200,900,10,2026-07-24 22:40:00,2026-07-24
MX-9201,45.8,35.0,2026-07-24 22:00:00,1,ACME PRECISION,CNT-99100,Turbo Housing Shell,Injection Molding,active,99100,5200,900,10,2026-07-24 23:00:00,2026-07-24
MX-9201,44.0,35.0,2026-07-24 22:20:00,1,ACME PRECISION,CNT-99100,Turbo Housing Shell,Injection Molding,active,99100,5200,900,10,2026-07-24 23:20:00,2026-07-24
MX-9201,48.8,35.0,2026-07-24 22:40:00,1,ACME PRECISION,CNT-99100,Turbo Housing Shell,Injection Molding,active,99100,5200,900,10,2026-07-24 23:40:00,2026-07-24
MX-9201,40.2,35.0,2026-07-24 23:00:00,1,ACME PRECISION,CNT-99100,Turbo Housing Shell,Injection Molding,active,99100,5200,900,10,2026-07-25 00:00:00,2026-07-24
MX-9201,52.3,35.0,2026-07-24 23:20:00,1,ACME PRECISION,CNT-99100,Turbo Housing Shell,Injection Molding,active,99100,5200,900,10,2026-07-25 00:20:00,2026-07-24
MX-9201,52.7,35.0,2026-07-24 23:40:00,1,ACME PRECISION,CNT-99100,Turbo Housing Shell,Injection Molding,active,99100,5200,900,10,2026-07-25 00:40:00,2026-07-24
MX-9201,46.2,35.0,2026-07-25 00:00:00,1,ACME PRECISION,CNT-99100,Turbo Housing Shell,Injection Molding,active,99100,5200,900,10,2026-07-25 01:00:00,2026-07-25
MX-9201,39.3,35.0,2026-07-25 00:20:00,1,ACME PRECISION,CNT-99100,Turbo Housing Shell,Injection Molding,active,99100,5200,900,10,2026-07-25 01:20:00,2026-07-25
MX-9201,49.8,35.0,2026-07-25 00:40:00,1,ACME PRECISION,CNT-99100,Turbo Housing Shell,Injection Molding,active,99100,5200,900,10,2026-07-25 01:40:00,2026-07-25
MX-9201,45.4,35.0,2026-07-25 01:00:00,1,ACME PRECISION,CNT-99100,Turbo Housing Shell,Injection Molding,active,99100,5200,900,10,2026-07-25 02:00:00,2026-07-25
MX-9201,47.4,35.0,2026-07-25 01:20:00,1,ACME PRECISION,CNT-99100,Turbo Housing Shell,Injection Molding,active,99100,5200,900,10,2026-07-25 02:20:00,2026-07-25
MX-9201,50.2,35.0,2026-07-25 01:40:00,1,ACME PRECISION,CNT-99100,Turbo Housing Shell,Injection Molding,active,99100,5200,900,10,2026-07-25 02:40:00,2026-07-25
MX-9201,46.2,35.0,2026-07-25 02:00:00,1,ACME PRECISION,CNT-99100,Turbo Housing Shell,Injection Molding,active,99100,5200,900,10,2026-07-25 03:00:00,2026-07-25
MX-9201,38.6,35.0,2026-07-25 02:20:00,1,ACME PRECISION,CNT-99100,Turbo Housing Shell,Injection Molding,active,99100,5200,900,10,2026-07-25 03:20:00,2026-07-25
MX-9201,52.2,35.0,2026-07-25 02:40:00,1,ACME PRECISION,CNT-99100,Turbo Housing Shell,Injection Molding,active,99100,5200,900,10,2026-07-25 03:40:00,2026-07-25
MX-9201,45.3,35.0,2026-07-25 03:00:00,1,ACME PRECISION,CNT-99100,Turbo Housing Shell,Injection Molding,active,99100,5200,900,10,2026-07-25 04:00:00,2026-07-25
MX-9201,45.6,35.0,2026-07-25 03:20:00,1,ACME PRECISION,CNT-99100,Turbo Housing Shell,Injection Molding,active,99100,5200,900,10,2026-07-25 04:20:00,2026-07-25
MX-9201,47.2,35.0,2026-07-25 03:40:00,1,ACME PRECISION,CNT-99100,Turbo Housing Shell,Injection Molding,active,99100,5200,900,10,2026-07-25 04:40:00,2026-07-25
MX-9201,45.5,35.0,2026-07-25 04:00:00,1,ACME PRECISION,CNT-99100,Turbo Housing Shell,Injection Molding,active,99100,5200,900,10,2026-07-25 05:00:00,2026-07-25
MX-9201,48.0,35.0,2026-07-25 04:20:00,1,ACME PRECISION,CNT-99100,Turbo Housing Shell,Injection Molding,active,99100,5200,900,10,2026-07-25 05:20:00,2026-07-25
MX-9201,44.9,35.0,2026-07-25 04:40:00,1,ACME PRECISION,CNT-99100,Turbo Housing Shell,Injection Molding,active,99100,5200,900,10,2026-07-25 05:40:00,2026-07-25
MX-9201,42.7,35.0,2026-07-25 05:00:00,1,ACME PRECISION,CNT-99100,Turbo Housing Shell,Injection Molding,active,99100,5200,900,10,2026-07-25 06:00:00,2026-07-25
MX-9201,40.6,35.0,2026-07-25 05:20:00,1,ACME PRECISION,CNT-99100,Turbo Housing Shell,Injection Molding,active,99100,5200,900,10,2026-07-25 06:20:00,2026-07-25
MX-9201,40.8,35.0,2026-07-25 05:40:00,1,ACME PRECISION,CNT-99100,Turbo Housing Shell,Injection Molding,active,99100,5200,900,10,2026-07-25 06:40:00,2026-07-25
MX-9201,42.1,35.0,2026-07-25 06:00:00,1,ACME PRECISION,CNT-99100,Turbo Housing Shell,Injection Molding,active,99100,5200,900,10,2026-07-25 07:00:00,2026-07-25
MX-9201,49.4,35.0,2026-07-25 06:20:00,1,ACME PRECISION,CNT-99100,Turbo Housing Shell,Injection Molding,active,99100,5200,900,10,2026-07-25 07:20:00,2026-07-25
MX-9201,41.8,35.0,2026-07-25 06:40:00,1,ACME PRECISION,CNT-99100,Turbo Housing Shell,Injection Molding,active,99100,5200,900,10,2026-07-25 07:40:00,2026-07-25
MX-9201,43.1,35.0,2026-07-25 07:00:00,1,ACME PRECISION,CNT-99100,Turbo Housing Shell,Injection Molding,active,99100,5200,900,10,2026-07-25 08:00:00,2026-07-25
MX-9201,43.2,35.0,2026-07-25 07:20:00,1,ACME PRECISION,CNT-99100,Turbo Housing Shell,Injection Molding,active,99100,5200,900,10,2026-07-25 08:20:00,2026-07-25
MX-9201,46.8,35.0,2026-07-25 07:40:00,1,ACME PRECISION,CNT-99100,Turbo Housing Shell,Injection Molding,active,99100,5200,900,10,2026-07-25 08:40:00,2026-07-25
MX-9201,47.4,35.0,2026-07-25 08:00:00,1,ACME PRECISION,CNT-99100,Turbo Housing Shell,Injection Molding,active,99100,5200,900,10,2026-07-25 09:00:00,2026-07-25
MX-9201,55.0,35.0,2026-07-25 08:20:00,1,ACME PRECISION,CNT-99100,Turbo Housing Shell,Injection Molding,active,99100,5200,900,10,2026-07-25 09:20:00,2026-07-25
MX-9201,35.8,35.0,2026-07-25 08:40:00,1,ACME PRECISION,CNT-99100,Turbo Housing Shell,Injection Molding,active,99100,5200,900,10,2026-07-25 09:40:00,2026-07-25
MX-9201,42.5,35.0,2026-07-25 09:00:00,1,ACME PRECISION,CNT-99100,Turbo Housing Shell,Injection Molding,active,99100,5200,900,10,2026-07-25 10:00:00,2026-07-25
MX-9201,47.0,35.0,2026-07-25 09:20:00,1,ACME PRECISION,CNT-99100,Turbo Housing Shell,Injection Molding,active,99100,5200,900,10,2026-07-25 10:20:00,2026-07-25
MX-9201,34.2,35.0,2026-07-25 09:40:00,1,ACME PRECISION,CNT-99100,Turbo Housing Shell,Injection Molding,active,99100,5200,900,10,2026-07-25 10:40:00,2026-07-25
MX-9201,53.7,35.0,2026-07-25 10:00:00,1,ACME PRECISION,CNT-99100,Turbo Housing Shell,Injection Molding,active,99100,5200,900,10,2026-07-25 11:00:00,2026-07-25
MX-9201,43.1,35.0,2026-07-25 10:20:00,1,ACME PRECISION,CNT-99100,Turbo Housing Shell,Injection Molding,active,99100,5200,900,10,2026-07-25 11:20:00,2026-07-25
MX-9201,39.2,35.0,2026-07-25 10:40:00,1,ACME PRECISION,CNT-99100,Turbo Housing Shell,Injection Molding,active,99100,5200,900,10,2026-07-25 11:40:00,2026-07-25
MX-9201,49.3,35.0,2026-07-25 11:00:00,1,ACME PRECISION,CNT-99100,Turbo Housing Shell,Injection Molding,active,99100,5200,900,10,2026-07-25 12:00:00,2026-07-25
MX-9201,31.2,35.0,2026-07-25 11:20:00,1,ACME PRECISION,CNT-99100,Turbo Housing Shell,Injection Molding,active,99100,5200,900,10,2026-07-25 12:20:00,2026-07-25
MX-9201,45.0,35.0,2026-07-25 11:40:00,1,ACME PRECISION,CNT-99100,Turbo Housing Shell,Injection Molding,active,99100,5200,900,10,2026-07-25 12:40:00,2026-07-25
MX-9201,38.1,35.0,2026-07-25 12:00:00,1,ACME PRECISION,CNT-99100,Turbo Housing Shell,Injection Molding,active,99100,5200,900,10,2026-07-25 13:00:00,2026-07-25
MX-9201,43.7,35.0,2026-07-25 12:20:00,1,ACME PRECISION,CNT-99100,Turbo Housing Shell,Injection Molding,active,99100,5200,900,10,2026-07-25 13:20:00,2026-07-25
MX-9201,45.9,35.0,2026-07-25 12:40:00,1,ACME PRECISION,CNT-99100,Turbo Housing Shell,Injection Molding,active,99100,5200,900,10,2026-07-25 13:40:00,2026-07-25
MX-9201,48.3,35.0,2026-07-25 13:00:00,1,ACME PRECISION,CNT-99100,Turbo Housing Shell,Injection Molding,active,99100,5200,900,10,2026-07-25 14:00:00,2026-07-25
MX-9201,46.1,35.0,2026-07-25 13:20:00,1,ACME PRECISION,CNT-99100,Turbo Housing Shell,Injection Molding,active,99100,5200,900,10,2026-07-25 14:20:00,2026-07-25
MX-9201,55.6,35.0,2026-07-25 13:40:00,1,ACME PRECISION,CNT-99100,Turbo Housing Shell,Injection Molding,active,99100,5200,900,10,2026-07-25 14:40:00,2026-07-25
MX-9201,44.1,35.0,2026-07-25 14:00:00,1,ACME PRECISION,CNT-99100,Turbo Housing Shell,Injection Molding,active,99100,5200,900,10,2026-07-25 15:00:00,2026-07-25
MX-9201,41.8,35.0,2026-07-25 14:20:00,1,ACME PRECISION,CNT-99100,Turbo Housing Shell,Injection Molding,active,99100,5200,900,10,2026-07-25 15:20:00,2026-07-25
MX-9201,50.7,35.0,2026-07-25 14:40:00,1,ACME PRECISION,CNT-99100,Turbo Housing Shell,Injection Molding,active,99100,5200,900,10,2026-07-25 15:40:00,2026-07-25
MX-9201,43.4,35.0,2026-07-25 15:00:00,1,ACME PRECISION,CNT-99100,Turbo Housing Shell,Injection Molding,active,99100,5200,900,10,2026-07-25 16:00:00,2026-07-25
MX-9201,46.1,35.0,2026-07-25 15:20:00,1,ACME PRECISION,CNT-99100,Turbo Housing Shell,Injection Molding,active,99100,5200,900,10,2026-07-25 16:20:00,2026-07-25
MX-9201,21.4,35.0,2026-07-25 15:40:00,1,ACME PRECISION,CNT-99100,Turbo Housing Shell,Injection Molding,active,99100,5200,900,10,2026-07-25 16:40:00,2026-07-25
MX-9201,46.3,35.0,2026-07-25 16:00:00,1,ACME PRECISION,CNT-99100,Turbo Housing Shell,Injection Molding,active,99100,5200,900,10,2026-07-25 17:00:00,2026-07-25
MX-9201,43.3,35.0,2026-07-25 16:20:00,1,ACME PRECISION,CNT-99100,Turbo Housing Shell,Injection Molding,active,99100,5200,900,10,2026-07-25 17:20:00,2026-07-25
MX-9201,41.3,35.0,2026-07-25 16:40:00,1,ACME PRECISION,CNT-99100,Turbo Housing Shell,Injection Molding,active,99100,5200,900,10,2026-07-25 17:40:00,2026-07-25
MX-9201,40.0,35.0,2026-07-25 17:00:00,1,ACME PRECISION,CNT-99100,Turbo Housing Shell,Injection Molding,active,99100,5200,900,10,2026-07-25 18:00:00,2026-07-25
MX-9201,48.9,35.0,2026-07-25 17:20:00,1,ACME PRECISION,CNT-99100,Turbo Housing Shell,Injection Molding,active,99100,5200,900,10,2026-07-25 18:20:00,2026-07-25
MX-9201,32.1,35.0,2026-07-25 17:40:00,1,ACME PRECISION,CNT-99100,Turbo Housing Shell,Injection Molding,active,99100,5200,900,10,2026-07-25 18:40:00,2026-07-25
MX-9201,61.7,35.0,2026-07-25 18:00:00,1,ACME PRECISION,CNT-99100,Turbo Housing Shell,Injection Molding,active,99100,5200,900,10,2026-07-25 19:00:00,2026-07-25
MX-9201,50.3,35.0,2026-07-25 18:20:00,1,ACME PRECISION,CNT-99100,Turbo Housing Shell,Injection Molding,active,99100,5200,900,10,2026-07-25 19:20:00,2026-07-25
MX-9201,45.9,35.0,2026-07-25 18:40:00,1,ACME PRECISION,CNT-99100,Turbo Housing Shell,Injection Molding,active,99100,5200,900,10,2026-07-25 19:40:00,2026-07-25
MX-9201,54.6,35.0,2026-07-25 19:00:00,1,ACME PRECISION,CNT-99100,Turbo Housing Shell,Injection Molding,active,99100,5200,900,10,2026-07-25 20:00:00,2026-07-25
MX-9201,45.3,35.0,2026-07-25 19:20:00,1,ACME PRECISION,CNT-99100,Turbo Housing Shell,Injection Molding,active,99100,5200,900,10,2026-07-25 20:20:00,2026-07-25
MX-9201,38.7,35.0,2026-07-25 19:40:00,1,ACME PRECISION,CNT-99100,Turbo Housing Shell,Injection Molding,active,99100,5200,900,10,2026-07-25 20:40:00,2026-07-25
MX-9201,49.6,35.0,2026-07-25 20:00:00,1,ACME PRECISION,CNT-99100,Turbo Housing Shell,Injection Molding,active,99100,5200,900,10,2026-07-25 21:00:00,2026-07-25
MX-9201,34.4,35.0,2026-07-25 20:20:00,1,ACME PRECISION,CNT-99100,Turbo Housing Shell,Injection Molding,active,99100,5200,900,10,2026-07-25 21:20:00,2026-07-25
MX-9201,47.2,35.0,2026-07-25 20:40:00,1,ACME PRECISION,CNT-99100,Turbo Housing Shell,Injection Molding,active,99100,5200,900,10,2026-07-25 21:40:00,2026-07-25
MX-9201,50.6,35.0,2026-07-25 21:00:00,1,ACME PRECISION,CNT-99100,Turbo Housing Shell,Injection Molding,active,99100,5200,900,10,2026-07-25 22:00:00,2026-07-25
MX-9201,46.8,35.0,2026-07-25 21:20:00,1,ACME PRECISION,CNT-99100,Turbo Housing Shell,Injection Molding,active,99100,5200,900,10,2026-07-25 22:20:00,2026-07-25
MX-9201,35.5,35.0,2026-07-25 21:40:00,1,ACME PRECISION,CNT-99100,Turbo Housing Shell,Injection Molding,active,99100,5200,900,10,2026-07-25 22:40:00,2026-07-25
MX-9201,44.9,35.0,2026-07-25 22:00:00,1,ACME PRECISION,CNT-99100,Turbo Housing Shell,Injection Molding,active,99100,5200,900,10,2026-07-25 23:00:00,2026-07-25
MX-9201,43.0,35.0,2026-07-25 22:20:00,1,ACME PRECISION,CNT-99100,Turbo Housing Shell,Injection Molding,active,99100,5200,900,10,2026-07-25 23:20:00,2026-07-25
MX-9201,39.5,35.0,2026-07-25 22:40:00,1,ACME PRECISION,CNT-99100,Turbo Housing Shell,Injection Molding,active,99100,5200,900,10,2026-07-25 23:40:00,2026-07-25
MX-9201,30.6,35.0,2026-07-25 23:00:00,1,ACME PRECISION,CNT-99100,Turbo Housing Shell,Injection Molding,active,99100,5200,900,10,2026-07-26 00:00:00,2026-07-25
MX-9201,37.0,35.0,2026-07-25 23:20:00,1,ACME PRECISION,CNT-99100,Turbo Housing Shell,Injection Molding,active,99100,5200,900,10,2026-07-26 00:20:00,2026-07-25
MX-9201,40.9,35.0,2026-07-25 23:40:00,1,ACME PRECISION,CNT-99100,Turbo Housing Shell,Injection Molding,active,99100,5200,900,10,2026-07-26 00:40:00,2026-07-25
MX-9201,50.2,35.0,2026-07-26 00:00:00,1,ACME PRECISION,CNT-99100,Turbo Housing Shell,Injection Molding,active,99100,5200,900,10,2026-07-26 01:00:00,2026-07-26
MX-9201,59.4,35.0,2026-07-26 00:20:00,1,ACME PRECISION,CNT-99100,Turbo Housing Shell,Injection Molding,active,99100,5200,900,10,2026-07-26 01:20:00,2026-07-26
MX-9201,48.6,35.0,2026-07-26 00:40:00,1,ACME PRECISION,CNT-99100,Turbo Housing Shell,Injection Molding,active,99100,5200,900,10,2026-07-26 01:40:00,2026-07-26
MX-9201,39.3,35.0,2026-07-26 01:00:00,1,ACME PRECISION,CNT-99100,Turbo Housing Shell,Injection Molding,active,99100,5200,900,10,2026-07-26 02:00:00,2026-07-26
MX-9201,41.4,35.0,2026-07-26 01:20:00,1,ACME PRECISION,CNT-99100,Turbo Housing Shell,Injection Molding,active,99100,5200,900,10,2026-07-26 02:20:00,2026-07-26
MX-9201,49.9,35.0,2026-07-26 01:40:00,1,ACME PRECISION,CNT-99100,Turbo Housing Shell,Injection Molding,active,99100,5200,900,10,2026-07-26 02:40:00,2026-07-26
MX-9201,47.2,35.0,2026-07-26 02:00:00,1,ACME PRECISION,CNT-99100,Turbo Housing Shell,Injection Molding,active,99100,5200,900,10,2026-07-26 03:00:00,2026-07-26
MX-9201,46.0,35.0,2026-07-26 02:20:00,1,ACME PRECISION,CNT-99100,Turbo Housing Shell,Injection Molding,active,99100,5200,900,10,2026-07-26 03:20:00,2026-07-26
MX-9201,45.1,35.0,2026-07-26 02:40:00,1,ACME PRECISION,CNT-99100,Turbo Housing Shell,Injection Molding,active,99100,5200,900,10,2026-07-26 03:40:00,2026-07-26
MX-9201,50.6,35.0,2026-07-26 03:00:00,1,ACME PRECISION,CNT-99100,Turbo Housing Shell,Injection Molding,active,99100,5200,900,10,2026-07-26 04:00:00,2026-07-26
MX-9201,56.5,35.0,2026-07-26 03:20:00,1,ACME PRECISION,CNT-99100,Turbo Housing Shell,Injection Molding,active,99100,5200,900,10,2026-07-26 04:20:00,2026-07-26
MX-9201,43.8,35.0,2026-07-26 03:40:00,1,ACME PRECISION,CNT-99100,Turbo Housing Shell,Injection Molding,active,99100,5200,900,10,2026-07-26 04:40:00,2026-07-26
MX-9201,44.7,35.0,2026-07-26 04:00:00,1,ACME PRECISION,CNT-99100,Turbo Housing Shell,Injection Molding,active,99100,5200,900,10,2026-07-26 05:00:00,2026-07-26
MX-9201,46.6,35.0,2026-07-26 04:20:00,1,ACME PRECISION,CNT-99100,Turbo Housing Shell,Injection Molding,active,99100,5200,900,10,2026-07-26 05:20:00,2026-07-26
MX-9201,41.1,35.0,2026-07-26 04:40:00,1,ACME PRECISION,CNT-99100,Turbo Housing Shell,Injection Molding,active,99100,5200,900,10,2026-07-26 05:40:00,2026-07-26
MX-9201,31.3,35.0,2026-07-26 05:00:00,1,ACME PRECISION,CNT-99100,Turbo Housing Shell,Injection Molding,active,99100,5200,900,10,2026-07-26 06:00:00,2026-07-26
MX-9201,46.6,35.0,2026-07-26 05:20:00,1,ACME PRECISION,CNT-99100,Turbo Housing Shell,Injection Molding,active,99100,5200,900,10,2026-07-26 06:20:00,2026-07-26
MX-9201,39.6,35.0,2026-07-26 05:40:00,1,ACME PRECISION,CNT-99100,Turbo Housing Shell,Injection Molding,active,99100,5200,900,10,2026-07-26 06:40:00,2026-07-26
MX-9201,51.2,35.0,2026-07-26 06:00:00,1,ACME PRECISION,CNT-99100,Turbo Housing Shell,Injection Molding,active,99100,5200,900,10,2026-07-26 07:00:00,2026-07-26
MX-9201,44.8,35.0,2026-07-26 06:20:00,1,ACME PRECISION,CNT-99100,Turbo Housing Shell,Injection Molding,active,99100,5200,900,10,2026-07-26 07:20:00,2026-07-26
MX-9201,52.3,35.0,2026-07-26 06:40:00,1,ACME PRECISION,CNT-99100,Turbo Housing Shell,Injection Molding,active,99100,5200,900,10,2026-07-26 07:40:00,2026-07-26
MX-9201,38.9,35.0,2026-07-26 07:00:00,1,ACME PRECISION,CNT-99100,Turbo Housing Shell,Injection Molding,active,99100,5200,900,10,2026-07-26 08:00:00,2026-07-26
MX-9201,50.2,35.0,2026-07-26 07:20:00,1,ACME PRECISION,CNT-99100,Turbo Housing Shell,Injection Molding,active,99100,5200,900,10,2026-07-26 08:20:00,2026-07-26
MX-9201,34.5,35.0,2026-07-26 07:40:00,1,ACME PRECISION,CNT-99100,Turbo Housing Shell,Injection Molding,active,99100,5200,900,10,2026-07-26 08:40:00,2026-07-26
MX-9201,49.1,35.0,2026-07-26 08:00:00,1,ACME PRECISION,CNT-99100,Turbo Housing Shell,Injection Molding,active,99100,5200,900,10,2026-07-26 09:00:00,2026-07-26
MX-9201,42.4,35.0,2026-07-26 08:20:00,1,ACME PRECISION,CNT-99100,Turbo Housing Shell,Injection Molding,active,99100,5200,900,10,2026-07-26 09:20:00,2026-07-26
MX-9201,49.1,35.0,2026-07-26 08:40:00,1,ACME PRECISION,CNT-99100,Turbo Housing Shell,Injection Molding,active,99100,5200,900,10,2026-07-26 09:40:00,2026-07-26
MX-9201,41.7,35.0,2026-07-26 09:00:00,1,ACME PRECISION,CNT-99100,Turbo Housing Shell,Injection Molding,active,99100,5200,900,10,2026-07-26 10:00:00,2026-07-26
MX-9201,47.6,35.0,2026-07-26 09:20:00,1,ACME PRECISION,CNT-99100,Turbo Housing Shell,Injection Molding,active,99100,5200,900,10,2026-07-26 10:20:00,2026-07-26
MX-9201,46.6,35.0,2026-07-26 09:40:00,1,ACME PRECISION,CNT-99100,Turbo Housing Shell,Injection Molding,active,99100,5200,900,10,2026-07-26 10:40:00,2026-07-26
MX-9201,45.9,35.0,2026-07-26 10:00:00,1,ACME PRECISION,CNT-99100,Turbo Housing Shell,Injection Molding,active,99100,5200,900,10,2026-07-26 11:00:00,2026-07-26
MX-9201,46.3,35.0,2026-07-26 10:20:00,1,ACME PRECISION,CNT-99100,Turbo Housing Shell,Injection Molding,active,99100,5200,900,10,2026-07-26 11:20:00,2026-07-26
MX-9201,53.3,35.0,2026-07-26 10:40:00,1,ACME PRECISION,CNT-99100,Turbo Housing Shell,Injection Molding,active,99100,5200,900,10,2026-07-26 11:40:00,2026-07-26
MX-9201,40.6,35.0,2026-07-26 11:00:00,1,ACME PRECISION,CNT-99100,Turbo Housing Shell,Injection Molding,active,99100,5200,900,10,2026-07-26 12:00:00,2026-07-26
MX-9201,51.7,35.0,2026-07-26 11:20:00,1,ACME PRECISION,CNT-99100,Turbo Housing Shell,Injection Molding,active,99100,5200,900,10,2026-07-26 12:20:00,2026-07-26
MX-9201,41.7,35.0,2026-07-26 11:40:00,1,ACME PRECISION,CNT-99100,Turbo Housing Shell,Injection Molding,active,99100,5200,900,10,2026-07-26 12:40:00,2026-07-26
MX-9201,50.6,35.0,2026-07-26 12:00:00,1,ACME PRECISION,CNT-99100,Turbo Housing Shell,Injection Molding,active,99100,5200,900,10,2026-07-26 13:00:00,2026-07-26
MX-9201,57.1,35.0,2026-07-26 12:20:00,1,ACME PRECISION,CNT-99100,Turbo Housing Shell,Injection Molding,active,99100,5200,900,10,2026-07-26 13:20:00,2026-07-26
MX-9201,39.2,35.0,2026-07-26 12:40:00,1,ACME PRECISION,CNT-99100,Turbo Housing Shell,Injection Molding,active,99100,5200,900,10,2026-07-26 13:40:00,2026-07-26
MX-9201,31.5,35.0,2026-07-26 13:00:00,1,ACME PRECISION,CNT-99100,Turbo Housing Shell,Injection Molding,active,99100,5200,900,10,2026-07-26 14:00:00,2026-07-26
MX-9201,44.7,35.0,2026-07-26 13:20:00,1,ACME PRECISION,CNT-99100,Turbo Housing Shell,Injection Molding,active,99100,5200,900,10,2026-07-26 14:20:00,2026-07-26
MX-9201,39.8,35.0,2026-07-26 13:40:00,1,ACME PRECISION,CNT-99100,Turbo Housing Shell,Injection Molding,active,99100,5200,900,10,2026-07-26 14:40:00,2026-07-26
MX-9201,40.8,35.0,2026-07-26 14:00:00,1,ACME PRECISION,CNT-99100,Turbo Housing Shell,Injection Molding,active,99100,5200,900,10,2026-07-26 15:00:00,2026-07-26
MX-9201,41.9,35.0,2026-07-26 14:20:00,1,ACME PRECISION,CNT-99100,Turbo Housing Shell,Injection Molding,active,99100,5200,900,10,2026-07-26 15:20:00,2026-07-26
MX-9201,40.7,35.0,2026-07-26 14:40:00,1,ACME PRECISION,CNT-99100,Turbo Housing Shell,Injection Molding,active,99100,5200,900,10,2026-07-26 15:40:00,2026-07-26
MX-9201,51.9,35.0,2026-07-26 15:00:00,1,ACME PRECISION,CNT-99100,Turbo Housing Shell,Injection Molding,active,99100,5200,900,10,2026-07-26 16:00:00,2026-07-26
MX-9201,50.2,35.0,2026-07-26 15:20:00,1,ACME PRECISION,CNT-99100,Turbo Housing Shell,Injection Molding,active,99100,5200,900,10,2026-07-26 16:20:00,2026-07-26
MX-9201,50.3,35.0,2026-07-26 15:40:00,1,ACME PRECISION,CNT-99100,Turbo Housing Shell,Injection Molding,active,99100,5200,900,10,2026-07-26 16:40:00,2026-07-26
MX-9201,56.9,35.0,2026-07-26 16:00:00,1,ACME PRECISION,CNT-99100,Turbo Housing Shell,Injection Molding,active,99100,5200,900,10,2026-07-26 17:00:00,2026-07-26
MX-9201,39.4,35.0,2026-07-26 16:20:00,1,ACME PRECISION,CNT-99100,Turbo Housing Shell,Injection Molding,active,99100,5200,900,10,2026-07-26 17:20:00,2026-07-26
MX-9201,29.5,35.0,2026-07-26 16:40:00,1,ACME PRECISION,CNT-99100,Turbo Housing Shell,Injection Molding,active,99100,5200,900,10,2026-07-26 17:40:00,2026-07-26
MX-9201,55.3,35.0,2026-07-26 17:00:00,1,ACME PRECISION,CNT-99100,Turbo Housing Shell,Injection Molding,active,99100,5200,900,10,2026-07-26 18:00:00,2026-07-26
MX-9201,45.2,35.0,2026-07-26 17:20:00,1,ACME PRECISION,CNT-99100,Turbo Housing Shell,Injection Molding,active,99100,5200,900,10,2026-07-26 18:20:00,2026-07-26
MX-9201,43.4,35.0,2026-07-26 17:40:00,1,ACME PRECISION,CNT-99100,Turbo Housing Shell,Injection Molding,active,99100,5200,900,10,2026-07-26 18:40:00,2026-07-26
MX-9201,33.5,35.0,2026-07-26 18:00:00,1,ACME PRECISION,CNT-99100,Turbo Housing Shell,Injection Molding,active,99100,5200,900,10,2026-07-26 19:00:00,2026-07-26
MX-9201,36.1,35.0,2026-07-26 18:20:00,1,ACME PRECISION,CNT-99100,Turbo Housing Shell,Injection Molding,active,99100,5200,900,10,2026-07-26 19:20:00,2026-07-26
MX-9201,47.7,35.0,2026-07-26 18:40:00,1,ACME PRECISION,CNT-99100,Turbo Housing Shell,Injection Molding,active,99100,5200,900,10,2026-07-26 19:40:00,2026-07-26
MX-9201,42.9,35.0,2026-07-26 19:00:00,1,ACME PRECISION,CNT-99100,Turbo Housing Shell,Injection Molding,active,99100,5200,900,10,2026-07-26 20:00:00,2026-07-26
MX-9201,31.5,35.0,2026-07-26 19:20:00,1,ACME PRECISION,CNT-99100,Turbo Housing Shell,Injection Molding,active,99100,5200,900,10,2026-07-26 20:20:00,2026-07-26
MX-9201,38.4,35.0,2026-07-26 19:40:00,1,ACME PRECISION,CNT-99100,Turbo Housing Shell,Injection Molding,active,99100,5200,900,10,2026-07-26 20:40:00,2026-07-26
MX-9201,49.7,35.0,2026-07-26 20:00:00,1,ACME PRECISION,CNT-99100,Turbo Housing Shell,Injection Molding,active,99100,5200,900,10,2026-07-26 21:00:00,2026-07-26
MX-9201,51.0,35.0,2026-07-26 20:20:00,1,ACME PRECISION,CNT-99100,Turbo Housing Shell,Injection Molding,active,99100,5200,900,10,2026-07-26 21:20:00,2026-07-26
MX-9201,45.0,35.0,2026-07-26 20:40:00,1,ACME PRECISION,CNT-99100,Turbo Housing Shell,Injection Molding,active,99100,5200,900,10,2026-07-26 21:40:00,2026-07-26
MX-9201,59.9,35.0,2026-07-26 21:00:00,1,ACME PRECISION,CNT-99100,Turbo Housing Shell,Injection Molding,active,99100,5200,900,10,2026-07-26 22:00:00,2026-07-26
MX-9201,49.6,35.0,2026-07-26 21:20:00,1,ACME PRECISION,CNT-99100,Turbo Housing Shell,Injection Molding,active,99100,5200,900,10,2026-07-26 22:20:00,2026-07-26
MX-9201,54.0,35.0,2026-07-26 21:40:00,1,ACME PRECISION,CNT-99100,Turbo Housing Shell,Injection Molding,active,99100,5200,900,10,2026-07-26 22:40:00,2026-07-26
MX-9201,51.3,35.0,2026-07-26 22:00:00,1,ACME PRECISION,CNT-99100,Turbo Housing Shell,Injection Molding,active,99100,5200,900,10,2026-07-26 23:00:00,2026-07-26
MX-9201,48.5,35.0,2026-07-26 22:20:00,1,ACME PRECISION,CNT-99100,Turbo Housing Shell,Injection Molding,active,99100,5200,900,10,2026-07-26 23:20:00,2026-07-26
MX-9201,36.1,35.0,2026-07-26 22:40:00,1,ACME PRECISION,CNT-99100,Turbo Housing Shell,Injection Molding,active,99100,5200,900,10,2026-07-26 23:40:00,2026-07-26
MX-9201,34.6,35.0,2026-07-26 23:00:00,1,ACME PRECISION,CNT-99100,Turbo Housing Shell,Injection Molding,active,99100,5200,900,10,2026-07-27 00:00:00,2026-07-26
MX-9201,39.5,35.0,2026-07-26 23:20:00,1,ACME PRECISION,CNT-99100,Turbo Housing Shell,Injection Molding,active,99100,5200,900,10,2026-07-27 00:20:00,2026-07-26
MX-9201,45.2,35.0,2026-07-26 23:40:00,1,ACME PRECISION,CNT-99100,Turbo Housing Shell,Injection Molding,active,99100,5200,900,10,2026-07-27 00:40:00,2026-07-26
MX-9201,43.8,35.0,2026-07-27 00:00:00,1,ACME PRECISION,CNT-99100,Turbo Housing Shell,Injection Molding,active,99100,5200,900,10,2026-07-27 01:00:00,2026-07-27
MX-9201,45.9,35.0,2026-07-27 00:20:00,1,ACME PRECISION,CNT-99100,Turbo Housing Shell,Injection Molding,active,99100,5200,900,10,2026-07-27 01:20:00,2026-07-27
MX-9201,43.6,35.0,2026-07-27 00:40:00,1,ACME PRECISION,CNT-99100,Turbo Housing Shell,Injection Molding,active,99100,5200,900,10,2026-07-27 01:40:00,2026-07-27
MX-9201,46.5,35.0,2026-07-27 01:00:00,1,ACME PRECISION,CNT-99100,Turbo Housing Shell,Injection Molding,active,99100,5200,900,10,2026-07-27 02:00:00,2026-07-27
MX-9201,49.4,35.0,2026-07-27 01:20:00,1,ACME PRECISION,CNT-99100,Turbo Housing Shell,Injection Molding,active,99100,5200,900,10,2026-07-27 02:20:00,2026-07-27
MX-9201,43.8,35.0,2026-07-27 01:40:00,1,ACME PRECISION,CNT-99100,Turbo Housing Shell,Injection Molding,active,99100,5200,900,10,2026-07-27 02:40:00,2026-07-27
MX-9201,42.1,35.0,2026-07-27 02:00:00,1,ACME PRECISION,CNT-99100,Turbo Housing Shell,Injection Molding,active,99100,5200,900,10,2026-07-27 03:00:00,2026-07-27
MX-9201,28.8,35.0,2026-07-27 02:20:00,1,ACME PRECISION,CNT-99100,Turbo Housing Shell,Injection Molding,active,99100,5200,900,10,2026-07-27 03:20:00,2026-07-27
MX-9201,48.7,35.0,2026-07-27 02:40:00,1,ACME PRECISION,CNT-99100,Turbo Housing Shell,Injection Molding,active,99100,5200,900,10,2026-07-27 03:40:00,2026-07-27
MX-9201,39.4,35.0,2026-07-27 03:00:00,1,ACME PRECISION,CNT-99100,Turbo Housing Shell,Injection Molding,active,99100,5200,900,10,2026-07-27 04:00:00,2026-07-27
MX-9201,38.6,35.0,2026-07-27 03:20:00,1,ACME PRECISION,CNT-99100,Turbo Housing Shell,Injection Molding,active,99100,5200,900,10,2026-07-27 04:20:00,2026-07-27
MX-9201,48.7,35.0,2026-07-27 03:40:00,1,ACME PRECISION,CNT-99100,Turbo Housing Shell,Injection Molding,active,99100,5200,900,10,2026-07-27 04:40:00,2026-07-27
MX-9201,49.0,35.0,2026-07-27 04:00:00,1,ACME PRECISION,CNT-99100,Turbo Housing Shell,Injection Molding,active,99100,5200,900,10,2026-07-27 05:00:00,2026-07-27
MX-9201,47.6,35.0,2026-07-27 04:20:00,1,ACME PRECISION,CNT-99100,Turbo Housing Shell,Injection Molding,active,99100,5200,900,10,2026-07-27 05:20:00,2026-07-27
